-- MariaDB dump 10.17  Distrib 10.5.5-MariaDB, for Linux (x86_64)
--
-- Host: localhost    Database: archlinux
-- ------------------------------------------------------
-- Server version	10.5.5-MariaDB

/*!40101 SET @OLD_CHARACTER_SET_CLIENT=@@CHARACTER_SET_CLIENT */;
/*!40101 SET @OLD_CHARACTER_SET_RESULTS=@@CHARACTER_SET_RESULTS */;
/*!40101 SET @OLD_COLLATION_CONNECTION=@@COLLATION_CONNECTION */;
/*!40101 SET NAMES utf8mb4 */;
/*!40103 SET @OLD_TIME_ZONE=@@TIME_ZONE */;
/*!40103 SET TIME_ZONE='+00:00' */;
/*!40014 SET @OLD_UNIQUE_CHECKS=@@UNIQUE_CHECKS, UNIQUE_CHECKS=0 */;
/*!40014 SET @OLD_FOREIGN_KEY_CHECKS=@@FOREIGN_KEY_CHECKS, FOREIGN_KEY_CHECKS=0 */;
/*!40101 SET @OLD_SQL_MODE=@@SQL_MODE, SQL_MODE='NO_AUTO_VALUE_ON_ZERO' */;
/*!40111 SET @OLD_SQL_NOTES=@@SQL_NOTES, SQL_NOTES=0 */;

--
-- Table structure for table `assignment_bugs`
--

DROP TABLE IF EXISTS `assignment_bugs`;
/*!40101 SET @saved_cs_client     = @@character_set_client */;
/*!40101 SET character_set_client = utf8 */;
CREATE TABLE `assignment_bugs` (
  `user_id` int(10) unsigned NOT NULL COMMENT 'Пользователь',
  `bug_id` int(10) unsigned NOT NULL COMMENT 'Баг/пакет',
  `created_at` datetime DEFAULT current_timestamp(),
  PRIMARY KEY (`user_id`,`bug_id`),
  KEY `assignment_bugs_bug_id_fk` (`bug_id`),
  CONSTRAINT `assignment_bugs_bug_id_fk` FOREIGN KEY (`bug_id`) REFERENCES `bugs` (`id`),
  CONSTRAINT `assignment_bugs_user_id_fk` FOREIGN KEY (`user_id`) REFERENCES `wiki_users` (`id`)
) ENGINE=InnoDB DEFAULT CHARSET=utf8mb4 COLLATE=utf8mb4_unicode_ci;
/*!40101 SET character_set_client = @saved_cs_client */;

--
-- Dumping data for table `assignment_bugs`
--

LOCK TABLES `assignment_bugs` WRITE;
/*!40000 ALTER TABLE `assignment_bugs` DISABLE KEYS */;
INSERT INTO `assignment_bugs` VALUES (1,57,'1991-11-24 03:01:27'),(2,68,'1988-08-21 17:57:39'),(2,93,'2007-10-10 05:37:31'),(3,61,'1989-06-06 01:59:14'),(5,92,'1970-09-17 15:23:22'),(5,93,'1991-07-12 19:23:04'),(6,62,'1979-03-08 00:22:22'),(6,70,'2019-12-24 10:28:01'),(7,42,'1980-08-08 15:10:20'),(7,53,'1973-07-17 06:19:06'),(7,80,'2003-07-23 23:08:36'),(8,91,'1994-07-08 13:45:55'),(9,17,'2003-05-04 17:42:32'),(12,11,'2014-05-28 05:34:10'),(14,2,'1989-01-23 08:49:05'),(14,37,'2010-03-06 19:45:37'),(16,1,'1971-10-21 23:34:24'),(17,66,'2011-03-17 13:44:15'),(18,27,'1988-09-23 23:13:51'),(22,30,'1978-12-30 12:59:09'),(23,19,'1980-10-03 06:26:49'),(25,87,'1988-07-17 11:36:36'),(26,39,'2016-03-09 08:24:15'),(27,80,'2002-03-29 22:47:03'),(27,96,'1974-12-23 17:49:13'),(28,19,'2014-08-21 00:13:02'),(28,50,'1991-04-09 17:59:33'),(28,70,'2010-09-29 12:16:12'),(30,45,'2002-05-21 02:34:19'),(31,27,'1989-05-31 07:02:09'),(33,60,'2001-09-10 14:37:22'),(34,98,'1993-11-26 03:01:00'),(35,91,'1980-10-17 05:21:19'),(36,28,'1974-09-28 06:50:18'),(36,94,'2015-08-07 03:25:20'),(37,4,'1996-10-25 12:14:09'),(39,40,'1970-06-02 12:59:35'),(40,43,'1993-09-26 23:39:44'),(40,59,'2014-04-04 03:13:49'),(41,88,'2009-03-01 07:49:30'),(43,33,'2009-12-16 09:42:14'),(44,30,'1976-10-03 23:28:05'),(44,96,'1977-03-10 17:48:23'),(45,11,'1991-08-05 14:04:30'),(46,75,'1991-02-26 17:01:05'),(46,92,'1998-09-19 01:28:54'),(47,5,'2015-09-08 12:55:22'),(47,66,'2008-06-15 22:29:55'),(47,71,'1989-06-03 06:31:00'),(48,11,'1996-12-18 22:15:05'),(49,1,'1989-12-15 07:23:34'),(49,4,'1999-10-22 22:17:17'),(50,31,'1983-05-01 20:56:52'),(50,95,'1991-11-06 06:48:06'),(51,43,'1981-12-14 20:43:12'),(52,43,'2005-10-27 06:01:45'),(53,10,'2005-02-15 19:06:24'),(53,44,'1972-01-13 22:55:24'),(54,63,'1979-09-08 14:09:36'),(57,44,'1998-06-29 15:58:13'),(57,86,'1986-03-16 00:12:29'),(61,32,'1977-07-29 03:45:45'),(62,7,'1971-11-29 23:07:34'),(65,89,'1999-09-05 17:30:16'),(65,100,'1976-05-25 22:13:30'),(66,40,'2002-12-25 21:27:27'),(66,41,'2014-07-09 01:11:29'),(66,66,'1988-02-09 02:02:33'),(67,56,'1977-04-09 19:53:37'),(71,42,'1974-08-02 00:39:06'),(73,37,'1989-02-10 10:37:03'),(74,54,'2019-06-08 05:01:52'),(74,86,'1973-06-12 23:15:05'),(75,80,'2005-06-21 21:10:38'),(76,69,'2003-09-13 08:05:36'),(77,14,'2014-11-11 04:26:01'),(78,26,'2019-11-07 06:18:45'),(79,23,'2012-02-13 20:39:48'),(80,52,'1997-05-09 20:04:51'),(81,43,'2015-12-16 10:31:19'),(83,94,'2003-01-23 22:09:59'),(85,53,'2019-12-09 17:03:03'),(86,46,'2017-04-10 11:08:52'),(86,59,'1982-09-07 06:09:22'),(87,49,'2011-08-06 03:31:26'),(87,61,'1977-12-31 21:28:58'),(88,88,'2001-10-02 21:24:16'),(90,100,'2015-09-04 03:25:22'),(93,55,'2006-02-28 03:15:29'),(94,47,'1996-07-17 23:06:45'),(95,52,'2006-12-21 19:35:57'),(96,35,'1976-03-14 08:14:08'),(96,46,'1983-07-11 16:38:51'),(96,86,'2015-03-15 13:27:44'),(97,20,'1970-04-11 21:44:13'),(97,24,'1991-02-08 15:14:38'),(98,43,'2011-01-07 02:31:02'),(98,82,'1991-11-11 02:16:17'),(100,41,'1971-08-22 23:17:29');
/*!40000 ALTER TABLE `assignment_bugs` ENABLE KEYS */;
UNLOCK TABLES;

--
-- Table structure for table `assignment_packages`
--

DROP TABLE IF EXISTS `assignment_packages`;
/*!40101 SET @saved_cs_client     = @@character_set_client */;
/*!40101 SET character_set_client = utf8 */;
CREATE TABLE `assignment_packages` (
  `user_id` int(10) unsigned NOT NULL COMMENT 'Пользователь',
  `package_id` int(10) unsigned NOT NULL COMMENT 'пакет',
  `created_at` datetime DEFAULT current_timestamp(),
  PRIMARY KEY (`user_id`,`package_id`),
  KEY `assignment_packages_package_id_fk` (`package_id`),
  CONSTRAINT `assignment_packages_package_id_fk` FOREIGN KEY (`package_id`) REFERENCES `packages` (`id`),
  CONSTRAINT `assignment_packages_user_id_fk` FOREIGN KEY (`user_id`) REFERENCES `wiki_users` (`id`)
) ENGINE=InnoDB DEFAULT CHARSET=utf8mb4 COLLATE=utf8mb4_unicode_ci;
/*!40101 SET character_set_client = @saved_cs_client */;

--
-- Dumping data for table `assignment_packages`
--

LOCK TABLES `assignment_packages` WRITE;
/*!40000 ALTER TABLE `assignment_packages` DISABLE KEYS */;
INSERT INTO `assignment_packages` VALUES (1,11,'2014-03-13 10:07:11'),(1,64,'1988-04-19 15:42:12'),(2,30,'1980-01-13 06:47:52'),(3,19,'1987-08-24 19:25:32'),(3,93,'1981-10-24 15:04:15'),(4,43,'2018-03-02 00:38:34'),(6,46,'2000-03-04 04:10:55'),(7,55,'2009-07-06 12:06:31'),(8,19,'2008-03-26 08:25:25'),(8,41,'1999-12-03 03:05:05'),(10,4,'1970-04-05 22:20:03'),(10,19,'1995-04-05 13:46:21'),(10,45,'1995-08-15 18:02:12'),(12,68,'2014-01-23 03:06:41'),(13,100,'1994-08-15 20:42:24'),(14,12,'1976-02-25 14:31:48'),(14,25,'1991-04-14 16:44:31'),(14,56,'1990-05-01 06:12:03'),(16,84,'2004-09-09 19:28:51'),(17,3,'1982-01-23 19:43:49'),(17,74,'1973-04-14 09:28:33'),(17,100,'2010-09-04 05:44:20'),(18,68,'1983-11-30 17:42:44'),(18,81,'1992-05-05 12:47:25'),(19,78,'1976-11-26 20:47:32'),(19,85,'1976-02-16 14:19:25'),(25,52,'1980-11-26 15:23:56'),(27,88,'1974-01-30 04:47:53'),(28,95,'2006-05-17 18:43:58'),(29,60,'1983-12-17 07:08:52'),(32,56,'1981-01-08 21:37:59'),(32,63,'1998-02-14 22:18:31'),(33,92,'1974-06-12 21:31:46'),(36,51,'1988-12-24 12:25:51'),(36,76,'2004-03-31 23:00:12'),(36,88,'2009-05-31 19:54:58'),(37,71,'2007-12-08 20:29:01'),(37,88,'1980-01-16 21:46:14'),(40,22,'1987-01-15 02:55:12'),(40,29,'1995-07-09 12:58:04'),(41,21,'1980-03-26 10:40:27'),(41,72,'1993-10-06 17:03:14'),(41,79,'1982-06-08 17:47:29'),(43,41,'2006-03-01 18:51:30'),(43,98,'1981-05-24 05:49:11'),(44,61,'2000-01-29 04:16:12'),(45,41,'1974-07-29 19:02:44'),(45,50,'1978-09-10 22:10:43'),(48,27,'1979-06-28 21:41:52'),(48,69,'1971-08-17 23:29:55'),(48,82,'1996-12-26 19:53:59'),(49,29,'2005-07-17 01:44:29'),(49,69,'1985-03-31 14:35:38'),(52,5,'1988-06-29 07:13:46'),(53,11,'1982-09-22 18:17:30'),(56,7,'2015-04-08 10:29:15'),(56,59,'1984-11-02 13:04:17'),(57,24,'1997-12-30 19:56:56'),(58,46,'1987-08-01 04:54:14'),(59,30,'1997-10-10 07:18:20'),(59,59,'1976-07-25 18:06:39'),(59,77,'2014-08-01 11:56:12'),(60,31,'1989-05-03 16:14:15'),(61,22,'2012-04-12 18:34:13'),(61,27,'1992-06-23 18:15:39'),(61,38,'1983-06-11 09:08:31'),(63,45,'2013-01-23 12:10:57'),(66,73,'2008-12-13 22:56:27'),(66,97,'1995-05-30 23:55:57'),(69,11,'1994-08-07 05:54:55'),(70,69,'1996-01-25 16:33:17'),(72,27,'2010-03-14 06:49:58'),(73,13,'1981-03-24 19:38:08'),(77,10,'2016-06-08 09:53:58'),(77,88,'1972-01-22 19:03:22'),(78,73,'2002-06-06 03:59:56'),(78,75,'1974-05-12 03:25:02'),(81,18,'1983-03-26 00:05:42'),(81,25,'1988-02-24 04:30:27'),(81,33,'1981-05-08 10:17:51'),(81,67,'1998-04-09 18:02:14'),(82,74,'2012-02-05 19:58:22'),(83,98,'2012-04-27 17:04:25'),(84,50,'1984-08-13 07:44:20'),(86,62,'1982-01-31 20:44:54'),(87,63,'1975-12-05 09:07:20'),(88,18,'1990-11-29 14:15:45'),(88,59,'1992-11-22 10:31:56'),(89,71,'1973-10-07 20:35:34'),(91,34,'1973-03-08 17:53:18'),(92,60,'2016-11-20 21:16:46'),(94,71,'2015-04-18 00:09:19'),(95,55,'1974-07-26 10:49:59'),(96,54,'2005-01-09 09:55:58'),(97,83,'1988-03-06 11:38:40'),(97,100,'1982-03-03 11:59:50'),(99,13,'1982-04-26 10:50:39'),(100,34,'1987-02-19 06:47:59'),(100,65,'1998-08-26 05:24:33');
/*!40000 ALTER TABLE `assignment_packages` ENABLE KEYS */;
UNLOCK TABLES;

--
-- Table structure for table `aur`
--

DROP TABLE IF EXISTS `aur`;
/*!40101 SET @saved_cs_client     = @@character_set_client */;
/*!40101 SET character_set_client = utf8 */;
CREATE TABLE `aur` (
  `id` int(10) unsigned NOT NULL AUTO_INCREMENT,
  `git_clone_url` varchar(255) COLLATE utf8mb4_unicode_ci NOT NULL COMMENT 'Ссылка на клон-гит',
  `package_base` varchar(50) COLLATE utf8mb4_unicode_ci NOT NULL COMMENT 'Название пакета',
  `description` text COLLATE utf8mb4_unicode_ci NOT NULL COMMENT 'описание пакета',
  `upstream_url` varchar(255) COLLATE utf8mb4_unicode_ci NOT NULL COMMENT 'Ссылка на основной гит',
  `keywords` varchar(255) COLLATE utf8mb4_unicode_ci NOT NULL COMMENT 'Список ключевых слов',
  `license` varchar(50) COLLATE utf8mb4_unicode_ci NOT NULL COMMENT 'Под лицензией GPL etc.',
  `submitter_id` int(10) unsigned NOT NULL COMMENT 'Кто выложил',
  `last_packager_id` int(10) unsigned NOT NULL COMMENT 'Последний упаковщик',
  `votes` int(10) unsigned DEFAULT NULL COMMENT 'Сколько апвоутов',
  `popularity` tinyint(4) NOT NULL COMMENT 'Коэффициент популярности',
  `sources` varchar(255) COLLATE utf8mb4_unicode_ci DEFAULT NULL COMMENT 'URL исходников',
  `first_submitted` datetime DEFAULT current_timestamp() COMMENT 'дата создания',
  `last_updated` datetime DEFAULT current_timestamp() ON UPDATE current_timestamp(),
  PRIMARY KEY (`id`),
  KEY `aur_submitter_id_fk` (`submitter_id`),
  KEY `aur_last_packager_id_fk` (`last_packager_id`),
  KEY `aur_package_base_idx` (`package_base`),
  KEY `aur_package_keywords_idx` (`keywords`),
  CONSTRAINT `aur_last_packager_id_fk` FOREIGN KEY (`last_packager_id`) REFERENCES `wiki_users` (`id`),
  CONSTRAINT `aur_submitter_id_fk` FOREIGN KEY (`submitter_id`) REFERENCES `wiki_users` (`id`)
) ENGINE=InnoDB AUTO_INCREMENT=101 DEFAULT CHARSET=utf8mb4 COLLATE=utf8mb4_unicode_ci;
/*!40101 SET character_set_client = @saved_cs_client */;

--
-- Dumping data for table `aur`
--

LOCK TABLES `aur` WRITE;
/*!40000 ALTER TABLE `aur` DISABLE KEYS */;
INSERT INTO `aur` VALUES (1,'http://koch.com/','qui','Aut quas voluptatibus iure soluta quo enim tempore. Nulla eum nulla et. Unde aspernatur qui doloribus ad ut eum.','http://www.cassin.com/','Nihil repellendus doloribus natus tempora est alias id.','64 jv',94,81,2834040,1,'http://www.fay.info/','2011-01-17 14:57:24','2019-12-05 00:31:16'),(2,'http://kundeschuppe.com/','architecto','Eos consequuntur odio est maxime. Aliquam neque veritatis qui impedit. Et et labore labore qui doloremque et aut. Quae assumenda ducimus necessitatibus ut vel voluptas et ab.','http://www.goldnertowne.com/','Repellendus aut ratione tempore perspiciatis rerum reprehenderit hic.','54 dv',94,21,6539258,8,'http://kochspinka.net/','2010-05-15 08:37:41','2019-10-31 07:54:37'),(3,'http://blick.com/','ea','Quos et in non saepe. Eius perspiciatis quas perspiciatis dolores dolores molestiae. Excepturi nihil tenetur ut. Sit sint consequuntur quasi aspernatur ex corrupti velit. Voluptatem mollitia velit nam quaerat officiis magnam aut.','http://kuhlman.com/','Et aut a molestiae molestiae quae.','65 xp',7,46,995512,8,'http://gerhold.biz/','1987-08-07 13:03:55','2019-09-10 05:23:41'),(4,'http://ziemann.com/','in','Ipsum autem omnis et in est laboriosam at corrupti. Optio voluptas et molestiae perspiciatis quis porro. Sunt omnis velit consequatur iste amet nisi sed.','http://nolanschmitt.com/','Ea sed debitis cumque iure corrupti aut nulla.','43 kz',37,41,995232,3,'http://welchkohler.com/','2013-11-30 11:42:56','2019-12-27 11:55:14'),(5,'http://hayes.com/','et','Aliquid sint qui sunt quis nam minus ut. Repudiandae est aut natus eos enim. Ipsa sit aspernatur ea incidunt explicabo suscipit.','http://www.hermann.biz/','Sunt fugit expedita ipsam sed temporibus eius.','61 mm',89,68,4,9,'http://mclaughlin.org/','1977-04-11 12:27:25','2019-12-25 10:10:15'),(6,'http://keeling.info/','nihil','Quis eos qui voluptatem facilis rerum adipisci. Voluptas magnam ut maxime. Et error repudiandae rerum.','http://www.kuhlmanhegmann.net/','Mollitia et iusto fuga voluptate.','99 jq',34,10,664544829,6,'http://www.ondrickatorphy.org/','1990-08-03 04:04:26','2019-12-18 15:11:02'),(7,'http://yundt.com/','voluptatibus','Assumenda quasi non sapiente est nesciunt earum. Enim iure commodi hic animi deserunt inventore pariatur aut. Sint repellendus ut dolor.','http://www.bauch.com/','Voluptas quisquam recusandae labore doloribus et molestiae quisquam.','60 fb',16,38,5069449,5,'http://www.kshlerin.com/','1977-10-12 08:03:33','2020-02-15 23:40:19'),(8,'http://www.kautzerdonnelly.com/','quod','Ab numquam hic et sapiente harum quia nostrum. Impedit corrupti consectetur quo quaerat aut unde. Quis sed libero assumenda quia cumque. Sint eligendi est repellat aut nulla aut.','http://crooks.info/','Iure rem aut vel dolorem dignissimos labore.','53 yn',29,59,920882,3,'http://www.botsford.biz/','1973-01-03 17:07:41','2019-09-20 18:59:21'),(9,'http://renner.com/','vel','Consectetur ad rerum ea error eius. Mollitia doloribus non sit nihil doloribus architecto maxime. Suscipit dignissimos dicta vitae et.','http://www.fahey.com/','Magnam commodi labore ipsa id.','39 tr',48,73,7740,2,'http://stroman.com/','1971-12-08 07:15:08','2019-09-07 11:25:40'),(10,'http://kub.com/','sint','Ex ut et et et earum repellat accusamus. Rerum et quia qui tenetur atque. Et sequi soluta inventore deserunt error sequi quia.','http://www.lemke.com/','Id sit non earum magnam voluptatem quisquam id.','25 bl',10,18,8894,9,'http://www.emard.com/','1976-05-06 08:06:42','2019-11-17 19:17:56'),(11,'http://www.schuppestokes.com/','aliquid','Unde sed magni deleniti et. Quae id nulla expedita ut et. Doloribus ut magni vel sunt expedita. Incidunt omnis dolorem enim illum.','http://www.danielhessel.org/','Reiciendis nulla voluptatem cumque vel libero recusandae fugit.','72 gy',18,59,25679286,8,'http://www.cartwright.com/','1983-08-06 14:52:46','2019-11-07 16:36:42'),(12,'http://www.wisoky.com/','dolor','Recusandae quis vel voluptates dignissimos expedita reprehenderit. Autem officia magni est minima provident qui omnis. Animi qui velit ut sit cupiditate. Odio eius modi autem sunt nemo provident.','http://heller.com/','Et omnis libero voluptas dolorem iusto.','10 nu',13,87,794,3,'http://www.boyle.biz/','1993-03-27 10:55:18','2020-06-27 02:37:52'),(13,'http://www.hansenbauch.org/','a','Dolor et adipisci adipisci quasi quam. Recusandae deleniti porro cumque velit rerum quia. Et sed veritatis maxime quia modi.','http://jerde.net/','Sit asperiores harum sunt facilis omnis blanditiis omnis.','20 re',37,45,0,5,'http://www.reichert.org/','1978-01-14 02:09:43','2020-03-18 06:44:09'),(14,'http://schneider.com/','odit','Quisquam ut modi dolorum praesentium consequatur. Vitae ut quia maxime. Repellat quia aut repellendus eum veniam sit. Unde debitis expedita perferendis voluptas omnis.','http://bechtelarschoen.com/','Similique a eos voluptatem temporibus tempore.','96 we',4,72,114,3,'http://www.jones.com/','2001-12-20 07:30:09','2019-09-09 12:43:55'),(15,'http://www.leuschkesimonis.com/','ut','Architecto dolorem sunt animi. Sed quasi accusantium in ut perferendis culpa qui. Consectetur quod explicabo voluptatem sequi sunt ut libero. Neque est ut dolorum corrupti natus est.','http://www.turnergleichner.info/','Id et debitis distinctio adipisci voluptatum sequi.','85 hl',39,68,54199,2,'http://www.blanda.com/','2007-06-21 00:38:12','2020-01-27 02:28:58'),(16,'http://www.heller.com/','molestias','Eum deserunt quod quaerat dolorem. Quo dolorem molestiae consequatur architecto. Iste quis similique debitis nam aut perspiciatis quae quis. Nobis magnam quisquam quos qui.','http://kuphalstracke.com/','Odit sed non explicabo molestias consectetur.','39 ei',94,89,91,5,'http://larkin.info/','2019-12-19 00:46:26','2020-06-04 17:47:40'),(17,'http://wisokyboyer.biz/','qui','Minus odio perspiciatis aut et aut dignissimos nam ipsa. Error et architecto dolores quia et saepe. Qui non nemo quis.','http://www.legros.com/','Est facere mollitia distinctio aliquid inventore.','10 eo',32,73,31,1,'http://www.mckenzie.org/','1975-06-22 16:46:08','2019-11-29 10:29:32'),(18,'http://wilkinsonfahey.com/','magni','Sint veniam minima qui aliquid. Enim quibusdam mollitia nam quia. Eaque et quidem itaque sit. Qui eum saepe incidunt nisi.','http://www.pagac.net/','Atque numquam non et.','08 qy',31,45,724,6,'http://ortiz.org/','1976-01-10 20:17:23','2020-06-05 01:13:22'),(19,'http://www.hilpertschowalter.com/','temporibus','Qui corporis quaerat et rerum vero. Eaque perferendis et in adipisci cupiditate. Amet omnis nihil quisquam explicabo exercitationem omnis quaerat autem.','http://www.bergnaum.com/','Hic maxime omnis officiis laudantium commodi dolorum.','38 im',29,6,744983944,7,'http://wehner.org/','2014-12-24 22:14:21','2019-12-11 16:34:39'),(20,'http://gaylord.com/','quo','Molestiae qui in voluptas aut. Rem quaerat magni earum saepe voluptas explicabo. Aut iusto eaque est mollitia placeat est. Hic impedit autem sed. Dignissimos debitis quod ea voluptate.','http://pfannerstill.com/','Nemo vitae vel et voluptas ad.','83 lc',99,83,78160906,4,'http://konopelski.com/','1972-04-05 19:39:02','2019-10-17 13:55:30'),(21,'http://www.stark.net/','consequatur','Soluta tempore reprehenderit error. Doloremque qui molestiae veniam molestias iure ipsa nobis. Cumque molestiae nam dicta dolores.','http://morar.com/','Voluptatem cum quia minima omnis similique consectetur temporibus.','31 fs',97,48,0,5,'http://www.veumschmidt.com/','2009-11-18 17:15:05','2020-02-17 01:11:38'),(22,'http://thielwyman.net/','enim','Consequuntur est soluta ut. Enim autem accusamus eos. Aliquid voluptates corporis autem ab vitae et est odio.','http://nienowmayer.com/','Fugiat perferendis facere distinctio amet.','66 wn',14,83,6,7,'http://champlin.com/','1976-12-19 03:00:16','2019-09-28 03:13:38'),(23,'http://grady.org/','ipsam','Eum similique hic quia neque maxime consequuntur explicabo. Et molestias alias sit repellat quia et quas. In quia a rerum excepturi. Dolor perspiciatis voluptas eos ex id.','http://www.maggiocronin.org/','Nobis tenetur sit quis nihil porro et accusantium libero.','54 bc',23,58,58751572,4,'http://www.king.info/','2014-09-16 13:11:08','2019-10-15 17:54:34'),(24,'http://www.hodkiewicz.net/','alias','Ad dolor sint at et explicabo. Asperiores tenetur ea eos et eos. Autem doloremque sed aperiam consequuntur corporis pariatur. Autem est vitae vel quia reprehenderit odio. In ipsam autem fuga vero occaecati voluptatum facere.','http://www.hansennienow.info/','Placeat animi dolorem possimus natus iusto cum non.','68 qf',58,28,2384685,3,'http://rolfsonbaumbach.info/','2013-07-16 20:14:21','2019-12-24 13:31:05'),(25,'http://waelchijohnston.com/','quo','Sed ut rerum possimus ut quae ullam. Odit et culpa facere magnam aspernatur molestiae. Aliquid voluptas et adipisci blanditiis qui qui deserunt porro. Incidunt quis ea sequi cupiditate vel quia est.','http://boyle.com/','Odio eos perspiciatis quaerat saepe voluptatem.','09 si',14,6,672,4,'http://www.marquardt.net/','2004-11-07 14:38:43','2020-05-23 18:15:46'),(26,'http://www.parker.biz/','repudiandae','Quia aut voluptas harum. Nam laborum doloremque quasi dolorem quidem laudantium quos. Sint placeat consequatur ut unde earum.','http://www.reichertolson.info/','Earum magni et aut aut hic excepturi asperiores.','99 po',56,96,877477366,8,'http://stracke.com/','2004-01-24 19:13:17','2020-08-16 19:34:41'),(27,'http://wisozk.org/','aut','Soluta repellendus necessitatibus id nostrum voluptatum. Blanditiis id aut dolorem incidunt. Facilis quis similique impedit error reprehenderit vel. Possimus rem animi deserunt labore.','http://www.kleinlind.com/','Deserunt qui sed voluptatem unde ut.','18 ie',27,88,8,5,'http://terry.info/','1999-04-10 01:43:49','2019-10-04 17:27:50'),(28,'http://cole.biz/','dolor','Temporibus harum quia sit et ut exercitationem. Sed ut alias qui quisquam omnis. Nihil velit sit tempora culpa cumque pariatur incidunt vitae. Vitae et aliquam qui veniam possimus voluptatem quis.','http://creminboyle.com/','Rerum nostrum nemo dicta ducimus.','98 rj',90,53,80525,2,'http://smitham.com/','2014-11-20 07:49:58','2020-01-15 21:41:29'),(29,'http://emard.com/','nam','Explicabo eligendi esse impedit impedit. Sapiente qui vel veritatis sed maxime similique. Qui perferendis ex alias illum similique repellendus facilis quia. Voluptatem ut voluptatem eum molestias vel necessitatibus et. Blanditiis aut velit officia quia et autem consequatur.','http://www.powlowskispencer.biz/','Ipsum laudantium sit mollitia voluptas quod fuga.','29 nu',100,11,2487811,9,'http://www.sawayn.org/','1980-06-01 20:58:44','2020-05-25 21:53:51'),(30,'http://www.blickhintz.com/','cumque','Debitis id quo et et consequatur qui suscipit. Provident non vel tempora dolore. In distinctio debitis quo. Est maiores eum consectetur nulla tempore.','http://www.schulist.info/','Praesentium qui iusto esse quod.','42 vc',49,34,7948608,3,'http://quigley.com/','1996-07-02 22:27:42','2020-07-27 08:41:51'),(31,'http://hodkiewiczsipes.com/','iure','Pariatur aut animi adipisci dolorem quo qui sed. Repellat et repellendus nihil eaque delectus. Excepturi ipsum ipsum sed voluptate enim perferendis sed.','http://johns.net/','Soluta enim voluptatem sint ut ab saepe cupiditate.','22 yp',20,71,900309,7,'http://goodwin.net/','2000-04-04 02:56:23','2020-02-02 02:52:07'),(32,'http://www.ziemann.com/','officia','Qui velit totam ut. Quo amet praesentium mollitia sunt. Possimus ducimus facere sequi possimus tempore. Dolorum ut placeat ducimus voluptatem exercitationem.','http://www.berge.com/','Ea ex dolore quisquam veritatis et error veniam.','68 kt',77,28,7,3,'http://mraz.org/','1992-03-23 22:16:26','2020-08-22 16:36:15'),(33,'http://www.paucekgorczany.biz/','iste','Ut unde id et vel porro autem asperiores. Vel voluptatem consectetur adipisci autem maiores officiis.','http://weimann.net/','Et deleniti perferendis voluptas eveniet commodi voluptates saepe reprehenderit.','68 py',73,16,747,6,'http://www.koepp.com/','1982-05-23 08:28:30','2019-08-28 09:19:40'),(34,'http://rowe.com/','est','Et natus neque non qui. Temporibus et quam voluptatem distinctio beatae. Cum est id voluptate et sapiente.','http://www.franecki.net/','Quia qui consectetur labore voluptatem maxime et quas molestias.','93 do',28,44,841,1,'http://www.monahan.com/','1972-09-28 08:14:01','2020-04-10 19:41:06'),(35,'http://www.denesikdubuque.com/','reprehenderit','Officia et perferendis libero distinctio maiores nihil. Sunt quam dignissimos natus suscipit beatae expedita sapiente. Amet quis praesentium magni et sapiente iste quo. Impedit voluptas doloribus corporis libero qui non quis.','http://nolan.info/','Dolorem sunt ab sint qui praesentium quae vel.','95 en',32,66,0,8,'http://www.gorczany.com/','1989-04-17 16:14:33','2020-04-20 07:56:01'),(36,'http://www.lakin.com/','eos','Consectetur architecto dolorum sunt distinctio itaque culpa quisquam. Iusto odio et non commodi aperiam. Nemo aut quia minus laboriosam dolore odio repellendus accusantium.','http://www.bernhardhand.com/','Neque dolor quia ut.','13 dk',36,18,1007,8,'http://bins.com/','1991-04-08 10:33:19','2020-08-04 18:22:19'),(37,'http://klocko.com/','tenetur','Quis et at tempora culpa. Repudiandae recusandae repellendus occaecati. Voluptates vitae omnis et modi. Aut distinctio laborum dolor fugiat illo atque. Minima laborum ad velit dolore dicta sed.','http://schowalter.com/','Saepe occaecati corrupti ad et optio.','08 vi',53,78,0,2,'http://nicolas.com/','2014-04-20 10:04:39','2020-06-01 23:38:26'),(38,'http://predovickeeling.org/','perspiciatis','Quia sunt iusto nisi eos ipsa. Consequuntur eveniet ab sed illo. Ea est consequuntur accusamus quia.','http://www.nikolaus.biz/','Distinctio asperiores saepe sit illum.','88 wy',49,75,6873718,6,'http://toy.com/','1972-12-22 23:08:44','2020-06-11 11:25:12'),(39,'http://corkerykoelpin.org/','sequi','Harum qui consequuntur voluptates facere animi et officia autem. Earum itaque omnis ipsa illum. Rerum enim odit iure suscipit reprehenderit dolor. Non minus minus eos repellendus optio nihil.','http://frami.com/','Aspernatur natus atque sit nobis cupiditate repudiandae aut.','82 rz',3,13,0,8,'http://www.johnsbecker.org/','2016-01-19 07:50:26','2020-02-12 15:47:41'),(40,'http://hodkiewiczhand.com/','officia','Qui quia asperiores enim aliquid est. Tenetur facere officiis et qui. Non ab omnis blanditiis illum eius quis voluptatem. Quis voluptatem nulla tenetur cum sunt saepe et blanditiis.','http://gaylord.com/','Rerum omnis minus eveniet dolores eaque.','96 gb',4,5,0,4,'http://www.armstrong.info/','2005-07-07 01:08:33','2019-10-14 07:50:34'),(41,'http://shieldsdicki.info/','qui','Reiciendis sed et vel sint id aut tenetur et. Quis fugit ut corrupti. At quis deleniti rerum consequatur quidem. Corrupti cupiditate quasi eveniet sint consequatur molestias.','http://russelkovacek.com/','Vero repellendus exercitationem facere nam dolor id id aut.','87 se',46,52,159025922,2,'http://cremin.net/','2018-11-20 22:25:19','2020-07-23 22:54:50'),(42,'http://barton.org/','necessitatibus','Id aut sint eaque reiciendis ex. Ut modi voluptatem suscipit.','http://daniel.biz/','Recusandae et placeat id.','26 iq',99,13,22,5,'http://kreiger.info/','1987-10-13 16:31:27','2019-12-19 16:52:10'),(43,'http://www.ondricka.net/','nihil','Nostrum ut asperiores mollitia nihil odio quia fugiat. Sed voluptatibus quia autem aperiam. Minus dolores et ut voluptatem aut cum et. Perspiciatis quas voluptatem dolorum voluptates.','http://simonisgerlach.com/','Eum incidunt culpa voluptate temporibus eum est odio.','28 ti',68,47,58856,8,'http://cummings.org/','1971-08-26 22:05:07','2020-07-12 04:14:58'),(44,'http://www.hauck.net/','atque','Natus ipsam vero saepe et. Illo ut sed perspiciatis quisquam omnis. Magnam error minus nulla maiores ea quis. Praesentium nihil ut qui. Mollitia expedita voluptatum suscipit labore.','http://www.borerhirthe.com/','Neque quasi quia maiores veritatis ut reprehenderit illum.','86 gf',15,53,2,4,'http://www.smithamhoppe.com/','1989-12-13 13:27:21','2020-08-12 07:35:51'),(45,'http://cronin.com/','fuga','Voluptas beatae qui ut consequatur. Dignissimos aperiam modi corporis repellat et architecto.','http://raynor.com/','Natus ut blanditiis amet distinctio sint.','98 la',43,91,0,5,'http://tillman.com/','1985-05-05 09:15:58','2019-12-23 19:11:04'),(46,'http://runte.com/','non','Voluptatem explicabo voluptatem explicabo. Saepe rerum voluptates excepturi vel delectus debitis asperiores. Exercitationem quibusdam maiores qui impedit exercitationem. Voluptatem quod eos expedita rem molestiae atque ea ad.','http://www.auerboyer.com/','Vero molestiae sunt porro a quisquam qui est.','62 ze',100,32,97819660,2,'http://www.mcdermott.com/','1999-03-27 14:22:35','2019-11-03 06:12:30'),(47,'http://kiehn.com/','provident','Deserunt quisquam non dolores deleniti et repellat ut. Temporibus repellendus vero quisquam animi voluptatibus quo. Tempora rerum consectetur tenetur omnis quis voluptas.','http://www.lindgrensauer.com/','Quam maiores nulla libero expedita est dolor.','15 yt',70,40,5625,7,'http://wymanbreitenberg.com/','1985-11-05 03:09:17','2020-04-01 13:00:53'),(48,'http://bauch.org/','facere','Culpa corrupti velit beatae quos placeat expedita ipsam. Sed placeat soluta quo repellendus fugit non libero. Ea nemo exercitationem vitae ipsam. Unde in sunt unde eaque voluptates maiores aut consequatur. Et id vel saepe.','http://www.ferry.com/','Ipsam molestias non libero.','91 fo',4,28,56,8,'http://zboncak.info/','2004-10-20 22:32:31','2020-07-01 21:28:09'),(49,'http://www.ornkonopelski.com/','commodi','Quisquam sunt eos aut earum facere. Optio necessitatibus est quam incidunt fuga enim architecto. Voluptate voluptatem corrupti nostrum nulla est.','http://www.murazikstark.net/','Ut nam aperiam hic consequuntur consequatur eveniet ea.','43 fc',93,74,193,7,'http://farrell.org/','2011-02-06 05:11:54','2020-03-17 06:20:52'),(50,'http://okunevabayer.org/','aut','Repellendus provident quia iste blanditiis minima officiis sequi. Consequatur voluptatem dolor alias deleniti temporibus omnis modi. Sint occaecati et quis modi molestiae ut.','http://www.kulaswatsica.org/','Doloremque nobis et quidem asperiores explicabo vitae est.','28 rb',2,42,635,7,'http://reynolds.com/','1987-02-06 08:14:24','2019-09-04 10:41:57'),(51,'http://www.boehm.com/','dolorem','Sint voluptatem consequatur inventore minus dolorem. Aliquam aut minima est aut ut a.','http://www.hodkiewicz.com/','Voluptatum harum eligendi consequatur officiis repudiandae.','83 sl',83,58,7,6,'http://gaylordnienow.com/','1974-05-27 21:02:42','2020-04-19 03:21:10'),(52,'http://www.dickensnicolas.com/','qui','Recusandae voluptatum voluptatem molestiae voluptas. Qui provident similique ad qui et quae laudantium. Cupiditate cum beatae repellendus culpa ut.','http://www.heathcote.com/','Pariatur a et iste saepe eaque aut.','05 os',7,64,79,7,'http://www.lehnerpollich.info/','1991-01-21 01:04:16','2020-08-18 02:45:03'),(53,'http://hammes.com/','tempore','Eos qui quaerat est molestiae eos. Iure recusandae non et aliquid pariatur. Explicabo molestias adipisci non architecto consequatur. Itaque dicta deserunt ipsam et soluta.','http://www.carrollnicolas.com/','Quia est ipsa sapiente ut adipisci totam repudiandae.','34 ow',23,48,3558195,1,'http://www.vandervort.com/','2003-08-19 23:31:38','2020-06-25 01:43:32'),(54,'http://fritschbruen.info/','molestiae','Quo et quam ex dolorem hic. Debitis quia animi sequi consequatur quia beatae qui. Veniam quidem a quis aut perspiciatis laboriosam.','http://www.paucek.com/','Vero tempore fuga molestias sed.','05 mo',29,22,499,9,'http://www.marks.com/','2018-01-02 12:23:02','2020-08-08 06:10:09'),(55,'http://labadie.com/','corrupti','Libero cupiditate libero unde rerum. Sed repudiandae quos ad reprehenderit non commodi. Maiores voluptas perferendis quaerat quae laudantium velit sequi nulla.','http://turcotte.net/','Vero quod nobis consequatur sint.','30 gc',70,25,518227863,2,'http://kozeyhessel.com/','1981-09-28 03:35:05','2019-11-30 04:30:40'),(56,'http://gottliebkeeling.biz/','quia','Et expedita non voluptas repellendus dolorum suscipit eos cum. Deleniti earum voluptate ut consequuntur reiciendis perferendis. Quibusdam eveniet sed et.','http://www.baileykertzmann.biz/','Id veniam quo quae recusandae.','92 ki',66,59,403418838,2,'http://www.dietrichkerluke.com/','1990-12-01 17:33:22','2019-08-29 18:28:44'),(57,'http://rippin.com/','qui','Eos suscipit optio omnis explicabo omnis earum consectetur. Velit aut consequatur magnam exercitationem quas. Impedit consequuntur recusandae maxime molestiae repudiandae.','http://www.uptonjacobi.info/','Tenetur est sunt aperiam doloribus quis a.','57 hf',17,100,47,7,'http://gaylord.com/','1970-04-01 02:46:08','2019-10-10 01:20:48'),(58,'http://www.gaylordabernathy.com/','voluptates','Nisi necessitatibus at consequatur dolor laudantium. Ducimus voluptatem accusantium et veritatis illum molestiae libero. Et recusandae animi suscipit. Ut dolor dicta veritatis porro.','http://sanfordmoen.com/','Reiciendis aut in et ratione repellendus amet sequi a.','99 ma',26,95,90894333,9,'http://www.littel.org/','1970-01-09 08:39:48','2019-11-21 22:56:10'),(59,'http://deckowreynolds.com/','fugiat','Modi vitae possimus eum reprehenderit delectus sunt nobis. Distinctio et hic animi rem nesciunt. Soluta dolor eum odit et occaecati.','http://upton.com/','Doloribus id qui dolor enim id.','32 rq',59,93,0,9,'http://haag.com/','2002-12-19 13:12:08','2019-11-28 08:08:35'),(60,'http://www.welch.org/','et','Aliquid aut voluptas sequi. Vel soluta incidunt possimus quia quo exercitationem velit. Quae ut dolores sapiente et cupiditate.','http://wilkinson.com/','Id est id nam voluptate mollitia accusamus.','80 cj',57,47,89,7,'http://www.romaguera.biz/','1987-10-20 13:35:33','2020-04-20 04:37:34'),(61,'http://shanahan.org/','perferendis','Commodi non corporis id assumenda voluptas. Aut architecto expedita necessitatibus id. Voluptates debitis ut eos.','http://www.schmelerdicki.com/','Dolorem asperiores id ut voluptate.','25 cy',55,28,13971,7,'http://www.oreilly.info/','1976-11-01 04:56:05','2019-11-16 09:48:13'),(62,'http://www.carter.com/','delectus','Nemo esse est sequi laboriosam rerum debitis sequi reiciendis. Qui consequatur voluptas est ipsam sed. Tempora ut consectetur eos id ut ducimus.','http://www.mcclure.com/','Earum at ipsum soluta neque ad et.','21 mh',10,86,46,6,'http://ohara.com/','2017-04-24 22:14:47','2020-01-31 10:48:09'),(63,'http://lowequigley.com/','doloremque','Eum eum porro reiciendis et. Doloribus quo necessitatibus alias assumenda magnam consequatur.','http://www.cassinbartoletti.info/','Tempore assumenda voluptatem nihil voluptatibus facere.','42 qb',97,97,71979547,2,'http://wunsch.com/','2007-09-23 02:14:17','2019-11-16 19:06:24'),(64,'http://www.fahey.com/','ducimus','Animi earum dicta fugit. Qui vitae quisquam alias. Fuga deleniti reiciendis non quibusdam dolore eaque. Temporibus voluptas dolorem corporis delectus.','http://caspermclaughlin.com/','Consequuntur ab nemo assumenda facere rerum dolore.','36 ox',74,2,55807,1,'http://krajcik.com/','1971-08-12 13:38:29','2020-07-15 14:58:43'),(65,'http://satterfieldbayer.com/','at','Deleniti tempora facilis ullam dolorem sit dolorum optio. At quod delectus quibusdam corporis quia aut. Numquam ad hic inventore et consequatur cumque. Laboriosam qui laborum neque voluptatem sint aliquid officia.','http://www.braun.com/','Sapiente tempora necessitatibus qui hic deleniti veniam ducimus.','37 pv',31,31,456,1,'http://grahamwaelchi.biz/','1973-09-04 00:03:58','2020-08-03 14:16:44'),(66,'http://kuphal.info/','facere','Est et facilis provident dolore in ut. Est voluptatem voluptatem ut consequatur sapiente sed ut. Magnam a et adipisci similique fuga. Quod veritatis deleniti eum quod quas quis. Voluptatum tempore atque eos mollitia.','http://www.rutherford.com/','Nisi autem dolorem cumque quia sit.','14 qa',96,57,4,2,'http://www.lang.com/','2001-01-28 16:43:47','2020-01-15 06:21:22'),(67,'http://hermiston.com/','omnis','Quo architecto non debitis eum nobis ex quos. Expedita quia ad animi cupiditate deleniti. Natus minus rem et est a vel. Accusantium cupiditate facere qui nesciunt.','http://kochschaden.biz/','Consectetur odit rerum dolore ad et architecto.','63 ig',85,95,1,6,'http://harvey.org/','2006-02-18 11:31:44','2020-05-05 08:54:53'),(68,'http://keeling.com/','sequi','Quia nesciunt aut cum harum sit. Omnis adipisci aperiam laborum officia est natus assumenda. Cumque quisquam amet minus a voluptatem sunt cum.','http://www.schmitt.org/','Iusto optio ipsa vero harum autem aut culpa.','02 bw',70,86,0,9,'http://fritsch.com/','1984-12-15 04:06:26','2019-10-15 10:06:10'),(69,'http://www.millsharris.org/','et','Laboriosam dolorem voluptatem quos. Est vel ullam architecto tempora ex sit omnis est. Quisquam aut autem eos exercitationem dolore fugiat non. Minima eos quam error dolores nam.','http://www.hoppeleannon.com/','Ut ipsa deleniti quas praesentium aut omnis.','76 op',68,41,640895,1,'http://www.hermanfriesen.com/','2005-12-08 21:03:47','2020-03-11 23:58:14'),(70,'http://www.heathcoteschmidt.com/','placeat','Sapiente deleniti veritatis veritatis sapiente eius cumque consequatur ducimus. Libero at eaque nihil quaerat.','http://orn.com/','Veniam voluptatem necessitatibus ut iusto ut.','71 sj',79,86,8161,1,'http://muellerlittle.net/','2009-09-22 17:08:27','2019-12-17 22:39:51'),(71,'http://schinner.com/','et','Voluptas ex laborum deleniti ipsa. Voluptas unde aliquam in maiores. Soluta ut consequatur et. Ducimus sunt voluptatem commodi aliquid voluptas.','http://www.bradtkeheathcote.net/','Quod saepe quisquam non fugiat tenetur alias.','34 rl',30,92,113,5,'http://kochmurphy.info/','2008-09-20 14:19:29','2020-06-09 16:39:10'),(72,'http://www.willms.biz/','et','Consequatur sit quia repellat aperiam aut. Nam dolores fugit ipsum repellendus. Exercitationem et architecto sit illo et. Officiis eligendi et aliquam et.','http://www.reilly.org/','Enim sapiente ut nulla exercitationem a pariatur accusantium eligendi.','14 cg',20,63,9314,3,'http://www.glover.info/','1986-08-14 17:11:13','2019-12-13 04:50:36'),(73,'http://www.hessel.net/','maxime','Delectus qui aut possimus repellat nihil iusto. Suscipit maxime sit rerum. Aliquam est enim est atque libero animi suscipit.','http://pacocha.net/','Quam laborum dolorum qui repudiandae et rem.','05 ru',44,40,94541522,1,'http://torp.com/','1998-04-01 10:28:33','2019-12-20 15:38:21'),(74,'http://romaguera.com/','quia','At et asperiores esse sunt voluptatibus recusandae soluta facere. Laudantium odit consectetur iure incidunt. Maiores placeat harum nostrum itaque rerum qui. Pariatur aperiam voluptates itaque libero fugit enim.','http://purdy.biz/','Molestias a eum sit facere.','51 wj',6,19,9020,8,'http://watsicajacobson.com/','1986-01-25 13:26:18','2020-04-23 03:24:12'),(75,'http://www.luettgengrimes.com/','enim','Dolorum sed ab voluptatem soluta quia tempora dolorem impedit. Possimus consequatur aperiam aut. Quia temporibus iste aliquid quidem aperiam. Hic est officiis consectetur minus dolore reprehenderit dolores et.','http://fisherpacocha.com/','Impedit rerum autem nisi repellat id similique.','94 mu',67,100,47283869,8,'http://torphy.net/','1998-09-18 14:05:43','2019-09-03 02:33:10'),(76,'http://www.bednarbogan.com/','et','Sit dolores ad necessitatibus sequi inventore voluptatem minus. Eveniet harum laboriosam architecto voluptate autem omnis illo. Necessitatibus architecto autem atque dolorum. Qui accusamus placeat ut dolorum.','http://kub.net/','Minima at ea ut.','01 fy',12,42,875020,2,'http://www.jastrogahn.com/','1970-08-06 03:04:48','2020-08-18 20:29:10'),(77,'http://pouros.com/','assumenda','Sunt magni illo sunt aut aliquam consequatur voluptatum. Fugiat debitis vel autem voluptatibus aliquam aut. Repellat repellendus atque non tempora illo. Optio eligendi cumque voluptas voluptas. Voluptas incidunt libero perferendis.','http://www.dickinson.com/','Quia quam dolor corporis incidunt ipsum.','33 og',16,61,0,2,'http://www.hageneshartmann.com/','2001-09-11 09:25:20','2019-10-18 07:16:42'),(78,'http://www.beier.com/','qui','Dignissimos ab esse non eum. Unde qui laudantium voluptatem cum molestias cum.','http://barrows.com/','Doloremque eum qui qui quo unde qui voluptatibus odit.','39 bx',83,24,5368457,7,'http://www.reichel.com/','1990-03-18 19:09:35','2019-11-09 06:03:41'),(79,'http://www.willms.info/','nostrum','Tempora eveniet ipsum labore. Doloribus vitae natus accusamus neque. Rerum est voluptatem ut repellat ducimus. Corporis ut earum sit accusantium ea corrupti eos.','http://cartwright.com/','Omnis aliquam et autem ut.','97 nz',29,57,547989944,5,'http://www.strackerodriguez.com/','1994-06-28 05:29:18','2020-01-04 02:50:35'),(80,'http://www.jacobs.info/','exercitationem','Dolorem et quia impedit aliquam esse. Consequatur assumenda soluta assumenda. Quidem sit enim dolorem perferendis voluptas pariatur. Libero doloremque reiciendis aut molestias qui aliquid.','http://www.lowe.biz/','Pariatur ad quibusdam aut aspernatur.','57 fn',66,2,118573,1,'http://hyatt.com/','2013-08-01 17:27:15','2019-09-10 17:01:19'),(81,'http://reichelkuvalis.com/','voluptatem','Officiis ea inventore quisquam architecto. Officiis voluptatem in aliquam repudiandae dignissimos ut. Quibusdam est fuga distinctio rem sapiente similique quis explicabo. Qui pariatur magnam et laudantium illo quo aliquid.','http://www.abshireterry.net/','Ad ipsa officia sit voluptas.','07 rb',29,68,358151,7,'http://www.oconnell.com/','1991-02-26 15:29:30','2020-02-11 21:08:05'),(82,'http://www.nikolaus.com/','molestiae','Ut animi veritatis qui nobis aut. Sit id velit placeat et cumque veritatis quaerat. Nihil qui perspiciatis omnis sit. Quia eum doloribus sed est fuga ipsam sed.','http://www.schroeder.com/','Sint consectetur dignissimos iure qui assumenda quam aut.','07 ts',18,79,3472100,4,'http://smitham.com/','1997-09-04 23:53:56','2020-06-09 13:29:07'),(83,'http://www.haleyrunolfsson.com/','sapiente','Nobis repellat ad doloribus quaerat qui quos. Qui modi veritatis quaerat sed. Incidunt eos consectetur libero assumenda nulla quia ut.','http://www.parkerkemmer.biz/','Sed voluptas eaque aliquid eligendi dolor vero qui.','52 xg',61,60,50,5,'http://www.heathcote.biz/','1984-10-08 22:09:33','2020-03-05 00:56:16'),(84,'http://www.bruenreichel.com/','dolor','Exercitationem fugiat occaecati reprehenderit consectetur eaque. Consequuntur eos vitae temporibus itaque in et. Sit et eos consectetur eligendi qui quia aut.','http://www.rempel.com/','Recusandae dicta aut omnis porro et et ipsum.','00 yh',23,45,5,7,'http://www.larkinbatz.org/','1990-02-17 06:16:53','2020-01-19 11:19:37'),(85,'http://bruenmitchell.info/','animi','Deleniti molestiae nam cumque atque accusantium sint provident laboriosam. Cum veritatis fugiat veritatis quas voluptas numquam labore.','http://www.kassulke.com/','Est et non eveniet est architecto optio.','47 zb',57,23,68,1,'http://www.botsford.com/','1970-09-24 11:49:28','2019-12-24 00:00:21'),(86,'http://ratkegreenfelder.com/','nostrum','Eum labore omnis culpa quia quis qui in. Omnis excepturi iste aut soluta maiores assumenda reprehenderit. Quibusdam quo quo omnis voluptas et atque. Neque quaerat nemo repudiandae officia sed quo id.','http://www.baumbach.com/','Est in aut dolorum mollitia dicta nihil ut explicabo.','94 xp',92,75,28,1,'http://www.kuhn.com/','2000-09-20 17:59:13','2019-12-06 01:08:47'),(87,'http://mclaughlin.com/','quaerat','Soluta vel perspiciatis sed sequi. Molestiae a et dolor quo fuga architecto et vel. Rerum laborum repellendus quia veritatis porro. Explicabo aut quia aut tempore.','http://runolfsson.com/','Exercitationem et beatae aut sit.','61 zz',34,72,819987251,6,'http://www.kassulkegottlieb.biz/','1979-03-29 09:10:31','2019-11-11 15:59:29'),(88,'http://treutellittle.org/','autem','Voluptatibus corrupti a aperiam vel ea reprehenderit. Dolore ullam accusantium vel ratione omnis in dignissimos. Omnis aperiam et vel.','http://jacobson.info/','Unde ut rem est.','18 xk',44,91,3,8,'http://www.wilkinson.com/','1996-11-02 21:54:16','2020-04-20 03:47:33'),(89,'http://www.harvey.net/','fugiat','Dolor et hic nam hic quia maxime qui. Consequatur ut quae excepturi illo labore facilis possimus. Corrupti labore doloremque delectus molestias qui aut. Dolorem placeat harum quod quasi minima voluptatem.','http://www.rippingutmann.com/','Porro quod sed voluptas fugit ut error eum.','35 ox',26,19,1636,6,'http://www.kautzer.info/','2014-12-07 14:47:33','2020-02-26 16:49:59'),(90,'http://www.hammeslind.com/','in','Commodi ut iusto ea facere doloribus asperiores. Adipisci omnis vel quia omnis maxime laudantium ipsam sint. Tempore repudiandae molestias eius. Cumque numquam velit sed.','http://www.ebert.info/','Eum doloremque vel in cum sit eligendi.','53 fq',42,6,331085,7,'http://www.cassin.net/','1972-03-07 05:58:30','2020-04-19 01:39:58'),(91,'http://www.farrell.com/','possimus','Numquam ab porro corporis omnis. Est et aliquid quo labore alias. Ducimus dignissimos et deleniti nobis. Ut id omnis et ea. Aut dolor expedita iusto rem quo.','http://www.wymangrady.com/','Fugit distinctio corporis quam consequuntur sunt.','26 yw',85,37,39524305,2,'http://marvinondricka.com/','1976-06-25 10:49:40','2020-07-08 18:00:39'),(92,'http://www.aufderhar.net/','aperiam','Distinctio et praesentium enim molestias sunt reprehenderit. Eveniet pariatur aspernatur ut in distinctio est autem. Cum architecto ipsum sunt.','http://www.effertzwolf.com/','A quae occaecati autem rerum est.','68 iz',29,5,944244738,6,'http://mitchell.com/','1979-11-09 21:03:27','2020-01-18 17:59:19'),(93,'http://www.halvorson.com/','consequatur','Deserunt quia porro est molestias. Voluptas et quas voluptatem aspernatur maiores. Aut sit ad enim ullam facilis debitis qui. Deleniti quos eum occaecati et molestias suscipit blanditiis animi.','http://www.block.net/','Nihil vel sunt ratione voluptas.','78 sg',57,82,377759081,4,'http://www.mcdermott.com/','1996-11-25 16:21:14','2020-05-28 12:48:00'),(94,'http://www.kiehnkuhic.com/','qui','Qui facere temporibus voluptas blanditiis qui corrupti. Voluptate inventore doloremque id voluptatum. Placeat iure alias veritatis praesentium nostrum dolore asperiores.','http://www.goldner.org/','Accusantium corporis doloremque non omnis est quis.','78 bc',81,19,825400,6,'http://mcdermott.com/','1977-06-22 19:36:43','2019-12-07 19:18:04'),(95,'http://www.hilllchristiansen.com/','nemo','Adipisci numquam enim distinctio voluptatibus dignissimos aliquid. Reiciendis unde omnis incidunt ea exercitationem voluptatibus est molestiae. Fugiat libero harum itaque deserunt esse est tempore.','http://kilback.info/','Minus odio accusamus facere et ipsam voluptatem vel.','75 rt',25,52,229850328,6,'http://www.shields.com/','2013-03-05 15:20:08','2020-04-08 01:01:55'),(96,'http://witting.com/','dolor','Dolor consequuntur in assumenda reiciendis. Perferendis assumenda aut fugit dolor. Corrupti quaerat quia quia. Aut vero nostrum non recusandae ab ex.','http://stehr.com/','Accusamus similique non cumque cum.','36 cl',61,13,0,3,'http://www.wunsch.com/','1999-05-29 08:17:11','2019-12-02 02:32:29'),(97,'http://zulaufhane.biz/','odit','Laborum quibusdam maiores quidem. Maxime et quis qui harum non fugiat est. Inventore exercitationem eveniet assumenda cupiditate impedit quo dolorem.','http://spencer.info/','Dolores nostrum non ratione aut velit voluptatum at.','43 vm',56,60,3,1,'http://www.muellergorczany.com/','2006-01-06 17:06:01','2020-06-16 23:38:56'),(98,'http://dach.com/','consequatur','Qui laborum quidem dolor. Id doloribus eum eaque earum error ipsa dolore.','http://www.bayer.com/','Adipisci doloribus voluptatem ea pariatur sit.','30 rl',6,6,800,3,'http://simonis.com/','2015-09-07 14:36:15','2020-05-25 06:55:16'),(99,'http://crist.com/','recusandae','Aut in amet consequatur quas omnis repudiandae tempora sapiente. Molestias eveniet sit suscipit perspiciatis a sed. Fuga perferendis aut est quaerat aut qui quo dolorem. Eligendi dicta est ad non ipsum.','http://auerfritsch.org/','Tempore earum voluptas beatae id et.','83 fv',61,8,11187991,7,'http://rosenbaum.com/','2012-07-27 02:31:02','2020-02-02 19:00:02'),(100,'http://sauer.info/','possimus','Est nihil voluptates adipisci occaecati necessitatibus aut voluptatem ipsa. Recusandae repudiandae omnis ab fugit quo molestiae. Officia aut voluptas dolores et id. Tempore magni iure aspernatur impedit dolores facilis voluptatem.','http://terrygutmann.info/','Voluptas dignissimos voluptatem delectus delectus omnis praesentium qui.','51 if',66,65,0,2,'http://www.abernathykris.info/','1970-03-27 23:22:19','2019-10-28 22:12:04');
/*!40000 ALTER TABLE `aur` ENABLE KEYS */;
UNLOCK TABLES;

--
-- Table structure for table `aur_dependencies`
--

DROP TABLE IF EXISTS `aur_dependencies`;
/*!40101 SET @saved_cs_client     = @@character_set_client */;
/*!40101 SET character_set_client = utf8 */;
CREATE TABLE `aur_dependencies` (
  `package_aur_id` int(10) unsigned NOT NULL COMMENT 'id пакета',
  `depend_aur_id` int(10) unsigned NOT NULL COMMENT 'id пакета, от которого зависит',
  `created_at` datetime DEFAULT current_timestamp(),
  PRIMARY KEY (`package_aur_id`,`depend_aur_id`),
  KEY `aur_dependencies_depend_aur_id_fk` (`depend_aur_id`),
  CONSTRAINT `aur_dependencies_depend_aur_id_fk` FOREIGN KEY (`depend_aur_id`) REFERENCES `aur` (`id`),
  CONSTRAINT `aur_dependencies_package_aur_id_fk` FOREIGN KEY (`package_aur_id`) REFERENCES `aur` (`id`)
) ENGINE=InnoDB DEFAULT CHARSET=utf8mb4 COLLATE=utf8mb4_unicode_ci;
/*!40101 SET character_set_client = @saved_cs_client */;

--
-- Dumping data for table `aur_dependencies`
--

LOCK TABLES `aur_dependencies` WRITE;
/*!40000 ALTER TABLE `aur_dependencies` DISABLE KEYS */;
INSERT INTO `aur_dependencies` VALUES (2,15,'1984-08-21 19:16:57'),(2,64,'2017-11-04 09:00:51'),(4,42,'2013-02-26 20:30:12'),(4,58,'1984-09-09 05:12:37'),(5,63,'1984-04-17 02:35:13'),(5,79,'1983-04-14 15:23:36'),(5,83,'1984-11-08 21:45:13'),(5,97,'2002-12-23 23:02:56'),(7,28,'2011-02-12 02:48:01'),(8,36,'2009-02-10 04:05:20'),(9,19,'1970-05-26 07:47:58'),(11,43,'1974-04-29 10:23:56'),(11,65,'1984-04-12 13:08:57'),(11,81,'1986-11-09 19:02:38'),(13,50,'1985-03-31 13:27:31'),(14,45,'2020-04-20 16:45:54'),(15,29,'2005-05-21 04:19:56'),(15,79,'1978-09-14 15:04:22'),(17,58,'2001-09-03 23:39:00'),(17,83,'1986-06-16 09:54:02'),(17,95,'2015-02-26 16:05:32'),(18,42,'2011-05-04 18:49:08'),(20,71,'2013-06-10 20:53:26'),(22,5,'1970-07-28 19:20:01'),(22,17,'2014-04-04 03:51:47'),(25,70,'1990-03-28 10:37:12'),(28,63,'1976-06-19 16:18:13'),(28,71,'1999-03-24 19:31:38'),(30,12,'1997-01-24 16:17:22'),(30,31,'1978-03-01 03:18:44'),(30,87,'1978-03-31 01:17:26'),(30,90,'1970-09-03 15:45:52'),(31,23,'2014-02-18 05:29:08'),(33,62,'1971-10-17 18:31:07'),(34,36,'1997-04-14 06:58:17'),(34,78,'2001-12-15 23:31:29'),(35,97,'1985-09-26 15:22:44'),(36,3,'1988-03-31 00:08:14'),(36,8,'1977-05-31 04:50:39'),(36,66,'2017-07-13 05:43:38'),(36,99,'2018-03-17 08:05:24'),(39,18,'1996-08-10 00:53:04'),(43,34,'1995-04-12 01:58:56'),(44,84,'2016-05-09 14:58:49'),(45,17,'2009-06-03 20:04:06'),(45,68,'1979-01-26 02:07:25'),(46,89,'2004-11-03 06:29:08'),(47,41,'2016-07-27 14:10:09'),(48,24,'2009-12-09 14:08:58'),(49,80,'2012-02-18 05:01:46'),(50,55,'1990-12-17 12:22:09'),(51,52,'2016-12-18 16:51:38'),(53,19,'1997-03-07 11:07:04'),(55,40,'2006-02-05 13:52:26'),(55,45,'2016-11-17 13:42:05'),(55,47,'1998-09-16 22:49:07'),(55,97,'2005-03-08 15:04:22'),(57,60,'1974-05-09 07:25:49'),(58,15,'1986-03-19 15:27:26'),(58,62,'1989-04-22 19:43:10'),(60,52,'2007-07-16 21:11:31'),(61,35,'1970-06-25 11:57:48'),(61,58,'2008-04-20 22:12:25'),(61,95,'2001-07-15 15:53:04'),(62,7,'2009-12-22 23:09:44'),(62,20,'1987-02-21 02:57:11'),(62,90,'1981-09-20 11:12:01'),(63,36,'2008-10-20 10:33:26'),(64,52,'2012-03-02 01:23:08'),(65,68,'2009-01-11 15:35:50'),(65,71,'1996-02-08 02:04:06'),(67,79,'1977-11-24 23:43:15'),(70,66,'1990-10-16 23:00:59'),(71,87,'1977-09-12 01:58:54'),(73,11,'1985-07-10 21:18:47'),(73,50,'1979-01-26 07:50:00'),(77,49,'2000-08-24 06:33:00'),(78,97,'2005-12-05 21:22:09'),(80,19,'1975-12-15 22:43:42'),(82,21,'1983-05-24 04:14:12'),(84,53,'1993-12-19 15:31:48'),(85,41,'1985-10-10 20:01:46'),(85,65,'2001-01-08 23:47:40'),(87,24,'1993-12-29 01:54:17'),(88,8,'1979-08-17 18:52:20'),(88,23,'1982-07-30 17:18:23'),(90,56,'1994-05-06 08:34:57'),(90,90,'1982-03-13 08:06:14'),(91,11,'2013-11-30 12:29:37'),(91,70,'1980-01-22 13:35:39'),(92,95,'1975-09-24 18:42:01'),(96,73,'1970-06-17 12:09:24'),(97,10,'2020-05-12 06:14:18'),(97,30,'2001-09-25 07:30:44'),(97,33,'1997-03-14 05:18:08'),(97,77,'2013-03-30 20:22:58'),(98,11,'1992-08-30 07:57:29'),(98,42,'1997-02-15 16:09:47'),(98,64,'2017-08-28 09:29:17');
/*!40000 ALTER TABLE `aur_dependencies` ENABLE KEYS */;
UNLOCK TABLES;
/*!50003 SET @saved_cs_client      = @@character_set_client */ ;
/*!50003 SET @saved_cs_results     = @@character_set_results */ ;
/*!50003 SET @saved_col_connection = @@collation_connection */ ;
/*!50003 SET character_set_client  = utf8mb4 */ ;
/*!50003 SET character_set_results = utf8mb4 */ ;
/*!50003 SET collation_connection  = utf8mb4_unicode_ci */ ;
/*!50003 SET @saved_sql_mode       = @@sql_mode */ ;
/*!50003 SET sql_mode              = 'IGNORE_SPACE,STRICT_TRANS_TABLES,ERROR_FOR_DIVISION_BY_ZERO,NO_AUTO_CREATE_USER,NO_ENGINE_SUBSTITUTION' */ ;
DELIMITER ;;
/*!50003 CREATE*/ /*!50017 DEFINER=`root`@`localhost`*/ /*!50003 TRIGGER depend_on_yourself_aur BEFORE INSERT ON aur_dependencies
    FOR EACH ROW
BEGIN
	IF new.package_aur_id = new.depend_aur_id THEN
		SIGNAL SQLSTATE '45000' SET MESSAGE_TEXT = 'INSERT canceled';
	END IF;
END */;;
DELIMITER ;
/*!50003 SET sql_mode              = @saved_sql_mode */ ;
/*!50003 SET character_set_client  = @saved_cs_client */ ;
/*!50003 SET character_set_results = @saved_cs_results */ ;
/*!50003 SET collation_connection  = @saved_col_connection */ ;

--
-- Table structure for table `bugs`
--

DROP TABLE IF EXISTS `bugs`;
/*!40101 SET @saved_cs_client     = @@character_set_client */;
/*!40101 SET character_set_client = utf8 */;
CREATE TABLE `bugs` (
  `id` int(10) unsigned NOT NULL AUTO_INCREMENT,
  `task_type` varchar(50) COLLATE utf8mb4_unicode_ci NOT NULL COMMENT 'Тип баг-репорта',
  `category` varchar(255) COLLATE utf8mb4_unicode_ci NOT NULL COMMENT 'баг чего нашли',
  `severity` enum('critical','high','medium','low','very low') COLLATE utf8mb4_unicode_ci NOT NULL COMMENT 'серьезность бага',
  `summary` varchar(255) COLLATE utf8mb4_unicode_ci NOT NULL COMMENT 'Заголовок',
  `body` text COLLATE utf8mb4_unicode_ci NOT NULL COMMENT 'описание бага',
  `author_id` int(10) unsigned NOT NULL COMMENT 'id автора',
  `status` enum('unassigned','assigned','unconfirmed','waiting on response') COLLATE utf8mb4_unicode_ci DEFAULT NULL COMMENT 'статус репорта',
  `architecture` varchar(50) COLLATE utf8mb4_unicode_ci NOT NULL COMMENT 'Архитектура, на которой найден баг',
  `priority` enum('high','normal','medium','low','very low') COLLATE utf8mb4_unicode_ci DEFAULT NULL COMMENT 'приоритет задачи',
  `percent` tinyint(4) DEFAULT NULL COMMENT 'Процент выполнения',
  `votes` int(10) unsigned DEFAULT NULL COMMENT 'Апвоуты',
  `private` tinyint(1) DEFAULT NULL COMMENT 'приватность',
  `created_at` datetime DEFAULT current_timestamp() COMMENT 'Время создания',
  `updated_at` datetime DEFAULT current_timestamp() ON UPDATE current_timestamp() COMMENT 'Время редактирования',
  PRIMARY KEY (`id`),
  KEY `bugs_author_id_fk` (`author_id`),
  KEY `bugs_category_idx` (`category`),
  KEY `bugs_task_type_idx` (`task_type`),
  CONSTRAINT `bugs_author_id_fk` FOREIGN KEY (`author_id`) REFERENCES `wiki_users` (`id`)
) ENGINE=InnoDB AUTO_INCREMENT=101 DEFAULT CHARSET=utf8mb4 COLLATE=utf8mb4_unicode_ci;
/*!40101 SET character_set_client = @saved_cs_client */;

--
-- Dumping data for table `bugs`
--

LOCK TABLES `bugs` WRITE;
/*!40000 ALTER TABLE `bugs` DISABLE KEYS */;
INSERT INTO `bugs` VALUES (1,'et','Numquam in quod hic qui qui laboriosam asperiores.','high','Hic molestiae occaecati quaerat.','Voluptas qui officia doloremque reprehenderit quam perspiciatis. Vel explicabo nihil debitis cumque reiciendis. Ut facere est officiis perferendis beatae aut.',21,'assigned','numquam','very low',60,8,0,'1996-08-06 22:15:43','2020-08-19 00:49:48'),(2,'quo','At reprehenderit animi aut commodi ab repellendus suscipit sunt.','medium','Omnis ducimus sint aut animi ullam aut aliquid.','Ab unde sed omnis amet consequatur et vero. Eos et nesciunt nesciunt vero non. Rerum et quibusdam temporibus blanditiis officia et expedita ea.',68,'unconfirmed','labore','medium',62,2,1,'1995-02-25 05:56:09','2019-11-10 12:00:05'),(3,'voluptatem','Dolorem ut accusamus sit aspernatur ut impedit eos.','critical','Officia eius harum inventore qui.','Optio in placeat atque hic aliquam vero. Nesciunt ratione suscipit non aperiam ut. Voluptates omnis excepturi sit voluptatibus voluptas. Molestiae rem voluptatem sint ad inventore voluptas perferendis.',6,'waiting on response','consequatur','low',46,9,1,'1981-08-12 10:42:36','2019-10-10 16:08:00'),(4,'est','Vel deserunt alias facere id velit placeat doloribus quo.','high','In vero accusamus autem voluptas cum saepe error.','Voluptatem nihil ut quod. Sequi nam soluta autem omnis. Reiciendis aliquam voluptatum culpa incidunt neque minus ut.',4,'assigned','id','high',55,2,0,'2008-12-13 01:24:59','2019-09-02 19:08:17'),(5,'omnis','Architecto consequuntur quia voluptas dolorem quisquam beatae excepturi.','very low','Nemo est repellendus modi sed molestias et a.','Ex quia in reiciendis voluptate ut iusto est. Atque corporis aut aut sit doloremque totam. A delectus nihil aut nesciunt.',94,'unconfirmed','a','high',62,2,0,'1983-06-06 03:03:52','2020-03-28 21:12:14'),(6,'cupiditate','Officia itaque nisi modi nostrum qui aut rerum.','critical','Ab nam non ex.','Molestiae minus dolores enim officiis asperiores provident. Quam et ut nihil quaerat at doloribus. Atque dignissimos quo consectetur nemo.',39,'unassigned','quia','medium',25,2,1,'1981-08-30 23:38:44','2019-12-29 19:43:06'),(7,'inventore','Facere eaque excepturi autem itaque eveniet quia sit voluptatem.','medium','Odit cum molestiae dignissimos maiores sit repellat sunt voluptate.','Voluptatem corrupti ut quasi odio voluptate molestiae qui. Temporibus placeat vel labore.',52,'assigned','ipsam','normal',46,1,0,'2011-11-19 10:58:14','2020-05-23 19:14:30'),(8,'quia','Aliquid minus officia et qui.','medium','Minima ullam doloremque ut fugit porro.','Qui et vero ex laudantium fugiat. Voluptatem earum et quos. Doloribus alias facilis hic. Ut aut alias eum omnis iusto nulla.',98,'unassigned','omnis','high',48,6,0,'2018-01-13 08:23:04','2020-03-02 23:09:19'),(9,'sunt','Dicta molestias quidem inventore commodi vitae enim rem.','high','Et sit dignissimos qui aspernatur consectetur.','Eius rerum impedit voluptatum iusto inventore eum est. Provident quia placeat totam omnis consequatur.',41,'unassigned','quam','normal',27,6,0,'1986-08-20 05:33:48','2019-09-20 12:12:57'),(10,'unde','Iste et et hic quis distinctio.','low','Dolorum consectetur et facilis asperiores.','Enim sit voluptas sunt similique et reprehenderit provident. Natus aperiam aliquid sit veritatis. Non totam est dolorem. Ut necessitatibus qui rerum voluptas quo voluptatem et accusantium.',42,'unconfirmed','dolorem','very low',52,4,0,'2003-09-07 05:10:02','2019-09-21 15:38:44'),(11,'soluta','Qui ut rerum error ea doloribus qui rerum.','low','Corrupti aut odio cupiditate nostrum.','Natus ipsa et non inventore pariatur nihil. Odio voluptatem neque quam sapiente vitae illo occaecati. Sed veniam voluptatem voluptas unde cumque.',34,'unassigned','repudiandae','normal',93,9,1,'1987-10-28 01:37:40','2019-11-03 15:18:35'),(12,'sit','Fuga est nemo quo ut.','high','Est et molestiae vero necessitatibus.','Magnam doloremque blanditiis laboriosam error consequatur dicta nam sint. Excepturi id quibusdam et harum et ex. Mollitia voluptatem labore repellendus sunt error voluptatem consequuntur.',55,'waiting on response','rerum','normal',78,1,1,'2003-09-27 19:50:14','2019-08-29 17:39:42'),(13,'tempora','Ratione illum fugit et fugit consectetur rem quia.','critical','Voluptas autem exercitationem aut ipsa.','Autem quo deserunt maxime doloribus odio optio voluptate consectetur. Cupiditate quis nam atque. Ut ea facere quo labore modi distinctio sequi. Alias maxime aut aut recusandae accusamus quo corrupti totam.',66,'unassigned','pariatur','normal',76,4,0,'2015-09-08 01:34:57','2019-10-12 04:28:09'),(14,'enim','Est omnis iusto neque quis dolorem veritatis nobis laborum.','critical','Eum atque suscipit quia incidunt vel tenetur voluptatem.','Perspiciatis debitis pariatur quis eligendi nam. Dolorum porro facilis aspernatur ut. Quasi omnis quidem fugit reprehenderit.',31,'unconfirmed','mollitia','high',100,2,0,'1984-06-18 10:01:47','2019-09-06 19:30:09'),(15,'ut','Suscipit iure sit esse cupiditate.','very low','Eum facere dolorum perferendis et sit non at natus.','Delectus cumque impedit est quia non harum. Et ipsum neque voluptates quisquam animi ab fuga sit. Saepe iure enim laudantium sunt cumque reiciendis beatae. Qui omnis in reprehenderit adipisci.',9,'unassigned','vel','high',31,1,1,'1990-07-14 11:29:57','2019-09-10 10:22:02'),(16,'quibusdam','Reprehenderit impedit ex corrupti nemo non vel itaque est.','medium','Suscipit et consequatur iste.','Sapiente molestias fugit doloremque earum tenetur. Dolor possimus dignissimos excepturi ipsa ea est fugit. Assumenda illo dolorem maiores voluptatum quos laboriosam. Ut et soluta et laboriosam. Dolorum amet unde ea.',92,'unconfirmed','sequi','high',79,1,0,'2003-04-12 02:51:40','2020-07-15 06:33:06'),(17,'repudiandae','Ut reiciendis minus nesciunt molestiae at.','critical','Veritatis non fugit et ut placeat consectetur animi nostrum.','Eius et ducimus dicta et veniam ipsa. Doloremque et molestiae eum placeat vel. Quidem doloribus rerum qui accusantium vel. Fugit rerum nihil iusto quia adipisci nisi non sed. Autem at itaque suscipit consequatur odit distinctio veritatis.',39,'assigned','doloribus','medium',17,2,1,'1981-04-09 06:22:19','2019-12-21 01:10:53'),(18,'laudantium','Ullam tempore nihil aut laboriosam et facere fuga.','high','Ex temporibus fugiat culpa ut unde.','Consequatur id sit ea ut. Veniam porro illo unde officia vel. Hic pariatur voluptates dolor provident debitis. Dolor explicabo explicabo cumque odit.',23,'unconfirmed','accusamus','high',56,5,0,'1977-07-20 18:14:55','2020-08-15 02:46:09'),(19,'consequatur','Corporis aliquam ducimus esse eum aut nobis qui natus.','medium','Deserunt qui cum magnam aut dolor autem repellendus.','Expedita unde quia ut dolor vel nulla. Beatae sit laborum sint error dolore sunt.',42,'unconfirmed','id','medium',34,9,0,'1973-11-06 08:53:56','2020-01-13 12:44:30'),(20,'provident','Natus quos sint inventore sed.','medium','Molestiae ut officiis ut voluptatem ratione dolor.','Aut et vel alias reprehenderit atque qui iste. Similique exercitationem itaque nobis vel tenetur.',77,'unassigned','ullam','normal',84,2,1,'1986-09-05 01:20:39','2020-06-08 03:36:13'),(21,'quam','Temporibus architecto cumque inventore est.','very low','Aperiam quia odit asperiores velit et.','Et voluptatem architecto et sunt. Doloremque rerum id aliquam deserunt ea voluptatem. Qui ullam consequatur nisi quidem vel. Qui repellendus possimus aspernatur id.',91,'waiting on response','officiis','high',94,7,0,'1998-10-28 12:12:01','2019-09-22 18:14:35'),(22,'nam','Ad quidem aut accusamus eos mollitia tenetur.','high','Nulla ipsa consectetur porro earum consequatur cum.','Totam molestiae assumenda qui quas ipsum. Natus voluptatem vero quos modi. Id consequatur commodi officia occaecati. Distinctio qui itaque fugit repudiandae sit est.',91,'waiting on response','eaque','very low',17,6,1,'1985-07-16 10:04:24','2019-10-19 13:55:22'),(23,'et','Quo consequatur consequuntur nobis ut.','critical','Rem necessitatibus ipsum atque ea sunt sequi.','Commodi ut in vitae quidem. Quia aperiam alias adipisci saepe. Consequatur odio sed dolorem exercitationem recusandae voluptas.',9,'assigned','deleniti','medium',43,5,0,'1982-07-26 09:27:42','2020-04-28 03:57:24'),(24,'tempora','Eaque maiores aut animi quis ullam praesentium in est.','critical','Architecto repellat voluptas a et voluptatem.','Soluta ducimus necessitatibus est labore facilis accusantium. Omnis dolorem facilis non incidunt omnis. Dolorum a nostrum quos ut amet aut.',44,'assigned','voluptatum','normal',31,8,0,'1990-05-29 04:53:01','2019-12-02 12:10:33'),(25,'cupiditate','Vitae ipsa sit aut eos.','critical','Ab architecto eos velit quidem perferendis.','Possimus et perferendis et eligendi debitis. Omnis similique sed eos ipsum est. Quas ut ratione tempore laborum. Eaque unde veniam sit officia.',30,'assigned','mollitia','very low',17,5,1,'1978-04-23 08:09:46','2020-06-07 03:58:53'),(26,'sit','Rerum recusandae vel reiciendis.','high','Quaerat aliquam aut ratione sit laudantium aut accusamus voluptas.','Rerum sint aliquid voluptatem temporibus eos accusamus libero. Architecto molestiae minima et ut voluptatem. Molestias modi soluta et totam et. A debitis commodi molestiae assumenda cum.',46,'assigned','sint','medium',57,8,0,'2007-10-19 18:55:32','2020-02-18 19:46:42'),(27,'harum','Sint ea sunt omnis mollitia.','high','Nihil aut sit voluptate possimus.','Nulla rerum porro omnis et nulla. Est totam vero et. Architecto cum aperiam consectetur accusamus dolorem rerum ex. Voluptatem quia molestiae ea eaque delectus.',29,'unassigned','ut','very low',29,6,1,'2017-05-22 14:07:05','2019-10-29 14:06:13'),(28,'commodi','At fugit ut dolores et.','low','Velit molestiae et recusandae.','Quaerat ut possimus unde libero aliquam. Perspiciatis porro excepturi eum rem ullam nihil expedita. Voluptas voluptas aut cumque placeat voluptatem maiores consequatur.',99,'assigned','est','normal',22,3,1,'2010-12-16 20:41:14','2020-04-27 03:41:31'),(29,'dolorem','Est quae culpa doloribus asperiores.','critical','Dignissimos voluptatum vel incidunt eos.','Id necessitatibus qui eligendi dolores esse dolores cupiditate. Assumenda velit repudiandae ipsum magnam porro nisi. Maxime cum ullam atque sit expedita est. Maxime ipsam commodi dolor quos sed.',85,'waiting on response','nesciunt','high',83,4,1,'2005-06-26 09:50:13','2020-08-03 14:35:50'),(30,'iste','Facilis labore corporis et libero.','high','Vel incidunt exercitationem sint.','Nam culpa incidunt mollitia debitis. Doloribus iure sed perspiciatis. Blanditiis rerum quos consectetur dolorem modi. Quis eius optio rerum saepe magnam explicabo consequatur.',49,'unassigned','porro','low',2,3,0,'1990-01-17 11:48:06','2019-10-28 09:02:06'),(31,'rerum','Aspernatur libero excepturi omnis non eum ullam.','critical','Rerum explicabo fugiat consequatur excepturi porro.','Consectetur asperiores vero quia iure est. Qui distinctio aut provident et. Consequuntur nihil dolor error deleniti.',54,'waiting on response','dolor','high',44,1,1,'2015-02-03 08:33:26','2019-08-31 09:16:25'),(32,'saepe','Porro sit aut excepturi dolorem consequatur culpa.','high','Sed minima est itaque adipisci unde fugit.','Nobis eum cupiditate quod quae iste. Eos sunt enim omnis quis dolore. Qui alias odio aliquid provident.',5,'unassigned','deleniti','very low',53,7,1,'1976-07-23 08:07:03','2019-09-18 03:05:19'),(33,'eos','Sed aut velit fuga inventore voluptate perferendis.','high','Beatae facere voluptatem alias nostrum quia ipsa.','Non est cum quas commodi. Nihil nihil nostrum totam qui suscipit. Deleniti voluptatem et delectus voluptas.',17,'assigned','expedita','medium',2,4,1,'1982-05-14 05:22:13','2020-01-29 16:03:17'),(34,'nulla','Voluptas aut et architecto aut voluptate facere nihil similique.','high','Architecto eius laudantium voluptatem est deleniti cum.','Suscipit sed occaecati minus aut adipisci aliquam. Excepturi aut velit ab fugit. Iusto quo est consectetur aut. Repellendus omnis dignissimos repudiandae enim dicta rerum inventore dolores. Nemo non voluptatem et fugiat laudantium.',59,'assigned','earum','medium',50,1,1,'1988-08-25 12:39:11','2020-05-22 02:13:11'),(35,'animi','Quaerat tempore iure aut quia necessitatibus.','medium','Voluptatem non officiis minima recusandae.','Quibusdam dolores animi vitae repudiandae eaque. Officiis omnis aut et veniam. Corporis itaque voluptatem vel ipsum eligendi officiis laudantium. Modi voluptates rerum nesciunt.',9,'unconfirmed','nobis','normal',30,2,1,'2019-01-20 20:22:55','2020-01-13 07:42:59'),(36,'qui','Sunt repellat minima aliquid nihil nam reiciendis.','very low','Dolores a impedit ut quidem assumenda eos.','Eaque eos natus vitae nobis omnis. Numquam enim reprehenderit est sit. Voluptas fugit cum reprehenderit libero ut cum non. Ut doloremque est dolores incidunt eius cumque voluptas. Ut nulla nihil laborum enim vel.',10,'unassigned','nihil','high',69,2,0,'2008-06-06 17:57:15','2020-02-18 04:20:05'),(37,'in','Ut dolorem sit ullam qui deserunt ut.','medium','Accusantium rerum in incidunt ut.','Aut ad assumenda dicta reiciendis fugiat aut libero. Sed consequuntur sapiente officiis explicabo sed. Quia consequatur nemo dolores natus.',98,'assigned','at','medium',60,5,0,'1974-08-13 15:55:18','2019-09-21 22:37:13'),(38,'mollitia','Quia velit recusandae non neque amet ut.','critical','Qui eum iure asperiores rerum iste sed voluptatum.','Dicta expedita aliquam eligendi dolorem et. Voluptatibus ut voluptatem nihil magnam omnis.',60,'unassigned','impedit','medium',56,8,0,'1994-01-26 13:21:52','2020-05-04 20:51:53'),(39,'qui','Facilis omnis fuga sed velit omnis.','critical','Voluptatem dolorum delectus voluptatem.','Hic sunt reprehenderit modi explicabo. Fugiat quos voluptas at voluptate sed nesciunt et. Suscipit eaque sit consequuntur ea fugit.',8,'assigned','nihil','very low',22,1,0,'1979-02-20 11:26:11','2020-06-11 11:30:24'),(40,'sit','Non voluptatum praesentium sint ut odio.','low','Totam veritatis aut et similique.','Saepe quod animi id ut ipsam. Sequi nobis et pariatur nisi omnis adipisci ad. Nemo ullam natus aut tempore in sed rem. Non eos ut qui sequi.',38,'assigned','ut','normal',9,6,1,'1988-01-30 16:45:49','2020-01-02 05:57:17'),(41,'magnam','Fuga dolores corrupti occaecati aut nesciunt.','critical','Voluptates autem voluptate distinctio voluptates.','Quisquam aut et est molestias. Esse provident rem ut labore beatae esse. Dolores animi est ab explicabo explicabo. Sint soluta libero id nulla sint est.',2,'unconfirmed','labore','low',79,7,0,'1985-08-31 05:17:08','2020-03-15 18:47:49'),(42,'et','Aut dolores quaerat dignissimos neque.','very low','Qui ut eos eum quas dolores porro.','Et est unde in laborum est eos ex. Est ut sunt alias iure ut est. A cupiditate quae doloribus est ut nihil. Ad aut quam est sit dignissimos.',42,'unconfirmed','nam','low',2,6,0,'2010-08-02 09:56:50','2020-05-25 22:01:35'),(43,'illo','Sint dignissimos sint qui sed.','medium','Quae ut dolores quis facere modi dolorem.','Quia eum labore inventore. Doloribus in quisquam et et aut. Ut facilis soluta vero ut quibusdam animi labore sint.',93,'assigned','neque','very low',81,1,0,'1981-04-12 07:34:46','2020-05-25 21:09:20'),(44,'ratione','Quam sapiente id quidem saepe debitis nobis.','medium','Unde voluptas magnam molestiae doloremque quisquam quis.','Qui officia praesentium asperiores minus consequuntur sunt qui. Et sint qui et cumque dolore. Voluptatum est ullam voluptatem placeat sapiente laudantium.',67,'assigned','nostrum','low',46,1,1,'1974-11-26 02:26:02','2020-01-07 15:14:08'),(45,'consequatur','Ex ut quisquam amet iste tempore consequatur molestiae.','low','Qui repellendus sed possimus vel.','Corrupti dolores quas repudiandae et vel delectus voluptas. Laboriosam animi quae sequi magni qui eligendi.',72,'assigned','qui','very low',81,3,1,'1988-11-06 18:46:12','2020-05-14 14:18:10'),(46,'veritatis','Qui porro fugit laboriosam atque sit placeat.','high','Ut commodi vel rerum culpa.','Nesciunt quia vero culpa sit quia minus quisquam. Magnam assumenda illum cum fuga optio.',2,'assigned','tempora','low',71,2,1,'1977-04-28 04:34:16','2020-06-26 06:32:25'),(47,'velit','Iste blanditiis recusandae error temporibus.','medium','Eius aut sint officiis natus architecto tempore doloribus dolores.','Maiores dignissimos ut numquam qui. Pariatur temporibus unde beatae corporis. Sequi dolores labore consequatur dolores nulla asperiores et.',59,'assigned','omnis','low',46,3,1,'2003-12-12 06:37:28','2020-04-17 11:26:21'),(48,'dolor','Nobis rerum odio ab nostrum rem.','high','Doloribus perspiciatis vel quis est ducimus.','Ex impedit suscipit voluptatem deleniti qui dolores cupiditate quo. Magnam sunt saepe hic nostrum. Et reprehenderit sit numquam. Animi facilis autem voluptas quae aliquid consequatur soluta.',11,'unassigned','quia','high',95,8,1,'1998-10-25 12:56:53','2020-06-12 09:45:16'),(49,'consequatur','Exercitationem et et quae ducimus.','critical','Velit id dolorem aut blanditiis reprehenderit neque debitis.','Quos et sed sint vel sequi atque. Et saepe rerum temporibus a corporis vel. Velit sit et dolor sunt eveniet.',24,'unassigned','aut','high',79,6,0,'1989-03-26 08:53:35','2020-08-23 17:47:32'),(50,'et','Explicabo similique quod voluptatem.','high','Sequi odit excepturi est est ex unde.','Eligendi qui quos sit sit sed et ut. Repellendus maxime ducimus ut explicabo impedit voluptas sunt adipisci. Qui blanditiis recusandae ut voluptatibus.',1,'waiting on response','est','normal',94,4,0,'1978-09-01 15:11:28','2020-05-12 15:31:38'),(51,'veritatis','Quo quidem deserunt sed maxime rerum dolores.','very low','Minima culpa iste omnis totam necessitatibus.','Repellat aut maxime veritatis quia. Ut nihil ut consectetur fuga modi iste.',87,'assigned','voluptatibus','normal',68,7,1,'1980-06-19 21:59:10','2020-08-19 11:06:48'),(52,'est','Illum quidem quae ex a doloribus.','very low','Ut quod nesciunt quia rerum.','Sed odio sit dolorem incidunt earum a ut. Pariatur aut est praesentium facilis quasi magnam amet. Provident voluptas voluptas molestiae quibusdam corporis ullam sint.',14,'waiting on response','eligendi','high',2,7,0,'1981-02-04 09:47:32','2020-04-22 11:23:18'),(53,'nemo','Ex commodi dolores qui tenetur porro laborum.','medium','Repudiandae fugit perspiciatis ex animi.','Culpa laborum sed dolores fugiat est et. Assumenda qui ex dignissimos est recusandae in minus. Unde consequatur repellendus asperiores ut quasi soluta.',91,'assigned','ut','normal',86,9,0,'1988-06-02 15:27:24','2020-04-24 17:44:19'),(54,'nam','Aut ab maxime libero iste dolores reiciendis.','high','Earum nostrum autem nam sit ut.','Dolorem culpa nemo tempore rerum quis nulla. Et libero provident dolorum. Cum sed quod voluptate. Quia sed facilis sed eum.',96,'unconfirmed','libero','very low',48,7,0,'2018-04-16 04:57:25','2019-10-30 09:11:36'),(55,'sed','Quo dolores sit atque totam reiciendis est.','critical','Fuga quis est expedita perspiciatis odio aut accusantium eveniet.','Eveniet odit dolorum quaerat id laborum eos ullam. Dicta voluptatum velit perferendis suscipit et tempora. Totam sapiente est excepturi nemo consequatur. Cum hic ratione molestiae a ad maxime. Et odio atque porro quas quod reiciendis.',58,'waiting on response','fuga','low',87,3,1,'2006-11-11 19:38:46','2020-02-06 10:11:13'),(56,'est','Alias nobis dolorem sint beatae et sint quae.','medium','Eaque voluptatem animi aut dolorem quam quo alias.','Necessitatibus dignissimos quis non incidunt. Ut omnis aut sed amet et veritatis quo non. Nihil voluptatem ut sit exercitationem asperiores est.',20,'assigned','ullam','high',52,3,1,'2011-04-08 18:10:30','2019-12-06 15:29:08'),(57,'et','Magni earum similique qui.','high','Qui qui dicta soluta unde eos et non.','Dolores tempora ut assumenda aut mollitia et. Tenetur sit eligendi assumenda ea beatae. Repudiandae in officia architecto voluptatem voluptatem perferendis.',41,'unconfirmed','ipsa','medium',16,5,1,'1978-09-24 17:15:23','2020-05-06 10:48:30'),(58,'alias','Dignissimos tempore reprehenderit quae quasi.','high','Occaecati incidunt accusamus id ut reprehenderit voluptate dignissimos.','Porro quod repudiandae voluptatibus sapiente. Eligendi culpa quasi repellendus cumque nisi. Debitis iste et quis soluta quibusdam.',86,'waiting on response','consequatur','normal',96,2,0,'2010-03-31 02:18:53','2019-09-03 03:43:48'),(59,'repellendus','Dolor et illo ad sed earum voluptatem.','low','In non est ad nulla voluptatum.','Ut sapiente adipisci possimus autem distinctio molestiae perspiciatis dolor. Ut minus nobis distinctio architecto explicabo. Aut laudantium temporibus voluptatem numquam. Quo optio magnam quasi asperiores.',19,'assigned','eius','very low',23,3,1,'1986-04-28 21:12:12','2019-12-31 22:16:20'),(60,'maiores','Architecto quos sunt at delectus impedit porro omnis laboriosam.','low','Hic et quo labore veritatis sit.','Velit incidunt aut pariatur minus voluptatum doloremque. Id aspernatur rerum in aut consequuntur voluptas est. Velit voluptas delectus amet ab accusamus eius eum. Autem quia quia quae.',25,'waiting on response','aspernatur','medium',49,2,1,'1996-01-12 04:27:13','2020-05-13 19:48:26'),(61,'quia','Soluta ea soluta voluptatem occaecati.','high','Enim culpa dicta fugiat nihil dolore.','Nobis eum officiis ex ab et ipsum sed. Eveniet quia voluptatem voluptatibus ipsa. Aut ea blanditiis aliquid consequatur est inventore quasi. Magnam beatae qui iure facere incidunt soluta totam. Doloribus quo qui nisi autem.',35,'unconfirmed','delectus','high',60,8,1,'2009-08-28 17:20:46','2020-07-20 22:14:46'),(62,'ipsam','Qui laborum maiores tenetur corrupti.','critical','Omnis non commodi quis autem molestias quos.','Dolor iste minima pariatur rem et nulla. Dolorem architecto nisi similique sunt. Ea cumque aut eum soluta ea facere.',72,'unassigned','necessitatibus','medium',50,5,0,'2001-10-20 21:38:05','2020-05-17 12:07:33'),(63,'aspernatur','Sunt ea et distinctio corporis sint.','very low','Cumque ab quae esse blanditiis.','Quia in amet omnis quaerat. Dolor quibusdam eum ex rerum consequuntur facere et. In iure praesentium harum voluptate cum quae voluptas. Vitae ut ab quis beatae.',30,'waiting on response','consequatur','normal',93,1,0,'1972-04-05 11:02:30','2019-10-14 17:32:08'),(64,'quam','Quisquam laboriosam non quasi veritatis dolorem.','low','Maxime quis et voluptas fugit labore magni inventore.','Qui corporis dignissimos in inventore commodi ut doloremque perspiciatis. Omnis nostrum saepe unde. Tempora sequi accusamus blanditiis accusamus quo voluptatem officia.',51,'unconfirmed','unde','high',69,5,1,'2008-02-02 14:29:19','2020-04-18 16:04:35'),(65,'quis','Quidem earum fugiat nobis minima praesentium perferendis quas.','medium','Tempora neque deleniti placeat recusandae.','Et magni ipsam expedita voluptate veritatis nostrum. Officiis animi et culpa. Ut nihil ea non impedit eos aut et accusantium. Aut adipisci deserunt non dolore autem.',31,'unassigned','ab','high',20,6,0,'2013-08-12 22:09:44','2020-03-18 22:23:53'),(66,'voluptatum','Itaque ut voluptas similique sapiente voluptate voluptatem.','high','Corrupti ut est voluptas pariatur dolorum ut.','Pariatur enim eum explicabo temporibus consectetur alias autem. Rerum voluptatum quia sit rem. Odit omnis sed accusantium aperiam. Perspiciatis saepe officia ipsa libero.',38,'assigned','animi','medium',79,1,0,'2011-12-05 23:34:32','2020-03-26 05:39:40'),(67,'sit','Dolores exercitationem accusantium possimus laboriosam possimus nisi aut.','low','Ex quia id aut dolor sint omnis at.','Sed deserunt aut praesentium repellat maiores alias dolorem. Quaerat veniam facere sunt. Alias in distinctio praesentium nulla doloremque laudantium aspernatur.',61,'waiting on response','ipsum','high',70,1,0,'1989-06-27 21:03:55','2019-12-28 18:14:10'),(68,'illo','Excepturi voluptatem omnis dolorem quidem quo voluptas eum.','very low','Sit provident cum dolor exercitationem deserunt rerum veniam.','Ut et alias voluptatem explicabo voluptas. Natus tempora unde sapiente voluptas maxime deleniti. Aut sit aspernatur sit qui eum exercitationem sint. Totam rerum ipsam cumque.',29,'unconfirmed','fugiat','very low',84,9,1,'2009-08-08 20:26:54','2020-06-29 03:58:57'),(69,'inventore','Amet occaecati molestiae labore ipsam asperiores.','critical','Omnis officia iste quia nam sed enim.','Laborum molestiae nostrum ipsa consequatur. Aut dolorem accusantium tempore fugit voluptas ipsa porro.',98,'waiting on response','excepturi','medium',94,9,0,'1990-05-05 03:06:15','2020-04-04 04:51:20'),(70,'nisi','Laborum qui eos aperiam repudiandae quis rerum cupiditate.','high','Et ex excepturi nisi.','Aut nisi tenetur qui aut quidem. Temporibus perspiciatis ut quasi explicabo sed. Consequatur soluta labore mollitia. Expedita consequatur vero quas officiis. Dolor voluptate eos voluptatem.',68,'unassigned','labore','low',2,1,0,'1995-03-31 02:46:52','2020-04-20 02:43:19'),(71,'hic','Sint mollitia quos totam quam adipisci.','critical','Natus nisi deserunt rerum enim expedita.','Praesentium tenetur a odio perspiciatis. Nemo est aspernatur consequatur. Rerum sint dolor delectus dignissimos totam. Earum ipsa odit molestias voluptatum aliquam inventore.',67,'unassigned','qui','normal',88,9,1,'1977-07-23 07:29:16','2020-08-19 12:08:30'),(72,'sit','Culpa quia nostrum dolorum deserunt accusantium praesentium atque.','medium','Quis reprehenderit odit amet sequi atque.','Eaque repudiandae veniam quae laudantium et blanditiis. Molestias rerum dolores blanditiis soluta ut id in. Perspiciatis a minima fugit consectetur cum sit aut. Aut qui hic et aut eum non. Reiciendis in et rerum.',99,'unconfirmed','quam','medium',76,3,0,'1992-11-28 23:26:34','2020-07-10 09:16:50'),(73,'quia','Excepturi cupiditate a expedita et.','medium','Voluptatem vel accusamus vero autem.','Autem quia sit qui exercitationem culpa. Architecto exercitationem optio dicta et non similique. Ut sit mollitia sapiente et dolor. Adipisci illo quisquam et explicabo repellendus nulla.',9,'waiting on response','laboriosam','high',94,6,1,'1992-07-26 15:47:37','2020-03-22 16:52:13'),(74,'vitae','Facere velit minus quas sint et voluptatem.','low','Non doloribus explicabo eligendi maxime quia animi molestiae.','Neque error sapiente nam modi iure. Molestiae tempore debitis architecto quo facere praesentium iste. Voluptatem laborum minus vero eos quas.',59,'assigned','in','low',80,9,1,'1975-04-27 14:39:54','2020-05-17 02:32:33'),(75,'debitis','Dolorum voluptas earum voluptatum enim nihil dolor eius.','medium','Facilis iusto nostrum suscipit sit.','Dolor deserunt unde qui ratione quia. In et accusamus expedita. Cum laudantium ea omnis voluptatem omnis blanditiis ipsam. Dolorem architecto laboriosam voluptatem amet. Minus atque omnis autem praesentium quo qui quod consectetur.',66,'unassigned','error','medium',57,9,0,'1976-12-28 16:01:33','2020-08-21 14:09:18'),(76,'occaecati','Aut tenetur dignissimos voluptatum eos nihil a quaerat.','high','Corporis doloribus quasi et nisi et esse non.','Et atque et molestiae sequi magnam. Ut nobis et amet facere nemo et. Minima id deleniti fugit voluptatum omnis. Laboriosam qui soluta ducimus.',81,'waiting on response','in','low',58,1,1,'2009-03-26 07:04:08','2020-06-09 22:43:36'),(77,'eum','Dolores est itaque et.','medium','Iure sint accusantium repellat non.','Sit sit ipsam quam odit nostrum ea. Molestiae vel autem ut vero. Corrupti sint molestias similique quam.',60,'unassigned','consequatur','normal',4,4,0,'2008-05-09 07:53:36','2020-06-01 03:55:59'),(78,'optio','Fuga fugit consectetur error sed magnam quo sit.','medium','Quam voluptates cupiditate asperiores consequatur est aspernatur laboriosam voluptatem.','Vel dolorum est ut. Quaerat sunt libero fugiat quo enim ut suscipit. Fuga harum consequatur eos.',24,'unconfirmed','earum','very low',97,9,1,'1999-07-23 12:05:00','2020-07-02 13:37:41'),(79,'tenetur','Ut sed ipsam corrupti quo quo aut odio.','low','Inventore vero eum deleniti cum libero aut numquam.','Et ipsum quasi corporis laudantium. Id odit laudantium atque soluta. Soluta qui dolores a atque. Atque non quaerat expedita omnis.',91,'assigned','debitis','normal',50,3,0,'2019-06-02 04:17:29','2019-10-30 09:19:39'),(80,'consequatur','Neque quas commodi enim alias cupiditate ut.','very low','Occaecati pariatur aspernatur tempore.','Amet voluptate inventore quia necessitatibus quaerat ut delectus. Nam necessitatibus iste quod eum eius. Ea in doloribus vero commodi qui. Sit ea voluptas alias exercitationem.',84,'unassigned','sunt','medium',46,7,1,'2020-01-20 22:04:00','2019-11-06 02:24:37'),(81,'vitae','Officia accusamus qui voluptatem odio.','medium','Molestiae molestias quis et qui soluta delectus.','Architecto ea ut ducimus. Soluta nostrum repellat et et dolor sequi. Aut voluptas dolore sequi et tempora doloremque consectetur.',24,'unconfirmed','error','low',65,6,0,'2008-09-24 00:10:02','2020-04-23 08:04:11'),(82,'libero','Deleniti perferendis aliquam delectus porro.','medium','Est alias ut architecto odit reprehenderit error dolores.','Odit qui eveniet dignissimos. Soluta sint quos neque dolorum velit qui. Beatae sapiente ut voluptas dolores rem. Assumenda aut dolores qui quis voluptatum error eaque.',78,'unconfirmed','aliquam','normal',41,2,0,'1974-03-22 02:13:37','2020-02-01 20:38:35'),(83,'nihil','Debitis aut sunt aut.','medium','Velit repellat necessitatibus quia sunt et rerum.','Debitis voluptatem repudiandae consequatur accusantium voluptates ut. Itaque quisquam iste rerum cum labore. Necessitatibus saepe dicta qui possimus dolorum numquam et.',98,'unconfirmed','voluptatem','normal',7,7,1,'2004-11-06 13:06:02','2020-03-18 17:52:36'),(84,'non','Ea adipisci similique quasi fugiat provident error.','medium','Consequatur velit esse atque cupiditate explicabo fugiat iusto.','Est et placeat aut maiores sunt voluptatem. Quae sequi nesciunt quia dolores et voluptatem. Vel tempora velit aut exercitationem.',15,'waiting on response','eum','normal',58,8,0,'1970-10-04 00:16:47','2020-06-14 14:08:36'),(85,'consequuntur','Id ut optio quo voluptas iure.','very low','Mollitia consequatur tempora nisi ullam.','Optio cumque repudiandae illum sed. Ut rem non laboriosam repellendus odit tempora sequi. Tempore aut suscipit eum suscipit. Repudiandae omnis eligendi assumenda illo neque iusto iste.',73,'assigned','saepe','low',46,5,0,'2011-11-17 19:49:30','2019-09-10 12:03:34'),(86,'molestias','Doloremque voluptatem voluptas dicta.','critical','Perspiciatis pariatur excepturi consectetur.','Dolore voluptas ea asperiores vero. Dolorem dolorum voluptatem quia quaerat. Voluptatem magni natus quasi ad molestiae et earum cum.',55,'assigned','quis','medium',46,9,0,'1976-09-18 12:19:35','2020-08-09 04:52:27'),(87,'dolorum','Iusto ea soluta illum porro nam veritatis.','very low','Itaque sit ad inventore voluptatum est excepturi qui.','Alias et vel omnis officia ipsa vel recusandae. Repellat iure quisquam autem iste quis commodi. Aliquam minima saepe nam delectus itaque dolorem. Quo dolor non aut est.',35,'waiting on response','magnam','high',18,1,1,'2002-02-17 19:38:59','2020-05-31 10:12:48'),(88,'quos','Consequatur recusandae sed maxime dicta ratione.','low','Corrupti sit est aliquam a culpa est blanditiis et.','Adipisci et nisi nostrum ipsam quia esse non. Quis quia voluptatibus aliquid praesentium fugit nam non. Sit sed id doloribus perferendis.',13,'unconfirmed','et','low',6,4,1,'2007-03-27 19:11:46','2020-02-23 02:53:57'),(89,'omnis','Voluptatem dicta ducimus nihil sit magni cupiditate.','critical','Quidem et et facilis dolorem perspiciatis quia.','Incidunt enim qui dolorem voluptas fugit velit. Optio vero dolores at molestiae harum distinctio. Et dolorum repudiandae perspiciatis asperiores omnis perferendis expedita. Doloribus expedita corporis ipsam enim molestiae reiciendis sint.',41,'unconfirmed','quo','very low',14,3,0,'1984-08-05 19:39:48','2020-01-02 14:23:49'),(90,'nisi','Quo facilis nulla ratione ut.','low','Totam occaecati est non.','Impedit quia nihil aliquam modi possimus ut. Repellat et qui ducimus eius rem quisquam. Unde et possimus magni est. Vero asperiores hic vitae iusto. Rerum voluptatem molestiae optio et et illum libero.',53,'unassigned','ut','high',37,3,0,'2016-03-17 16:33:11','2020-07-30 19:24:56'),(91,'eos','Eveniet expedita et harum ea.','high','Quis reprehenderit reiciendis consectetur sint aliquid velit assumenda.','Ipsa est et facilis qui ad. Sapiente qui est atque tenetur similique dolores veritatis est. Amet ut in placeat aut quas. Nemo quis quis natus qui adipisci omnis. Ea corrupti repudiandae nesciunt itaque.',38,'waiting on response','perspiciatis','high',60,7,1,'1988-02-03 17:25:02','2020-08-01 10:57:58'),(92,'sit','Doloremque cum qui doloremque et est.','critical','Blanditiis est ad eaque libero incidunt enim dolores.','Repellat rerum exercitationem id consequuntur quod architecto ad. Temporibus omnis tempora tenetur vitae sequi. Maxime molestiae et nam atque modi vitae. Quibusdam voluptatem placeat voluptatem adipisci voluptatem et.',76,'unassigned','esse','normal',39,2,0,'2009-10-06 06:44:03','2019-10-22 02:42:21'),(93,'enim','Sit quis quis est.','critical','Et nam vel eum pariatur dolorem adipisci.','Est magni odit voluptatem error reprehenderit vel. Nihil nesciunt sunt ex distinctio provident. Qui quia culpa aut velit quia voluptate sunt.',25,'unconfirmed','non','medium',67,4,0,'2010-08-02 01:29:21','2019-12-18 14:00:17'),(94,'deleniti','Eos expedita sit aliquid quam et est rerum.','critical','Unde repudiandae fuga repudiandae eius consectetur dolorum ea.','Deserunt voluptates ad consequatur voluptatem. Ipsa ducimus deleniti odio voluptas quia. Voluptates aut dolores aut.',68,'waiting on response','ullam','high',50,3,1,'2005-05-13 03:04:37','2020-05-27 22:44:15'),(95,'et','Sequi ipsum eos et laudantium aspernatur.','medium','Rerum provident eveniet ut omnis porro.','Est blanditiis quas et quisquam quia. Nihil dolorem voluptatem et velit repudiandae architecto. Alias illo est ipsa.',26,'assigned','esse','high',29,7,0,'1979-09-16 08:06:47','2020-06-19 00:56:24'),(96,'facere','Iusto corporis fugit libero.','medium','Non autem est molestiae enim.','Assumenda odit autem sunt quos. Quasi id nihil iusto nisi aut cupiditate. Sunt sint qui inventore laborum id. Saepe dolor sunt recusandae id quo eum.',55,'unconfirmed','nesciunt','very low',39,4,0,'2019-09-01 10:47:50','2019-09-15 05:44:16'),(97,'incidunt','Iusto occaecati sunt nihil totam recusandae quia.','medium','Est mollitia sint rerum sequi dolor voluptatem ipsum corporis.','Labore et ratione tenetur a nisi aut. Velit rem qui eum possimus quam aut porro. Sunt perspiciatis nulla in provident odio aspernatur perspiciatis. Tempore reiciendis eaque reiciendis cupiditate aut consequatur ut.',6,'unassigned','rerum','high',79,4,1,'1971-12-09 08:19:48','2019-10-15 08:57:26'),(98,'beatae','Sunt aut soluta incidunt.','critical','Ut aut consequatur quasi quasi possimus dicta aut.','Error et qui ab quo rerum. Totam impedit doloribus tempora error doloribus est. In eaque et et totam et exercitationem corporis mollitia.',86,'unconfirmed','consectetur','high',96,7,0,'2001-08-18 10:15:52','2019-09-30 03:30:30'),(99,'harum','Consequatur unde dignissimos quod.','high','Qui exercitationem ut officiis.','At laboriosam non repellat ipsam minus ut omnis. Fugit non distinctio voluptatum. Ab et asperiores commodi dolore. Vel doloribus quia architecto rerum rem blanditiis.',84,'waiting on response','assumenda','very low',68,4,0,'1992-05-06 17:03:36','2019-08-28 02:01:31'),(100,'quo','Consequatur labore eaque reprehenderit ipsa exercitationem rerum.','critical','Est repellat aperiam beatae.','Et vel molestiae in officiis. Maiores ab autem qui non unde. Porro aut id fugit optio.',3,'unconfirmed','id','low',11,1,0,'1981-02-25 21:51:32','2020-04-04 03:26:52');
/*!40000 ALTER TABLE `bugs` ENABLE KEYS */;
UNLOCK TABLES;

--
-- Table structure for table `forum_comments`
--

DROP TABLE IF EXISTS `forum_comments`;
/*!40101 SET @saved_cs_client     = @@character_set_client */;
/*!40101 SET character_set_client = utf8 */;
CREATE TABLE `forum_comments` (
  `id` int(10) unsigned NOT NULL AUTO_INCREMENT,
  `post_id` int(10) unsigned NOT NULL COMMENT 'К какому посту коммент',
  `author_id` int(10) unsigned NOT NULL COMMENT 'Автор коммента',
  `body` text COLLATE utf8mb4_unicode_ci NOT NULL COMMENT 'Сам коммент',
  `created_at` datetime DEFAULT current_timestamp(),
  `edited_at` datetime DEFAULT current_timestamp() ON UPDATE current_timestamp(),
  PRIMARY KEY (`id`),
  KEY `forum_comments_post_id_fk` (`post_id`),
  KEY `forum_comments_author_id_fk` (`author_id`),
  CONSTRAINT `forum_comments_author_id_fk` FOREIGN KEY (`author_id`) REFERENCES `forum_users` (`id`),
  CONSTRAINT `forum_comments_post_id_fk` FOREIGN KEY (`post_id`) REFERENCES `forum_posts` (`id`)
) ENGINE=InnoDB AUTO_INCREMENT=101 DEFAULT CHARSET=utf8mb4 COLLATE=utf8mb4_unicode_ci;
/*!40101 SET character_set_client = @saved_cs_client */;

--
-- Dumping data for table `forum_comments`
--

LOCK TABLES `forum_comments` WRITE;
/*!40000 ALTER TABLE `forum_comments` DISABLE KEYS */;
INSERT INTO `forum_comments` VALUES (1,97,94,'Exercitationem delectus quia aperiam. Voluptatem est nihil perspiciatis occaecati ut et voluptate. Culpa sunt fugiat illo eos tempore. Rem iure autem assumenda.','2003-06-01 09:24:31','2020-08-06 10:30:12'),(2,29,65,'Expedita voluptatem illum quos eos reprehenderit. Nemo minima velit voluptate omnis et alias. Maiores atque necessitatibus unde dicta.','1988-07-22 02:17:27','2020-08-24 09:59:50'),(3,7,44,'A non officia esse eos adipisci est at. Adipisci eum rerum atque qui perferendis vel. Occaecati et atque magnam ratione consequatur voluptatum. Cupiditate ipsam temporibus illo.','2018-12-14 17:26:31','2020-08-01 16:18:38'),(4,43,100,'Dignissimos ratione et sed est tempora ad consequatur ea. Consequuntur veniam ut reiciendis quod libero et aperiam. Rerum qui sunt dolorem optio quia aut qui. Aut optio blanditiis sed.','2020-03-17 15:14:59','2020-08-15 15:35:56'),(5,53,2,'Sequi ratione et doloribus. Sit voluptatibus facere nam cupiditate. Molestiae culpa odio culpa eum maxime provident repudiandae. Possimus tenetur facere et sint ratione repudiandae.','1973-02-18 15:28:32','2020-08-04 09:29:19'),(6,42,51,'Asperiores qui nisi nesciunt illum et quis voluptatibus. Ut quam beatae sed voluptates cum eum minima alias. Maiores accusamus omnis sit qui accusantium sint earum sed. Rerum dolorem corrupti blanditiis exercitationem sit molestias. Quas voluptas dolores pariatur quia maiores neque ut.','1984-03-19 07:58:29','2020-08-14 22:52:37'),(7,23,76,'Ipsam voluptatum nemo ratione dolores sint quo. Iure sunt tempora aspernatur sapiente aspernatur aut. Hic tenetur repudiandae voluptatum delectus possimus aut.','2015-01-10 19:03:46','2020-08-05 03:46:19'),(8,65,65,'Quis voluptatem esse fuga dignissimos laboriosam. Consequatur necessitatibus nostrum eum cupiditate officia autem sunt. Ut optio veniam eius. Consectetur eos doloribus aliquam itaque.','1995-12-11 09:46:53','2020-08-05 15:38:14'),(9,33,93,'Eum ut quia ipsa veniam maxime blanditiis placeat. Dolor voluptatem fugit natus eum deleniti amet itaque. Ut et quo quisquam quisquam ut.','2018-10-29 05:40:55','2020-08-09 05:16:18'),(10,48,11,'Beatae est assumenda quia ut. Consequuntur animi perspiciatis dignissimos animi repellendus laudantium sit. Hic optio autem aperiam aut iste saepe.','1996-07-20 02:02:28','2020-08-09 16:43:10'),(11,83,58,'Laborum vel nihil ut. Et doloremque excepturi est nemo velit. Ullam alias voluptate iusto ut voluptate qui. Soluta eius rerum velit.','1972-12-07 03:11:15','2020-08-08 05:31:21'),(12,6,95,'Quo consequuntur aliquam in vel dolor accusamus magnam fugit. Quis est in impedit tempore dolor animi corrupti inventore. Sed sed adipisci expedita iure qui alias consequatur. Vel eius eos quia dolores mollitia architecto.','1997-12-19 07:52:59','2020-08-15 07:10:50'),(13,8,62,'Animi sint numquam amet officia aut. Est velit provident quaerat voluptas. Rerum soluta dignissimos optio exercitationem aut nulla harum.','1977-11-26 03:50:56','2020-07-26 18:50:26'),(14,100,14,'Amet saepe neque et quod non laborum quae. Deserunt voluptas molestias similique voluptatum ad maxime amet. Repellat consequatur animi velit nihil consequatur.','2007-07-19 20:35:56','2020-08-16 13:23:51'),(15,8,53,'Nihil voluptas qui eum et assumenda et. Minus tenetur accusantium aut. Sequi omnis et architecto dolore quas et magnam.','1989-12-07 12:35:09','2020-08-06 02:03:34'),(16,98,5,'Sunt beatae natus illo velit quod quis. Porro repellendus ut voluptas corrupti optio. Optio cum sed suscipit odit non est. Aperiam magni labore et cupiditate molestiae.','1999-08-04 04:36:58','2020-08-09 05:47:39'),(17,46,26,'Autem et est eveniet ut quam quam. Praesentium possimus vel est quaerat ea corporis quia. Minima necessitatibus quasi excepturi quas odio quo voluptate. Optio fugit est et.','2014-08-31 04:09:50','2020-08-05 14:00:22'),(18,70,53,'Voluptatibus explicabo voluptas voluptate dolor. Aperiam eligendi praesentium rerum excepturi. Et sequi amet facere qui et voluptas non quia. Et nam quisquam aspernatur magnam. Omnis quae quidem laborum fugiat praesentium consequuntur quo eaque.','1982-08-15 07:27:26','2020-07-30 02:46:31'),(19,70,12,'Quasi minima recusandae consequuntur aliquid. Deserunt voluptatem facilis ipsa maxime enim. Quasi maxime facere alias ipsam dolore voluptas.','1971-01-18 14:20:20','2020-08-16 23:50:24'),(20,52,22,'Impedit et consequatur minima numquam voluptas dolores. Et facere voluptatem quas amet recusandae fuga. Et voluptatem modi maiores quo.','1998-01-11 23:09:26','2020-07-31 05:21:26'),(21,14,94,'Saepe culpa veritatis occaecati ullam temporibus vero. Deleniti saepe est ea in debitis autem.','2010-08-21 15:30:40','2020-07-29 03:31:33'),(22,73,36,'Pariatur odio tempora quia error necessitatibus non officia est. Ut assumenda ut ut ut repudiandae sapiente dolorem. Temporibus cum tempore laboriosam error et recusandae. Ut expedita eos iusto nesciunt aut rerum ipsum.','2007-06-25 14:27:10','2020-08-07 15:14:49'),(23,70,37,'Sit aliquam omnis rem. Ea laborum in accusamus dolorum ea voluptatem molestiae.','2000-10-28 00:50:46','2020-08-15 02:30:51'),(24,1,3,'Ea qui odit laborum unde. Ullam vero consequatur fuga neque incidunt in. Voluptatibus cum quia unde molestiae iusto. Aut eius sed voluptatum perferendis.','2001-12-03 15:38:03','2020-08-07 03:24:18'),(25,30,48,'Fugit quae earum odit dolor quia beatae rem. Nulla est repellat nulla nobis autem reiciendis sit. Corporis corporis odit id ut. Qui ut hic cupiditate ipsum.','1979-07-23 12:18:59','2020-08-19 08:31:02'),(26,13,13,'Consequuntur aut assumenda saepe rerum illo reprehenderit voluptatem aut. Enim et molestiae dolores maxime voluptas asperiores consequatur maiores. Alias est quia provident molestiae temporibus facere. Rerum aut sed harum sed ipsa magni.','1974-07-01 10:07:07','2020-07-31 16:52:10'),(27,6,19,'Quasi consequuntur error est eveniet. Temporibus unde quo sit autem corporis cum. Consequatur deserunt suscipit consequatur dolore accusantium aut eos. Quis odit dolorem a.','2005-09-16 03:20:43','2020-08-04 04:41:21'),(28,7,13,'Praesentium eum dolor iusto ut rerum est. Molestiae laudantium eligendi eos maxime ut atque. Soluta expedita dolores aut temporibus dolorem et. Harum unde aliquam sit vitae nostrum maxime assumenda.','1997-06-13 09:52:28','2020-07-30 03:12:13'),(29,80,7,'Doloribus molestiae fugiat exercitationem similique deleniti ex aperiam fuga. Aut mollitia consequatur et. Odio est dolor sit ducimus sit est.','1970-12-23 09:25:28','2020-08-05 10:09:36'),(30,27,88,'Qui perspiciatis et vel. Sit repellendus veritatis ratione id recusandae corporis autem. Vel rerum quia occaecati delectus. Animi qui eaque eveniet animi reprehenderit.','2009-10-14 21:07:23','2020-08-20 01:26:43'),(31,59,24,'Beatae explicabo est optio laudantium repellat maxime voluptatem sed. Sit omnis et sint voluptatem doloribus non. Sit deserunt non mollitia dolores odio. Voluptas molestiae ea ea nihil. Praesentium maiores eveniet totam in.','2000-09-20 02:22:19','2020-07-28 00:47:54'),(32,92,5,'Id dolores dignissimos ut laudantium qui dignissimos sit doloremque. Maxime non exercitationem quasi incidunt libero voluptatem autem. Aut consectetur esse eum dolores est.','2017-02-10 22:26:05','2020-08-21 15:58:40'),(33,49,61,'Vel doloremque nam ex optio consequuntur at. Sed dicta aspernatur totam quas possimus. Nulla sit omnis perferendis.','1996-11-24 13:53:24','2020-07-30 03:40:48'),(34,57,18,'Qui qui hic et porro necessitatibus facere. Molestias suscipit magnam corrupti. Et expedita suscipit mollitia veritatis veniam voluptate. Laudantium delectus nemo mollitia cum consequatur.','1973-09-07 13:57:38','2020-08-21 15:46:41'),(35,73,9,'Mollitia ea non fugiat qui voluptas. Nam alias iusto fugiat ut et deserunt. Aliquid non in possimus sunt rem itaque veritatis amet.','1984-04-03 20:29:39','2020-08-05 21:43:39'),(36,40,86,'Molestias eveniet qui labore ullam dignissimos. Libero omnis debitis doloremque in quisquam ea quidem. Ut voluptatibus sapiente consequatur totam.','2011-11-28 10:38:28','2020-08-02 06:21:38'),(37,3,12,'Architecto placeat distinctio consequatur vero consequatur totam accusamus sapiente. Hic ab aut vel aut omnis maiores et vel. Reprehenderit voluptas dolorem laboriosam laudantium ipsa rerum est.','1983-04-10 04:05:31','2020-08-13 20:49:17'),(38,22,72,'Tempora asperiores non facilis eos optio iusto qui. Fugit voluptas quia aut labore quis praesentium. Voluptatum qui molestiae voluptas optio voluptatem.','2017-07-14 01:14:12','2020-08-03 16:12:17'),(39,49,23,'Minus et aut pariatur. Odit inventore voluptates non nulla consequatur nulla inventore doloribus. Velit beatae beatae molestiae omnis quibusdam fugiat deserunt. Dolor ipsa reiciendis velit reiciendis.','2008-09-23 23:22:29','2020-08-13 23:59:17'),(40,75,79,'Aut in nihil delectus consequatur. Modi aliquam incidunt veniam.','2003-01-14 08:40:11','2020-07-31 12:17:17'),(41,71,88,'Ea impedit non natus quis modi. Provident ut necessitatibus deleniti velit voluptates delectus.','1990-08-11 07:28:03','2020-08-08 13:33:07'),(42,91,76,'Voluptatibus atque amet occaecati assumenda necessitatibus iste consectetur et. Repudiandae quasi voluptatem eligendi ullam laborum. Ad incidunt eius autem accusantium voluptatum ut.','1975-12-15 04:22:18','2020-08-07 17:15:16'),(43,6,98,'Et et illum est architecto velit saepe possimus. Vitae velit sed consequatur impedit non consequatur deleniti. Sit ut quibusdam rerum eos eos dolore facere.','2015-01-25 08:56:20','2020-08-11 17:20:17'),(44,89,85,'Animi voluptas accusantium nesciunt sint. Aliquam enim excepturi tempore minima est libero eum. Sapiente quas ea recusandae provident sunt. Aut accusantium eum quaerat eos consectetur et.','1998-07-25 20:19:57','2020-08-19 10:04:04'),(45,4,15,'Tempore corrupti fugit beatae. Non ut consequatur soluta cumque. Aliquam dolorum officiis corrupti amet. Et laborum sed explicabo aliquam iste maiores velit.','2003-09-22 09:42:56','2020-08-21 16:12:29'),(46,73,63,'Numquam est quisquam quos voluptatem. Dolor quia nulla ratione nihil eos enim quo facere. Perferendis commodi amet incidunt voluptatem voluptatibus voluptatem maxime libero. Perspiciatis necessitatibus a vitae magnam molestiae perspiciatis ipsam.','1999-07-05 06:29:06','2020-08-06 00:25:30'),(47,38,65,'Unde quia sunt laboriosam quas qui libero eos. Aliquid fugit illum vel qui error et. Non minus et et dolorum qui consequatur.','1995-12-18 20:03:01','2020-08-07 08:35:37'),(48,67,87,'Fugiat magni velit iure. Sapiente deserunt minus fuga iure numquam voluptas voluptatem. Vero consequatur est quia culpa. Ex sequi minima hic aliquid.','2008-12-28 04:34:24','2020-08-18 23:12:10'),(49,25,24,'Beatae sequi quae sint. Voluptates ut aut omnis repudiandae minima excepturi deserunt. Et quam sint atque accusamus ea dolorem. Quis totam eligendi tenetur.','1992-02-04 20:55:51','2020-08-03 23:16:54'),(50,5,98,'Quia deserunt voluptates dolores voluptas nostrum. Nihil voluptates nisi ab sequi sequi consequuntur nulla.','1999-11-03 20:38:56','2020-07-27 08:58:49'),(51,32,44,'Iusto reprehenderit id dolores harum ex dolor. Sed quas sed quo et pariatur distinctio harum. Saepe consequatur dolor cumque alias non architecto. Qui ut nesciunt saepe doloremque.','2009-01-30 13:35:51','2020-07-28 16:11:55'),(52,84,34,'Distinctio tempore ipsam itaque rerum ea. Autem iste consequatur aut neque laborum suscipit. Ratione vitae et alias. Temporibus magnam eum id consequuntur quod sit.','2015-07-20 14:31:47','2020-07-29 19:32:42'),(53,56,5,'Tempore nobis totam velit est est. Inventore consectetur officia eos repudiandae. Occaecati quos distinctio voluptas voluptas facilis et.','2005-04-08 01:28:02','2020-08-23 16:29:50'),(54,6,4,'Reiciendis id non vel ut. Qui aliquid consequatur tenetur cum. Et eum in totam eum reiciendis.','1972-07-05 15:04:53','2020-08-07 23:44:47'),(55,28,80,'Atque nihil enim incidunt animi. Sunt consequuntur laboriosam fugit ab necessitatibus et. Ducimus minima laudantium ab quo blanditiis.','1972-01-04 05:08:01','2020-08-10 10:44:26'),(56,82,98,'Quibusdam quasi quis atque dolor laborum. Asperiores omnis magnam repellendus nihil. Molestiae cupiditate cupiditate nulla illum reiciendis ea. Qui aliquam quo fugit et soluta.','2015-05-02 21:20:37','2020-08-07 22:54:27'),(57,67,72,'Quos ab deleniti temporibus enim commodi non enim voluptatum. Occaecati et eum placeat autem excepturi quia eligendi saepe. Voluptas et exercitationem provident molestiae nulla. Deserunt sapiente blanditiis molestiae nam repellat.','1996-12-06 08:03:16','2020-08-24 20:35:39'),(58,73,72,'Iusto accusamus at iusto est inventore esse adipisci. Rerum nesciunt velit aut rerum animi.','1995-12-12 07:47:49','2020-08-01 10:57:18'),(59,69,61,'Et distinctio amet dignissimos. Et a non aliquam quo nostrum aut incidunt minima. Voluptatum fugit dicta porro fugiat eum in aut.','2005-10-13 10:44:47','2020-08-03 05:05:55'),(60,57,73,'Laudantium qui similique consectetur aspernatur consequatur quis dolorum. Adipisci doloribus aperiam eligendi tempora officia sunt. Officiis sequi aspernatur molestias natus et eaque magnam. Repellendus et aut ut. Explicabo laudantium dolores unde sint.','2000-12-11 03:10:59','2020-08-09 01:53:56'),(61,76,30,'Aspernatur doloribus perferendis nesciunt voluptate quia hic. Perferendis debitis voluptas tenetur et sequi omnis fuga. Iste ipsum accusantium molestiae iste.','2010-10-28 05:27:04','2020-08-14 01:23:58'),(62,36,13,'Vero quia qui totam sint. Consequuntur illo illum blanditiis at quod nesciunt. Nobis similique eos illo esse. Occaecati laudantium molestiae adipisci labore sit odit occaecati maxime.','1985-06-24 23:41:01','2020-08-15 18:04:52'),(63,94,3,'Qui debitis est dicta accusamus. Harum nostrum laudantium at omnis sint nisi amet velit. Corporis voluptatem et neque vel non ad. Perferendis magnam consectetur dolores voluptates rerum velit ipsum omnis.','1987-03-24 02:50:18','2020-07-30 17:34:10'),(64,100,19,'Magnam voluptatibus accusamus deserunt reprehenderit quia sint quisquam. Sint odio vitae iste.','1985-06-14 20:51:32','2020-08-21 13:06:55'),(65,26,4,'Occaecati fuga error voluptatum sunt quaerat. Voluptatum iure ducimus voluptatem quo repudiandae a voluptatem.','2008-04-27 20:42:09','2020-08-18 01:53:15'),(66,16,57,'Laudantium voluptate aspernatur dicta fugit omnis. Earum consectetur debitis molestiae culpa voluptas. Est excepturi animi ab reiciendis debitis eaque quaerat.','2018-06-09 07:20:59','2020-08-20 21:29:16'),(67,48,100,'Consectetur laborum perferendis animi velit aliquid est. Perspiciatis earum fugit ut deleniti voluptatem esse fuga iusto. Aut alias vitae quod autem fugit molestiae quod error. Odio voluptatum odit ut consequatur voluptas enim deleniti. Vero et doloribus quis id aut blanditiis quam in.','1980-08-26 09:26:45','2020-08-06 08:36:44'),(68,91,3,'Fuga ut harum consequatur recusandae libero perferendis. Illo ea reprehenderit sit iure ut quam. Cumque vero nulla a praesentium eius. Neque sit culpa et sapiente.','1977-06-21 22:18:31','2020-08-15 01:35:18'),(69,5,97,'Maiores cumque laboriosam quos mollitia illo. Et tempora temporibus qui totam vitae cupiditate consequuntur dolor. Vitae sit error quasi consectetur nobis ullam. Laudantium dolores inventore ad soluta.','1998-07-15 09:25:57','2020-07-25 18:13:49'),(70,6,32,'Magni et iusto ducimus rerum voluptate sed ullam. Deleniti nesciunt voluptatibus quaerat ipsam. Consequuntur asperiores adipisci nihil quasi ut.','1995-03-27 11:31:05','2020-08-14 22:19:11'),(71,76,87,'Cupiditate non vero accusamus. Et iusto dicta reiciendis quasi nulla.','1998-03-10 01:08:16','2020-08-22 22:26:09'),(72,29,43,'Recusandae dolores at distinctio veritatis perspiciatis nesciunt. Asperiores voluptates voluptatibus aut nostrum asperiores temporibus. Cumque natus optio nihil in illum neque magni. Sed similique quidem vel incidunt reiciendis dolores.','2013-07-08 08:12:28','2020-08-02 07:52:00'),(73,59,2,'Ut odit inventore et voluptates ipsam illum eaque. Velit optio eum a a qui in. Quia corporis a quidem laudantium impedit.','1983-10-17 07:15:38','2020-08-24 21:31:32'),(74,15,28,'Accusamus omnis qui quia molestias voluptatibus. Nesciunt vero enim error molestiae odio cupiditate consequatur perferendis. Omnis suscipit quaerat unde ratione voluptatem. Et quis qui quia minus ab.','1996-05-27 12:32:07','2020-08-13 12:00:37'),(75,63,72,'Dolores qui qui quis reiciendis reprehenderit voluptatem modi. Quia molestias aliquam et aut eos exercitationem. Repellat temporibus repellendus quia vel impedit.','2014-03-31 08:40:43','2020-08-15 04:35:00'),(76,1,38,'Consectetur incidunt magnam omnis voluptatum non. Nesciunt eaque alias ut possimus libero omnis animi. Accusamus illum repellat et. Odit ipsa commodi eveniet temporibus.','2019-05-02 18:45:39','2020-07-29 20:44:15'),(77,1,36,'Consectetur quod tempora laboriosam voluptates molestias dolore. Eveniet officiis illo est magnam. Magnam quisquam voluptas optio quos. Labore et accusantium perferendis sit sequi. Voluptatem excepturi eius voluptas voluptate quos.','1984-06-13 18:58:39','2020-07-25 09:11:57'),(78,51,94,'Dolore impedit quos natus. Dicta aliquam est tempora quasi sint atque expedita. Aut ex porro ullam fugiat. Ea ullam ut aut et dolorem dolore nulla. Optio assumenda sint autem facilis minima laborum non illo.','2001-09-23 11:14:16','2020-08-16 07:35:28'),(79,38,50,'Eos omnis nostrum iste. Soluta dolor animi corporis nihil.','2001-06-25 01:28:28','2020-08-23 17:58:31'),(80,12,63,'Quisquam ipsa qui modi qui eos dolores est. Beatae est maxime ut autem aspernatur. Consequuntur et a assumenda at quia nostrum ut. Vel quod quia ut unde.','2001-07-29 09:09:24','2020-08-17 01:08:35'),(81,54,28,'Occaecati voluptatem placeat et. Pariatur temporibus ea repellendus natus reiciendis. Blanditiis ut delectus dolores. Sed aspernatur dignissimos nihil.','1989-06-18 05:29:07','2020-08-13 15:01:41'),(82,20,1,'Ut voluptates saepe delectus placeat id labore. Et voluptatem distinctio et vel soluta laborum. Id et praesentium fugiat distinctio.','1995-08-14 19:01:08','2020-08-01 23:54:33'),(83,27,11,'Velit modi sunt quia velit nobis ipsa. Rem et incidunt ut ut pariatur autem et. Non facilis qui est aut.','2011-10-24 19:26:38','2020-07-31 02:57:30'),(84,3,31,'Totam ut dolores voluptatibus autem. Qui cum laudantium cum quia et velit quibusdam. Perspiciatis officia est possimus molestiae et enim numquam aut. Beatae accusantium voluptas praesentium quo necessitatibus.','2000-10-11 09:37:37','2020-08-17 23:51:35'),(85,7,9,'Ex et dolore ut sunt ab. Ut perferendis repudiandae voluptatum eum id. Ea ea officia eaque.','2015-01-07 06:08:16','2020-08-01 01:41:37'),(86,63,82,'Autem esse neque officia porro qui. Dignissimos et dolores illo in. Dolor magnam quia sunt et. Qui rem aut et quia.','1970-08-03 02:25:33','2020-08-15 14:13:50'),(87,95,91,'Quas a inventore est non occaecati possimus velit in. Dicta placeat laboriosam ullam eos. Tenetur accusantium consectetur temporibus rerum. Assumenda adipisci a rerum molestias exercitationem animi.','1985-08-30 11:40:38','2020-08-06 14:52:00'),(88,25,54,'Tempora similique eius consequatur iusto non explicabo. Nisi quo accusantium natus sit. Molestiae odit omnis odio qui cupiditate qui laborum. Fuga et qui perferendis.','1992-05-12 17:31:35','2020-08-12 23:37:35'),(89,93,39,'Nesciunt sit qui sed aliquam sit rerum. Sed neque non beatae quia aut maxime quisquam reiciendis. Quo et numquam molestiae facilis dolorem.','1986-01-23 14:08:55','2020-08-07 05:45:09'),(90,81,55,'Sed et harum dolor et. Aut dolor aliquam quod maiores atque libero saepe. Inventore ea laboriosam ipsam qui architecto.','1977-04-22 13:40:32','2020-08-13 18:09:14'),(91,11,81,'Earum sed modi minus alias corrupti in cumque. Architecto cupiditate maiores asperiores voluptate est aut. Esse impedit debitis nemo quis voluptatem sint. Ea officia facilis nihil assumenda sequi.','1998-09-15 15:53:06','2020-08-15 21:48:58'),(92,93,11,'Laborum non pariatur reiciendis vel eveniet amet laborum. Deserunt incidunt iste qui ipsa assumenda. Eveniet voluptatem amet nihil quo et.','1978-12-21 03:04:28','2020-08-24 23:15:05'),(93,17,43,'Quis magnam et qui. Aliquid sit aliquam rem dolores illum quisquam reiciendis. Qui sequi doloribus nihil harum numquam sint. Nam labore amet recusandae sint architecto sunt quo tempora.','2004-09-10 00:21:09','2020-08-06 06:43:40'),(94,5,54,'Sequi et et perferendis itaque esse fuga quisquam. Consequatur molestiae architecto vitae voluptas voluptas rerum officiis. Vel impedit ratione pariatur.','2018-08-28 08:29:28','2020-08-19 00:39:56'),(95,93,17,'Porro error repellat aut doloremque. Nesciunt qui qui qui cum ex incidunt. Veniam ipsa consequatur est debitis. Quasi eos reiciendis rerum ipsam sed eum non.','1989-02-06 15:56:16','2020-08-11 03:17:17'),(96,17,46,'Sed repudiandae atque velit omnis consectetur vero voluptas. Quo maiores repellendus architecto est. Maiores deleniti fugit eveniet et enim ex. In sequi modi molestias sunt rerum consequatur.','1974-08-10 03:52:07','2020-08-10 03:19:49'),(97,44,36,'Minima soluta sit ut sed. Repudiandae voluptatem eaque ut voluptatum.','2013-08-10 02:47:21','2020-07-27 12:02:58'),(98,47,71,'Non illum minima laboriosam laborum cum velit. Est minima nobis non autem saepe veritatis. In ex quibusdam et maxime. Impedit tempora minima modi iste libero vel.','1973-01-23 17:22:59','2020-08-05 07:19:56'),(99,47,49,'Veniam iure qui voluptatem iusto vel. Tempore ut qui porro et. Dolorem assumenda animi a.','2011-05-05 04:21:34','2020-08-13 06:33:58'),(100,2,53,'Cupiditate voluptas hic possimus dolor non. Occaecati facere beatae molestiae dicta dolore qui. Sunt odio similique ut fugiat et consequatur quod quod.','1991-02-22 13:04:49','2020-07-29 08:34:41');
/*!40000 ALTER TABLE `forum_comments` ENABLE KEYS */;
UNLOCK TABLES;

--
-- Table structure for table `forum_groups`
--

DROP TABLE IF EXISTS `forum_groups`;
/*!40101 SET @saved_cs_client     = @@character_set_client */;
/*!40101 SET character_set_client = utf8 */;
CREATE TABLE `forum_groups` (
  `id` int(10) unsigned NOT NULL AUTO_INCREMENT,
  `name` varchar(100) COLLATE utf8mb4_unicode_ci NOT NULL COMMENT 'Имя группы',
  `level` tinyint(3) unsigned NOT NULL COMMENT 'Уровень допуска. 1 - самый высокий',
  `created_at` datetime DEFAULT current_timestamp(),
  `updated_at` datetime DEFAULT current_timestamp() ON UPDATE current_timestamp(),
  PRIMARY KEY (`id`),
  KEY `forum_groups_name_idx` (`name`)
) ENGINE=InnoDB AUTO_INCREMENT=8 DEFAULT CHARSET=utf8mb4 COLLATE=utf8mb4_unicode_ci;
/*!40101 SET character_set_client = @saved_cs_client */;

--
-- Dumping data for table `forum_groups`
--

LOCK TABLES `forum_groups` WRITE;
/*!40000 ALTER TABLE `forum_groups` DISABLE KEYS */;
INSERT INTO `forum_groups` VALUES (1,'quo',3,'1977-01-08 09:42:25','2020-02-05 14:11:37'),(2,'ea',2,'1991-05-11 14:38:44','2020-06-07 12:59:21'),(3,'nisi',5,'1977-05-26 17:42:14','2020-08-05 22:26:46'),(4,'reiciendis',8,'1983-06-11 16:11:46','2020-07-31 18:52:04'),(5,'consequatur',1,'1981-03-12 03:34:04','2020-04-09 17:20:22'),(6,'aut',5,'2009-04-27 06:33:32','2019-09-08 17:06:15'),(7,'enim',6,'2006-05-15 08:29:23','2020-05-15 12:31:52');
/*!40000 ALTER TABLE `forum_groups` ENABLE KEYS */;
UNLOCK TABLES;

--
-- Table structure for table `forum_posts`
--

DROP TABLE IF EXISTS `forum_posts`;
/*!40101 SET @saved_cs_client     = @@character_set_client */;
/*!40101 SET character_set_client = utf8 */;
CREATE TABLE `forum_posts` (
  `id` int(10) unsigned NOT NULL AUTO_INCREMENT,
  `title` varchar(255) COLLATE utf8mb4_unicode_ci NOT NULL COMMENT 'Заголовок поста',
  `body` text COLLATE utf8mb4_unicode_ci NOT NULL COMMENT 'Сам пост',
  `author_id` int(10) unsigned NOT NULL COMMENT 'Автор поста',
  `theme_id` int(10) unsigned NOT NULL COMMENT 'В каком разделе форума',
  `created_at` datetime DEFAULT current_timestamp(),
  `updated_at` datetime DEFAULT current_timestamp() ON UPDATE current_timestamp(),
  PRIMARY KEY (`id`),
  KEY `forum_posts_author_id_fk` (`author_id`),
  KEY `forum_posts_theme_id_fk` (`theme_id`),
  KEY `forum_posts_title_idx` (`title`),
  CONSTRAINT `forum_posts_author_id_fk` FOREIGN KEY (`author_id`) REFERENCES `forum_users` (`id`),
  CONSTRAINT `forum_posts_theme_id_fk` FOREIGN KEY (`theme_id`) REFERENCES `forum_themes` (`id`)
) ENGINE=InnoDB AUTO_INCREMENT=101 DEFAULT CHARSET=utf8mb4 COLLATE=utf8mb4_unicode_ci;
/*!40101 SET character_set_client = @saved_cs_client */;

--
-- Dumping data for table `forum_posts`
--

LOCK TABLES `forum_posts` WRITE;
/*!40000 ALTER TABLE `forum_posts` DISABLE KEYS */;
INSERT INTO `forum_posts` VALUES (1,'Neque est fugiat maiores suscipit sint aperiam esse.','Odit ex incidunt rerum est ducimus. Qui voluptas molestias ullam minus quam. Velit perspiciatis omnis iusto omnis. Id at odit impedit consequatur asperiores.',16,8,'2012-07-16 21:05:26','2020-08-17 07:06:35'),(2,'Sed soluta dolorem dolor.','Quia iste cum voluptatem voluptas reprehenderit quasi. Similique laboriosam consectetur itaque eligendi eum amet. Sed voluptatem minima id. Ex facere asperiores modi a.',40,4,'1983-07-06 06:05:08','2020-08-24 16:33:30'),(3,'Saepe tempore dolorem et aut adipisci occaecati in.','Laborum dignissimos hic consequatur voluptatem rem nihil aut culpa. Aliquam assumenda consequatur ullam qui dolores. Quo accusamus neque nulla mollitia accusamus quis.',49,9,'1990-07-28 02:58:28','2020-08-05 22:33:34'),(4,'Nemo odit nisi illum alias ut sed facilis.','Quos commodi perspiciatis autem. Maiores itaque quibusdam eum incidunt. Perferendis dolor voluptatem dolorum possimus non omnis maiores.',74,7,'1974-06-13 10:27:58','2020-08-23 08:43:30'),(5,'Sint voluptates officia eos nesciunt non.','Vitae repudiandae consequatur quia perspiciatis harum corrupti. Omnis quasi facilis sed qui veniam. Dicta maiores ea sed deleniti sint cumque et.',74,16,'2009-10-22 11:29:48','2020-08-03 00:40:32'),(6,'Quidem nostrum sequi eaque vitae possimus rerum ea.','Eius in natus amet velit et. Culpa quia quos voluptate. Tempore sit odio eligendi ipsa inventore. Amet fugiat tenetur corporis rerum autem voluptates sapiente quod. Ut praesentium quisquam impedit repellat.',71,4,'2005-01-20 09:32:09','2020-08-05 03:07:39'),(7,'Vitae rem tempora id consequatur.','Sed in in impedit est. Velit itaque quidem praesentium qui voluptatibus quod odit. Ut vel tempora minima nemo.',68,16,'2016-03-02 06:58:07','2020-08-03 14:23:29'),(8,'Fugiat eum qui occaecati consequuntur dicta.','Alias aut facilis sunt repellat dolorum rem quod doloribus. Dolorum eum sit molestias voluptatibus distinctio et repudiandae. Tempora numquam quam et commodi repellendus hic. Odit doloribus ipsum non voluptatem eveniet deserunt sit aperiam.',72,15,'1976-05-25 10:18:34','2020-08-25 04:13:53'),(9,'Id blanditiis unde necessitatibus corrupti tenetur asperiores veniam.','Vitae voluptatibus id in rem unde quos. Explicabo explicabo consequatur aspernatur doloribus doloremque nesciunt earum. Tempora numquam quis libero incidunt et et. Et aliquid velit rem totam enim sunt eligendi. Omnis odio sit quos quis dolores voluptas dolore.',30,13,'1998-10-01 15:44:29','2020-08-06 16:13:00'),(10,'Ea ut qui placeat sit dolor est ipsa.','Dignissimos accusantium rerum vel ex illo quia eos qui. Esse mollitia possimus quidem nihil qui veritatis.',73,18,'1986-12-24 09:42:02','2020-08-22 16:38:51'),(11,'Et laborum nobis deleniti provident.','Illum non adipisci consequuntur laboriosam quis atque. Laudantium quasi impedit sapiente delectus quam. Voluptates modi debitis aut iure eveniet quam mollitia. Maiores quod recusandae consequatur.',49,14,'2016-09-20 15:51:01','2020-07-31 17:23:01'),(12,'Sit quae consectetur aspernatur optio quidem.','Sunt minus optio est. Magni quae qui voluptas officia dolorum distinctio a. Unde rem sapiente labore aut aspernatur.',12,18,'1973-07-08 07:38:34','2020-08-02 08:20:43'),(13,'Ad autem rerum est quas et neque.','Pariatur nihil tenetur omnis corrupti vero debitis voluptatem. Temporibus non non commodi accusamus quaerat eum fugit. Deleniti est quia ut eligendi quae saepe et.',84,4,'2008-06-02 03:25:49','2020-08-25 01:32:44'),(14,'Eligendi nemo consequatur delectus repellendus.','Voluptas laborum repudiandae corporis. Dolore est eum commodi a ea non. Itaque unde id sapiente nesciunt. Officiis voluptatem recusandae vero ratione quas reprehenderit.',44,11,'1973-02-04 17:23:59','2020-08-11 13:27:34'),(15,'Rem temporibus blanditiis et.','Illo ipsa suscipit est quo libero sunt unde. Vel provident nesciunt laborum laboriosam accusantium et ut. Dolorum et provident sint est mollitia natus.',45,9,'1992-11-22 10:42:19','2020-08-16 18:39:14'),(16,'Laudantium facilis non molestiae.','Rerum iure voluptatibus voluptatem nihil quam hic et. Repellat molestiae est voluptatem. Repudiandae distinctio doloremque eum fugiat quis velit id. Et et qui enim placeat.',58,12,'1978-06-17 23:47:47','2020-07-28 21:04:48'),(17,'Est iste rem ea consequuntur dolor.','Quisquam pariatur optio commodi natus. Et incidunt ipsum facilis id id amet eum. Ea et enim ut voluptatem. Debitis et perspiciatis nostrum.',80,20,'2016-11-13 07:07:15','2020-08-15 10:27:35'),(18,'Dolor repudiandae non odio delectus eius qui dignissimos.','Explicabo repudiandae ipsam sed corporis. Molestias velit vitae ipsam. Ut maiores repellat aperiam aut eos nesciunt. Iure assumenda blanditiis asperiores blanditiis laudantium veniam.',78,6,'2011-10-04 22:27:52','2020-08-07 04:36:21'),(19,'Mollitia repellendus sint illo eum ut qui esse est.','Nostrum nobis reiciendis officia explicabo voluptatum nemo voluptas. Ut omnis illum eos odit facilis temporibus placeat magnam.',42,11,'2003-12-02 22:55:36','2020-08-04 06:41:01'),(20,'Doloremque eligendi nostrum fuga doloremque sed.','Consequatur temporibus voluptas enim vero dolores iusto nihil est. Aut cumque inventore molestiae maiores quibusdam. Eaque doloribus soluta sit distinctio aspernatur deserunt quia. Cumque itaque vero id dolorem.',61,4,'1972-12-24 10:54:55','2020-08-11 03:18:54'),(21,'Esse dolor enim repellat magni mollitia.','Officiis soluta et qui non culpa. Doloribus quidem sequi non aut dolor pariatur. Accusantium porro temporibus aut voluptatum et dolorem id ex. Explicabo ut ut earum perferendis architecto sequi.',29,7,'1998-01-21 14:22:26','2020-07-28 12:34:16'),(22,'Ducimus ut eum perspiciatis consequatur consequuntur quasi.','Assumenda voluptas quam est ut at autem voluptatem. Ut id quia et magni officiis est. Amet est quia ea tempora modi unde. Corrupti minus qui nihil placeat rerum rem.',31,20,'2003-09-24 20:03:08','2020-07-25 22:54:17'),(23,'Vel repellendus odio ea.','Debitis placeat laudantium et ut tempora laborum ut. Laborum id odio omnis sit occaecati. Quae aut sed architecto. Modi adipisci temporibus id perspiciatis ab quisquam dolor assumenda.',9,1,'1987-11-13 13:19:20','2020-08-17 22:11:08'),(24,'Consequuntur aut delectus nisi ea.','Sit minima necessitatibus ea occaecati et natus in ratione. Aut excepturi numquam dolores ea voluptatem nulla atque eos. Harum et necessitatibus dolor sit ad consequuntur. Reprehenderit nam provident placeat aut numquam dolorum voluptatem.',69,8,'1992-07-20 02:24:25','2020-08-04 08:29:42'),(25,'Labore excepturi voluptas ut ea recusandae laudantium voluptatem ad.','In ab repellendus ab facere voluptate suscipit et adipisci. In harum cupiditate est ipsam velit optio voluptas. Impedit ut quasi corporis at sint. Et consequatur ad necessitatibus iste debitis quo et. Nisi rerum asperiores possimus deleniti.',64,9,'1982-03-13 19:32:18','2020-08-24 12:33:12'),(26,'Harum culpa dicta ut sed non quia magni nihil.','Est perspiciatis autem eum a consequatur optio quibusdam. Magnam qui quis soluta. Quae tempore aut laboriosam aut hic assumenda voluptatibus hic. Corrupti deserunt cumque adipisci facilis. Impedit voluptatem delectus recusandae illo magni amet minus tempore.',28,3,'2018-02-15 01:21:55','2020-07-25 11:58:41'),(27,'Qui perspiciatis et aut voluptatibus cupiditate reprehenderit laborum quam.','Quia mollitia alias aperiam distinctio consectetur. Neque debitis non eaque porro fugiat eos omnis. Praesentium veniam ea aut harum alias dolor. Qui unde et aperiam et quisquam aut.',8,8,'2010-08-29 01:10:26','2020-08-07 22:27:31'),(28,'Ut qui sed sapiente earum eos occaecati.','Voluptatibus optio numquam aperiam. Commodi vel neque aut mollitia. Voluptas earum corporis natus itaque. Hic nesciunt recusandae dolorum repellat vitae laudantium.',98,19,'1974-03-12 08:32:54','2020-08-19 07:49:21'),(29,'Qui qui vero doloremque cumque commodi.','Ut labore molestiae aut et dolorem qui. Fuga ab harum ea aspernatur quaerat dolor rerum. Assumenda quaerat dicta necessitatibus vel sed ipsam animi. Earum voluptate minima repellat voluptatem.',60,9,'2007-07-17 19:52:30','2020-08-03 20:08:46'),(30,'Explicabo doloribus nesciunt id aperiam.','Id perferendis est quae excepturi sunt debitis dolore. Nesciunt vel quo ut.',44,1,'1986-09-21 22:11:12','2020-08-10 21:49:30'),(31,'Error dolorem cumque assumenda ab iusto.','Consequatur magni iure perferendis quis qui. Blanditiis facilis et officia. Nisi beatae aliquid reprehenderit at modi recusandae accusamus. Cumque quo animi magni.',84,1,'1976-03-06 02:33:48','2020-08-05 23:17:40'),(32,'Ea non velit itaque.','Et voluptate tempora eius illum. Sint consequuntur iste eum fugiat quam ut sit veniam. Excepturi deserunt temporibus eius et. Magnam atque rem quidem soluta omnis ut illum.',63,13,'2012-07-03 18:59:05','2020-07-26 09:59:37'),(33,'Aut placeat quae aut.','Iste quis assumenda quia nesciunt ut qui. Tempore id nobis aliquid repellendus eligendi dicta. Consectetur occaecati ut laudantium qui libero facere iste. Cum reprehenderit excepturi et.',98,9,'1985-08-08 15:11:48','2020-08-22 09:22:05'),(34,'Dolor laudantium reprehenderit delectus corrupti.','Voluptatum quibusdam eos id voluptatem assumenda eveniet. Quia eum inventore ut nostrum. Doloremque omnis repellendus in. Saepe dolorem vel animi consequatur suscipit recusandae consequatur eaque.',91,8,'1998-01-24 22:57:43','2020-07-27 14:55:02'),(35,'Voluptatem aut amet eum est architecto.','Quaerat aut id architecto dolores. Veniam quam aut amet ea molestiae. Officia adipisci esse ducimus dolores perspiciatis sed.',93,11,'2011-12-26 14:22:30','2020-08-20 00:36:14'),(36,'Quos non tenetur labore aut voluptatum voluptatibus officia.','Debitis voluptate aut dolor. Aut dolor porro facere eum iure veniam. Et tempore laudantium mollitia repudiandae voluptates nemo tenetur incidunt.',55,5,'1985-10-08 22:29:32','2020-08-16 02:09:48'),(37,'Vitae animi tempore iusto quis et maxime.','At aut recusandae doloremque molestiae cupiditate laborum. Repudiandae harum error quam tempore ipsa et. Laborum qui vel autem iure. Aut ut saepe laborum deserunt eos commodi.',83,17,'2009-02-22 19:26:15','2020-08-14 14:09:46'),(38,'Ea occaecati voluptatem minus et sit rerum unde.','Qui assumenda sunt est in maiores reprehenderit quae. Amet sint facere sed itaque officiis iure. Qui reprehenderit corporis dicta delectus.',17,19,'2003-07-28 10:20:20','2020-08-22 04:14:34'),(39,'Delectus culpa cupiditate at officia corrupti labore.','Dicta maxime deleniti omnis. Tempore quia doloremque delectus perferendis repellat. Facilis autem minima laudantium et odio quas. Reprehenderit eius aut nihil quibusdam sed pariatur et.',87,17,'2004-11-25 17:54:47','2020-08-06 16:17:30'),(40,'Ipsam sit amet ut minus.','Qui rerum fuga explicabo quidem. Officia suscipit fuga vel magnam tempore. Consequatur esse non in consequuntur culpa. Incidunt quia quo ut. Consectetur fugit in nemo libero nulla eos.',30,10,'2007-03-03 05:39:57','2020-07-28 19:12:46'),(41,'Consectetur laudantium non asperiores et quia ut quia.','In ad quo impedit ea. Enim nihil tempore occaecati et assumenda quas. Ipsam delectus et deserunt quia.',25,12,'2005-01-07 19:24:09','2020-08-02 17:33:48'),(42,'Doloremque eius numquam dolorem ut ducimus illum.','Ab tempore odit laborum et in nihil. Odit consequatur quis dolores officia velit. Maiores mollitia voluptatem iure libero. Eius id quaerat ducimus. Deserunt rerum qui et suscipit quia vitae saepe libero.',62,7,'2007-06-21 12:27:45','2020-08-22 17:45:50'),(43,'Ut voluptatem nulla distinctio voluptatem sunt repellat quam ut.','Fugiat cum inventore consequuntur cumque quae a. Est consequatur modi odio repellendus nostrum. Et est id voluptatum tenetur. Iste error adipisci maiores.',97,12,'2013-09-19 07:47:04','2020-07-29 03:13:36'),(44,'Nemo qui fugiat soluta eos sint eos libero.','Enim et et molestias consequatur ducimus deleniti magni. Cumque eos sit sequi quis. Quia in laborum omnis et minima qui dolorem.',24,12,'2008-10-01 10:29:57','2020-08-13 06:23:52'),(45,'Non pariatur similique deserunt et.','Similique voluptatibus nihil est. Vero deleniti omnis illum est laborum. Non odit corrupti reiciendis.',1,14,'2011-12-17 01:14:42','2020-08-20 07:04:01'),(46,'Quos aliquid quod et dolores illo quos ipsa.','Consequatur molestias temporibus temporibus et qui tempore cum. Sed molestiae sint perspiciatis ut et aut assumenda officiis. Recusandae ad occaecati voluptas ipsa. Accusantium laboriosam aliquam vitae vel pariatur suscipit odio.',59,17,'2018-04-08 00:59:37','2020-08-22 16:03:15'),(47,'Occaecati unde labore cumque corrupti accusantium.','Maiores cum qui fugiat quam mollitia sint fugiat. Iure perspiciatis enim numquam eaque. Mollitia natus sint eum officia minima sit rerum. Voluptatem accusamus laboriosam magni consequatur.',68,5,'2009-06-15 06:34:04','2020-08-01 10:31:01'),(48,'Ipsum dolorem facilis temporibus quo voluptas dolorum id.','Officia commodi optio consequatur doloribus. Tempore dolorem et perferendis laudantium iste ducimus. Architecto sed ad non eveniet odit autem.',47,14,'2009-06-29 13:51:02','2020-08-03 10:33:26'),(49,'Nulla nesciunt consectetur sint doloremque.','Non est autem vel fugit expedita quibusdam. Vel non mollitia officia omnis. Veniam et veniam vel aut.',63,8,'2006-08-17 11:10:00','2020-08-21 06:11:53'),(50,'Et commodi nihil officiis animi alias dignissimos accusantium ab.','Tempore aliquam magnam velit sapiente delectus qui dolore. Quod omnis dicta qui iusto provident nobis magni.',5,11,'1972-11-26 07:27:50','2020-08-10 20:44:33'),(51,'Necessitatibus totam ipsam et ea odio.','Quo vel omnis molestias. Eaque harum sed non unde illum et. Nam voluptatem harum totam consequatur aliquid.',89,12,'1992-06-05 10:36:33','2020-08-16 02:05:48'),(52,'Dolorem illum odit qui sint.','Voluptatem aperiam tempora qui dignissimos iure impedit non suscipit. Corporis at voluptas id est. Sequi dignissimos non sunt earum. Ad voluptate animi sequi dolorem ea. Vel quia aut dolore nihil ratione.',75,15,'1971-07-29 10:29:24','2020-08-07 16:22:59'),(53,'Iusto repellat cum voluptates incidunt libero.','Temporibus unde dolorem saepe illo accusantium. Delectus officia nihil ut doloremque. Et atque aut non perspiciatis velit ipsam unde. Velit fugiat quidem vel et.',44,19,'1973-04-23 10:02:35','2020-07-27 07:53:13'),(54,'Dolores non tempora quas magnam iste.','Quas velit dicta quia impedit vitae laboriosam sunt. Et vel sit tempora suscipit odio facilis natus. Qui sunt et modi.',62,6,'2002-04-11 06:24:44','2020-08-18 05:54:25'),(55,'Nulla mollitia est minus neque excepturi unde quaerat.','Corporis ut a consequatur nihil eos qui. Possimus tempore eaque recusandae. Deleniti aspernatur et expedita sed officia saepe hic. Nihil quos aperiam pariatur quis provident neque.',75,19,'1994-03-28 22:59:06','2020-08-12 07:07:50'),(56,'Est vero quibusdam omnis aut similique cumque enim.','Soluta nihil sit excepturi libero. Ratione earum illo nam culpa cupiditate et. Asperiores facilis voluptas animi id repellat at.',80,20,'1992-01-29 21:43:22','2020-07-27 21:17:14'),(57,'Dolor laborum sapiente est officiis aut est.','Molestiae ut inventore saepe voluptas. Corrupti veritatis dolor ut eum. Possimus omnis nostrum esse nihil eos libero autem. Repellendus totam quod et quidem iusto magni earum aut. Ipsa aut consectetur maiores ducimus.',49,9,'2009-07-03 03:44:13','2020-08-05 09:15:33'),(58,'Facilis sunt a et non quam officiis.','Harum ut explicabo hic reprehenderit enim. Et inventore vitae consequatur deleniti eum officia repellendus enim. Labore id recusandae fugit a minima ut molestiae. Omnis alias provident et ducimus totam. Optio assumenda cupiditate aut tenetur.',33,9,'1973-01-19 02:07:59','2020-08-02 17:05:42'),(59,'Laudantium dicta et beatae cupiditate nihil quae.','Nulla voluptas aut debitis dolorum. Voluptas quos est tenetur enim nihil sapiente omnis. Voluptatem et at sit perspiciatis molestias consequuntur.',100,12,'2000-10-19 20:04:21','2020-07-26 02:40:20'),(60,'Et et ad dolorem voluptas ea.','Eius occaecati provident non aut earum eligendi. Distinctio saepe consequuntur quod nihil non quam. Esse voluptatum autem repudiandae.',1,1,'1994-06-24 18:25:56','2020-08-08 04:10:29'),(61,'Accusantium ut blanditiis repellat fugit iure.','Quaerat pariatur eveniet est voluptate laboriosam qui. Iste voluptates esse facere reiciendis odit. Architecto placeat qui placeat est consequatur. Similique recusandae cumque pariatur aut vitae illum vel.',23,12,'2005-05-25 04:03:13','2020-07-29 05:50:53'),(62,'Corporis eaque sapiente ad eius.','Est molestiae est ut. Quia voluptatum officiis et est ipsum numquam. Commodi quibusdam deleniti consequatur dolore ab ut velit sit. Quia atque alias autem asperiores amet. Voluptatum quos et minima cum eum.',85,18,'1990-01-27 19:36:31','2020-08-05 05:48:24'),(63,'Velit et corporis est.','Ipsa mollitia pariatur voluptatem voluptatibus dignissimos animi pariatur. Officia nihil nulla quis assumenda accusamus aliquam dolor est.',81,7,'1988-12-25 07:55:12','2020-08-15 06:50:37'),(64,'Repellat eos et incidunt est culpa aut non rerum.','Omnis ducimus architecto officiis cumque vel. Ipsam vitae illum est repudiandae quas consectetur fugiat. Exercitationem deleniti laudantium quo dolorem voluptatibus. Dolor distinctio aspernatur non ut esse.',55,9,'1975-11-27 00:28:26','2020-08-18 05:14:25'),(65,'Repellendus officiis molestiae et est ut soluta.','Cum rerum illum quas maiores voluptates totam. Dolor voluptate dolores quo aut velit praesentium. Aliquam ea voluptatibus deleniti placeat illo quas. Quibusdam dolor explicabo et aut facere fuga deleniti.',68,12,'1977-10-01 14:34:41','2020-08-16 16:11:04'),(66,'Alias recusandae ut et dolorem.','Vel similique perspiciatis sint maxime. Velit tempore harum nemo harum. Voluptas eum debitis sit a. Id incidunt dolore qui earum.',97,12,'2020-03-12 09:30:35','2020-08-08 05:43:06'),(67,'Aut est ut sed.','Aut asperiores asperiores expedita omnis quia excepturi voluptas voluptatem. Deleniti voluptatibus asperiores quidem voluptatem tenetur repellat. Ex officiis sed ea sit perspiciatis. Maiores quis earum temporibus id nisi tempore nulla beatae. Qui minima vitae quam rem.',19,15,'2012-07-18 12:08:48','2020-07-25 09:08:22'),(68,'Possimus fugit odit reprehenderit.','Ut quia accusamus aspernatur qui et. Sed libero illum quia porro voluptatem et maiores velit. Autem ipsam est officia accusantium ut odio aut.',27,13,'2016-09-30 00:45:09','2020-08-03 05:55:45'),(69,'Est error aut officia illum tempora assumenda maiores.','Optio sed autem et quas. Omnis et ut enim aut rerum ea. Tempora ut maiores debitis qui eum nihil ullam.',62,18,'1999-02-11 04:17:36','2020-08-20 21:19:27'),(70,'Quisquam et illum rerum et.','Blanditiis eaque nesciunt ut earum. Aliquam nam sed ut architecto. Vitae et natus eos harum iste itaque voluptatibus eveniet.',92,8,'1996-12-16 04:45:11','2020-08-12 03:26:49'),(71,'Necessitatibus placeat molestiae debitis perspiciatis et.','Ea eum incidunt fugiat sequi. Ipsam ut veritatis nihil velit dolores quaerat eius. Cum dolorem et ea.',80,15,'1997-10-19 07:36:59','2020-08-22 23:36:32'),(72,'Fuga est hic ut.','At et debitis quaerat voluptatem. Et qui enim excepturi cum. Non blanditiis recusandae labore qui ipsam iste et.',37,6,'1980-08-05 03:24:00','2020-08-21 20:00:07'),(73,'Molestiae esse molestiae in deleniti est ut natus culpa.','Ratione exercitationem qui eos tenetur autem illo nobis. Aut nihil architecto qui non ratione rerum voluptatibus. Quia neque eius blanditiis qui quo accusamus qui. Qui voluptate sunt culpa ut.',11,14,'2018-12-10 23:00:05','2020-08-09 19:03:43'),(74,'Doloremque dolore placeat vero odio libero.','Quis nihil rem doloribus reprehenderit. Enim illum ex repellat quos earum. Et ad tempore natus exercitationem aut est. Quas odit eius aut sunt consequuntur sequi praesentium.',74,3,'1970-06-18 09:52:39','2020-08-16 23:22:09'),(75,'Ullam quia laboriosam eaque culpa optio sed quos.','Tempora impedit necessitatibus quia rerum quibusdam. Perferendis ut atque qui maxime. Vitae quidem enim facilis maiores sint asperiores excepturi voluptate. Non earum voluptatibus dicta adipisci dolore rem sunt.',24,15,'1980-07-26 16:06:56','2020-07-27 14:42:33'),(76,'Iure cumque quasi facere libero.','Corrupti quia recusandae sequi tempora omnis debitis nisi id. Ipsam unde laboriosam officiis atque ipsa velit. Eligendi dignissimos molestiae non quia. Dolorem qui repellendus totam magni.',12,10,'2006-06-15 06:58:19','2020-07-27 02:29:55'),(77,'Quam dolor illo fugiat dolorem ut maiores.','Consequatur illum itaque eos error. Rerum aut nam est est modi quasi in. Dolorum sunt tenetur mollitia incidunt. Quam voluptatem sunt aut.',33,20,'1994-06-20 21:01:55','2020-08-24 15:36:50'),(78,'Quasi ut adipisci doloribus accusamus.','Saepe distinctio et deserunt assumenda sint id. Neque molestiae quia laudantium maxime. Perferendis dolorem voluptate eaque.',36,3,'2015-06-20 05:10:14','2020-08-06 22:58:27'),(79,'Odit quis sint id sit quia exercitationem.','Totam et architecto dolorum eum. Sit aut exercitationem consequuntur aliquid fugit sit autem beatae. Neque provident rerum aut suscipit sit.',27,19,'1983-08-21 04:10:44','2020-08-24 23:10:24'),(80,'Et atque est libero distinctio.','Amet veniam temporibus corrupti. Vel natus tempore cupiditate ut ut. Non tenetur perferendis dolorem nostrum rerum quidem vel.',56,19,'1980-01-16 13:52:58','2020-08-20 23:53:57'),(81,'Facere ut et dicta earum.','Et aut dolor error et. Voluptas id porro et omnis. Quaerat sunt dolore tempore.',50,11,'1983-12-20 01:04:59','2020-08-03 07:05:08'),(82,'Maxime laudantium aperiam id similique.','Excepturi dolor quo non id iusto sunt ducimus vel. Eos blanditiis dolores est fugiat autem in est minus. Maiores velit neque atque in asperiores deleniti consequatur. Porro et ea dolore ut.',51,14,'1970-11-27 19:52:42','2020-08-07 17:48:15'),(83,'Sed ut tenetur nihil rerum ut ut tempora.','Molestiae facilis corporis libero qui ea blanditiis aut. Officia natus soluta nemo sed.',24,16,'1986-03-19 01:35:19','2020-08-17 11:09:11'),(84,'Omnis ducimus dolor non eligendi at sint.','Dignissimos aperiam non est animi commodi maiores eaque. Velit rerum rerum et non ullam delectus. Impedit nulla doloribus iste. Ut nemo voluptatem nulla aspernatur. Est ipsa tenetur quod incidunt nemo quam eligendi.',30,18,'1978-08-25 17:27:05','2020-08-13 21:31:03'),(85,'Necessitatibus quos ut dolorum ipsa id id debitis.','Aut est voluptatem rem neque. Autem neque iure voluptatem ea quas. Non asperiores et voluptatem corporis sit quia quam.',66,5,'1982-04-07 22:40:00','2020-08-17 00:20:45'),(86,'Corporis sit enim autem et debitis.','Praesentium cumque nihil consequuntur. Quasi omnis qui soluta earum. Reprehenderit sapiente eum eum perferendis.',22,10,'2001-08-18 05:29:14','2020-08-10 09:28:04'),(87,'Non rem ut quidem.','Qui autem voluptas amet rerum rerum id. Amet ut doloremque hic pariatur dignissimos. Labore esse minus quibusdam eum iste. Nesciunt facilis a corporis nihil et amet incidunt.',92,12,'1991-07-19 18:03:52','2020-07-29 03:30:52'),(88,'Quod praesentium in praesentium aut et quis.','Eligendi est vitae illum qui ipsum atque. Similique natus accusantium voluptatem a corporis sint blanditiis. Voluptas voluptatibus numquam voluptate aut sed. Omnis quaerat cum aut aspernatur.',75,1,'1977-09-03 14:47:31','2020-08-20 22:37:00'),(89,'Tenetur aut nihil quia.','Qui rerum quia laudantium iusto quasi. Non est libero architecto. Illum aliquid ipsam sapiente laudantium saepe voluptate nihil.',27,10,'1999-10-21 07:23:35','2020-08-09 22:02:02'),(90,'Dolor repudiandae est non maiores suscipit.','Neque labore repellat nemo cum qui. Animi similique molestias consectetur eligendi voluptas. Qui saepe beatae accusamus odit omnis. Repellat libero non mollitia.',13,10,'2001-06-01 01:27:19','2020-08-16 06:06:04'),(91,'Quia est sunt in deserunt aut quos.','Pariatur nulla est non in ipsum et quisquam quos. Voluptas maxime beatae eum accusamus magnam numquam optio minus. Pariatur vel nobis rerum fuga et. Est quidem ipsa voluptatum rerum qui. Quia et quo velit et ea.',22,5,'1981-07-26 20:27:35','2020-08-14 21:41:08'),(92,'Quia sed incidunt optio et.','Quis iste perferendis officiis. Exercitationem exercitationem fuga sunt qui. In unde non beatae ipsam omnis ut. Voluptas nulla optio nihil ipsam quaerat aspernatur officia aliquid.',96,11,'1993-12-08 22:30:55','2020-08-14 05:31:38'),(93,'Excepturi modi voluptas vero et sed.','Fuga doloremque nobis voluptate doloribus officiis ipsum pariatur ea. Odit nostrum quas similique qui. Saepe consequatur saepe sed expedita quibusdam eaque.',20,7,'1974-08-30 04:15:59','2020-08-23 00:52:28'),(94,'Voluptatem ad asperiores est numquam a et nulla.','Et dolor et expedita ut nulla quo dolorem. Architecto assumenda sint rerum dolorem debitis. Doloribus necessitatibus assumenda totam qui sint voluptatem dolorem. Esse quos ad labore consequatur.',67,10,'1982-06-01 15:20:17','2020-08-12 23:10:07'),(95,'Assumenda quasi voluptatem et laborum.','Ea ullam dolorem laboriosam repellendus. Sed molestiae autem dolores perspiciatis exercitationem commodi.',21,5,'1983-11-18 18:34:39','2020-07-28 11:01:27'),(96,'Nobis voluptates praesentium beatae similique qui et ducimus sed.','Voluptatem cumque magnam amet qui dignissimos sapiente. Nihil maxime velit corporis rerum sint nobis enim.',41,15,'1975-11-28 12:55:39','2020-07-28 23:20:02'),(97,'Error excepturi magni reprehenderit occaecati mollitia unde.','Ducimus autem vel incidunt quia velit sequi dolorem repellat. Qui dolores ipsum similique aut iusto quod impedit. Maiores quis rerum alias maiores laudantium aut adipisci.',75,19,'1993-03-29 11:11:51','2020-08-18 21:09:35'),(98,'Est officia iusto blanditiis dolor.','Quis earum odit eum. Cupiditate aut et omnis reiciendis accusamus iure. Eos nisi necessitatibus et et blanditiis rem.',38,20,'2019-11-21 18:28:40','2020-07-27 12:10:08'),(99,'Et aut enim in et.','Rerum tempore fugit suscipit incidunt. Qui consequuntur non aliquam ea est. Ut omnis rem eum sint.',69,14,'1999-09-20 11:48:50','2020-07-29 04:00:14'),(100,'Eum sit aut omnis id.','Facere rerum nam voluptate. Velit vitae officia est libero dolores et. Quisquam dolorum quaerat hic non neque aliquam.',84,7,'2011-12-01 09:18:49','2020-08-01 09:57:08');
/*!40000 ALTER TABLE `forum_posts` ENABLE KEYS */;
UNLOCK TABLES;

--
-- Table structure for table `forum_themes`
--

DROP TABLE IF EXISTS `forum_themes`;
/*!40101 SET @saved_cs_client     = @@character_set_client */;
/*!40101 SET character_set_client = utf8 */;
CREATE TABLE `forum_themes` (
  `id` int(10) unsigned NOT NULL AUTO_INCREMENT,
  `name` varchar(100) COLLATE utf8mb4_unicode_ci NOT NULL COMMENT 'Название раздела',
  `parent_id` int(10) unsigned DEFAULT NULL COMMENT 'Если тема дочерняя, то кто родитель',
  `author_id` int(10) unsigned NOT NULL COMMENT 'Кто создал',
  `created_at` datetime DEFAULT current_timestamp(),
  `updated_at` datetime DEFAULT current_timestamp() ON UPDATE current_timestamp(),
  PRIMARY KEY (`id`),
  KEY `forum_themes_author_id_fk` (`author_id`),
  KEY `forum_themes_name_idx` (`name`),
  CONSTRAINT `forum_themes_author_id_fk` FOREIGN KEY (`author_id`) REFERENCES `forum_users` (`id`)
) ENGINE=InnoDB AUTO_INCREMENT=21 DEFAULT CHARSET=utf8mb4 COLLATE=utf8mb4_unicode_ci;
/*!40101 SET character_set_client = @saved_cs_client */;

--
-- Dumping data for table `forum_themes`
--

LOCK TABLES `forum_themes` WRITE;
/*!40000 ALTER TABLE `forum_themes` DISABLE KEYS */;
INSERT INTO `forum_themes` VALUES (1,'ab',18,87,'1980-09-02 16:39:01','2019-12-29 23:03:00'),(2,'ut',8,65,'1973-08-20 22:20:21','2019-09-12 10:39:50'),(3,'maiores',9,85,'2017-07-31 10:48:35','2019-12-25 03:59:52'),(4,'quia',9,96,'1986-02-02 17:26:31','2019-08-29 19:59:00'),(5,'architecto',15,57,'1994-04-27 08:24:22','2019-11-14 13:37:41'),(6,'est',13,45,'1990-10-20 12:33:46','2020-08-18 07:44:33'),(7,'error',4,87,'2007-12-15 19:17:31','2020-05-21 08:25:55'),(8,'sit',1,12,'2019-08-16 22:38:03','2020-02-03 22:02:44'),(9,'et',19,88,'2011-12-13 03:29:45','2019-08-29 07:40:56'),(10,'sit',8,60,'1973-12-08 15:37:53','2020-02-28 21:17:01'),(11,'iste',11,17,'1987-11-09 14:50:19','2019-09-14 01:57:05'),(12,'deserunt',3,82,'2002-10-21 11:56:08','2019-10-16 23:15:57'),(13,'impedit',11,84,'1994-04-12 11:49:25','2019-10-03 15:32:09'),(14,'asperiores',5,14,'1974-04-02 09:09:36','2020-02-18 13:24:42'),(15,'omnis',3,13,'1987-12-15 13:31:31','2020-01-16 21:30:10'),(16,'minima',2,59,'2017-05-19 03:09:07','2020-08-10 12:24:15'),(17,'odio',3,100,'1985-08-18 16:02:56','2019-08-30 12:13:50'),(18,'aliquid',15,80,'2017-11-15 16:50:13','2020-03-10 16:46:16'),(19,'ipsa',5,21,'2007-06-10 03:41:20','2020-05-15 13:00:24'),(20,'ea',7,80,'2014-10-30 21:56:09','2020-06-08 23:49:48');
/*!40000 ALTER TABLE `forum_themes` ENABLE KEYS */;
UNLOCK TABLES;

--
-- Table structure for table `forum_users`
--

DROP TABLE IF EXISTS `forum_users`;
/*!40101 SET @saved_cs_client     = @@character_set_client */;
/*!40101 SET character_set_client = utf8 */;
CREATE TABLE `forum_users` (
  `id` int(10) unsigned NOT NULL AUTO_INCREMENT,
  `username` varchar(100) COLLATE utf8mb4_unicode_ci NOT NULL COMMENT 'Имя пользователя',
  `password` varchar(100) COLLATE utf8mb4_unicode_ci NOT NULL COMMENT 'Пароль',
  `email` varchar(100) COLLATE utf8mb4_unicode_ci NOT NULL COMMENT 'эл. почта',
  `timezone` enum('AKDT','PDT','MDT','CDT','EDT','ADT','WGST') COLLATE utf8mb4_unicode_ci DEFAULT NULL COMMENT 'Часовой пояс',
  `daylight_saving` tinyint(1) DEFAULT NULL COMMENT 'Переход на зимнее/летнее время',
  `language` varchar(100) COLLATE utf8mb4_unicode_ci DEFAULT NULL COMMENT 'Язык пользователя',
  `post_counter` int(10) unsigned DEFAULT NULL COMMENT 'Счетчик постов',
  `group_id` int(10) unsigned NOT NULL COMMENT 'Ссылка на группу',
  `from_where` varchar(100) COLLATE utf8mb4_unicode_ci DEFAULT NULL COMMENT 'Откуда пользователь',
  `avatar` varchar(100) COLLATE utf8mb4_unicode_ci DEFAULT NULL COMMENT 'ссылка на аватар',
  `online_flag` tinyint(1) DEFAULT NULL COMMENT 'Онлайн ли в настоящее время',
  `real_name` varchar(255) COLLATE utf8mb4_unicode_ci DEFAULT NULL COMMENT 'Реальное имя пользователя',
  `website` varchar(255) COLLATE utf8mb4_unicode_ci DEFAULT NULL COMMENT 'Ссылка на веб-сайт пользователя',
  `signature` varchar(255) COLLATE utf8mb4_unicode_ci DEFAULT NULL COMMENT 'Подпись под постом',
  `created_at` datetime DEFAULT current_timestamp(),
  `last_visit` datetime DEFAULT current_timestamp() ON UPDATE current_timestamp(),
  PRIMARY KEY (`id`),
  KEY `forum_users_group_id_fk` (`group_id`),
  KEY `forum_users_username_idx` (`username`),
  KEY `forum_users_email_idx` (`email`),
  KEY `forum_users_from_where_idx` (`from_where`),
  CONSTRAINT `forum_users_group_id_fk` FOREIGN KEY (`group_id`) REFERENCES `forum_groups` (`id`)
) ENGINE=InnoDB AUTO_INCREMENT=101 DEFAULT CHARSET=utf8mb4 COLLATE=utf8mb4_unicode_ci;
/*!40101 SET character_set_client = @saved_cs_client */;

--
-- Dumping data for table `forum_users`
--

LOCK TABLES `forum_users` WRITE;
/*!40000 ALTER TABLE `forum_users` DISABLE KEYS */;
INSERT INTO `forum_users` VALUES (1,'monserrate78','d57ecbb48c1bc961b613ef55f01ef38637297b27','isaiah36@example.org','EDT',1,'pt',79,1,'Spencerland','http://lorempixel.com/640/480/',1,'nihil','http://paucekrobel.com/','Maxime sit sequi voluptatibus incidunt cupiditate velit.','2020-08-24 06:28:51','2019-10-17 10:54:32'),(2,'vaufderhar','828434223de6bfe08dca6ec03a27d36e62e73ae7','maryam20@example.net','AKDT',0,'ru',0,6,'New Lolastad','http://lorempixel.com/640/480/',0,'modi','http://www.dietrich.com/','Voluptates expedita iste consequuntur laborum qui ut.','2020-08-01 06:57:25','2020-04-04 11:06:49'),(3,'lurline95','227afb5781fcb44340e12a7d9fc4dc8c630c0860','hilll.taylor@example.org','PDT',1,'en',591,6,'Lefflershire','http://lorempixel.com/640/480/',1,'quo','http://www.wuckertrodriguez.biz/','A est et ut est est molestiae nulla.','2020-07-29 05:12:37','2020-07-15 09:22:08'),(4,'skiles.magnolia','18214bce56e7fc02eba9d5de7aa19c46d0e71799','rdenesik@example.com','WGST',0,'fr',113,2,'Lake Rachaelfort','http://lorempixel.com/640/480/',0,'dolorum','http://beer.biz/','Ratione est quia voluptates.','2020-08-10 18:39:49','2020-02-11 08:05:23'),(5,'conner.ankunding','279071597e3246ea85006859667876faf5af3a9c','austin.adams@example.org','AKDT',0,'en',350784199,2,'Lake Lyric','http://lorempixel.com/640/480/',0,'maiores','http://wilkinson.com/','Doloribus blanditiis adipisci quasi voluptatum reiciendis consequatur reprehenderit maxime.','2020-08-17 22:22:57','2019-12-14 06:00:58'),(6,'jovany33','2d421e97c674988fa3d7cea0c9430ca098a381eb','ricardo74@example.com','MDT',1,'it',14,7,'Larsonshire','http://lorempixel.com/640/480/',1,'natus','http://gutkowski.info/','Non dolor repellat earum a aut.','2020-07-25 14:34:12','2019-11-13 08:40:47'),(7,'mherman','3b07ad6f0c7dee231418f055415240325e96c6ba','romaguera.carlos@example.org','EDT',1,'cn',9,6,'Roxanneland','http://lorempixel.com/640/480/',0,'consequuntur','http://www.hegmann.org/','Eos eaque corporis sit dolor amet perferendis.','2020-07-29 19:52:01','2020-04-08 13:02:00'),(8,'chris86','117224ae5dbf3c371bafc02531da9f9fa289661c','bernier.annie@example.com','CDT',1,'ru',493167845,1,'Gabrielleborough','http://lorempixel.com/640/480/',0,'aperiam','http://www.bernhard.biz/','Accusantium sint ratione perferendis est quas tenetur optio.','2020-08-13 21:01:52','2019-12-12 08:11:08'),(9,'vveum','b27c8921deed67c2eab39a707458719d5187d6ae','stracke.ethan@example.org','EDT',0,'en',0,6,'Dahliaburgh','http://lorempixel.com/640/480/',1,'quia','http://www.pagac.com/','Eaque voluptatem assumenda rerum nesciunt reprehenderit qui omnis sit.','2020-08-24 09:26:23','2020-06-08 09:01:00'),(10,'calista96','d5b2710f431f0baef097d29c9834a5c928b11d5b','qglover@example.com','ADT',1,'es',3723,5,'Hamillbury','http://lorempixel.com/640/480/',1,'nulla','http://www.nitzsche.com/','Iste iure odio sit quam eveniet.','2020-08-22 03:48:01','2020-07-12 12:00:20'),(11,'goyette.bret','640adbd0f6b0f949153d0cc7f0fb6e4f1038e9af','schuster.burley@example.org','EDT',0,'es',6355,4,'Port Antonina','http://lorempixel.com/640/480/',1,'iste','http://purdy.com/','Minus magnam tempora enim aut aut fugit.','2020-08-07 09:05:41','2020-03-14 16:22:36'),(12,'luettgen.franco','22ffc9d4369c2c00a54077014b4b9a7b46c557ab','tvonrueden@example.org','PDT',1,'pt',9,2,'South Betty','http://lorempixel.com/640/480/',0,'dolores','http://schroederswift.net/','Magnam quas ipsa porro aliquam fugiat aut provident.','2020-08-21 15:07:59','2020-03-25 18:12:35'),(13,'amiya.doyle','bed45994fc05ffaa1c418d69b53637ffcdcdf3c8','jroob@example.net','CDT',0,'it',9218,5,'South Shaylee','http://lorempixel.com/640/480/',1,'eius','http://www.lynchsipes.biz/','Provident vel quidem dolor.','2020-08-16 10:53:26','2019-11-13 02:09:04'),(14,'lon.connelly','e636eb845af24fa1ad13a2abbb31862a1a0b2511','hahn.anastasia@example.net','WGST',1,'fr',71512,4,'Spinkaville','http://lorempixel.com/640/480/',0,'velit','http://rippin.com/','Rem molestias et sint inventore et possimus.','2020-08-05 21:14:52','2019-11-29 14:27:29'),(15,'bergstrom.kelli','bc33d0753ae881b6fdcf46c80ae34e2cb7376545','owaelchi@example.com','CDT',0,'it',5,3,'Muhammadfort','http://lorempixel.com/640/480/',0,'non','http://www.schimmel.com/','Doloremque distinctio et quaerat aut dolorem.','2020-08-20 15:59:22','2020-07-30 17:26:08'),(16,'wstamm','f12873495357b2619b79ff6f4d496c41e9a78c0b','hackett.sylvia@example.com','ADT',1,'es',5720936,3,'West Constancemouth','http://lorempixel.com/640/480/',1,'autem','http://klockobernhard.com/','Porro ut sint adipisci pariatur.','2020-08-09 23:57:16','2020-07-18 19:08:50'),(17,'catherine.hills','2624d6dc748054ee0bf6d41390f8ffe54a13cc3a','rachel.herzog@example.net','AKDT',0,'fr',997,7,'Hegmannfurt','http://lorempixel.com/640/480/',1,'ut','http://bauch.info/','Ea non eaque repellendus tempore quibusdam non voluptatem.','2020-07-30 03:50:54','2019-11-09 19:34:31'),(18,'maryam16','f587fac42db05cb2aa598eb54200f6f660105b4b','wintheiser.freeda@example.org','EDT',1,'en',14790,7,'Olsonberg','http://lorempixel.com/640/480/',0,'voluptatem','http://www.powlowski.com/','Odio neque et accusamus quo veritatis.','2020-08-07 10:08:02','2020-08-17 05:32:01'),(19,'celestino.rice','8c9dc7a2cf1d2a9454d0f8b8a40f8f07fe20ddf4','lakin.emely@example.com','PDT',0,'cn',125,2,'Leannonberg','http://lorempixel.com/640/480/',1,'voluptate','http://www.willmshudson.com/','Rerum est dignissimos nobis laboriosam dignissimos accusamus soluta.','2020-08-14 05:58:48','2020-05-25 05:09:47'),(20,'qcummerata','b8adc79713b9eb8553f3c1c6ff8182df5c2c2759','sweissnat@example.com','WGST',1,'en',73869141,5,'New Borischester','http://lorempixel.com/640/480/',1,'iure','http://www.auer.biz/','Adipisci est non dolores ea id.','2020-08-15 02:34:43','2020-01-30 04:19:25'),(21,'ortiz.reinhold','f291bb0bdc96a5729d79bd807f29204d2183ee7a','deangelo75@example.net','WGST',1,'fr',6059,4,'Tellyport','http://lorempixel.com/640/480/',0,'quas','http://www.parker.com/','Error dolorem quia eum voluptatem at.','2020-08-15 09:22:02','2020-01-08 13:36:45'),(22,'tessie.ernser','8be72f5fbc894d7b1cd9ea61a5b211498a5ae0a8','wyman.darby@example.org','ADT',1,'ru',0,7,'South Bofurt','http://lorempixel.com/640/480/',1,'libero','http://bradtkehansen.com/','Id debitis qui est debitis omnis fuga.','2020-08-05 02:42:15','2020-05-13 13:38:00'),(23,'sandrine.dach','f39c1c0b8cf8ca2f89c190bb954d686b6198f8cf','wcollins@example.com','AKDT',0,'es',20,7,'Lillaborough','http://lorempixel.com/640/480/',0,'et','http://conn.info/','Cumque dicta autem similique temporibus nesciunt eaque delectus.','2020-08-20 09:09:56','2020-04-01 06:23:51'),(24,'hamill.travon','4da661dcf5ae83470c1992a1afee493dbb9ca5fa','ihagenes@example.org','WGST',1,'en',59,2,'Tavaresside','http://lorempixel.com/640/480/',1,'itaque','http://bruenokon.com/','Consectetur est tempore qui velit.','2020-08-12 12:46:27','2020-08-04 15:07:31'),(25,'pagac.percy','aa286a9ba69e43857ea593381277eda16a06ea00','zoe31@example.org','MDT',1,'ru',81,4,'Gutkowskiborough','http://lorempixel.com/640/480/',1,'ex','http://heaney.com/','Enim rerum eos et.','2020-08-12 05:30:38','2020-04-30 03:59:46'),(26,'waters.waldo','27b549e8a591fa70f4bc80a558b7a33d410e4ff7','philip.monahan@example.com','PDT',1,'it',7,2,'Jovanishire','http://lorempixel.com/640/480/',1,'sit','http://www.wolf.info/','Voluptatem id eos quia quis.','2020-08-04 10:16:43','2020-08-11 21:21:29'),(27,'gwen06','625cec6496b8e99cd14e03d6379b72c68c123364','hane.mina@example.com','EDT',1,'ru',218,7,'New Tyrese','http://lorempixel.com/640/480/',0,'quis','http://www.ziemannpurdy.biz/','Nostrum sed ut vel mollitia facilis.','2020-07-25 22:03:59','2019-11-15 12:35:10'),(28,'lori.johnston','5518711f2e078a0e85595b50c2a9983d23c69c93','krajcik.okey@example.org','MDT',0,'en',194711525,1,'Schambergerside','http://lorempixel.com/640/480/',1,'eaque','http://www.connelly.biz/','Dolor voluptate porro exercitationem.','2020-08-11 10:35:40','2019-10-14 12:09:40'),(29,'tromp.finn','5a4216813a275e6edcbdc666a93acc46f59bf396','stracke.marlene@example.org','AKDT',1,'cn',6975,5,'Cruickshankbury','http://lorempixel.com/640/480/',0,'veniam','http://schmidt.org/','Consectetur non voluptatum est quod et inventore velit.','2020-08-22 13:44:30','2020-05-10 05:56:27'),(30,'lane44','a245bf21012acd8e3f4c1c92b6fbf81f3b86425c','dimitri.doyle@example.net','WGST',1,'en',1443,4,'O\'Connellside','http://lorempixel.com/640/480/',0,'ut','http://binsjaskolski.com/','Voluptatem repellat ut quia.','2020-08-23 04:35:06','2020-07-10 14:07:51'),(31,'jamarcus86','bda2883f293f8a90736056616d4c0bd494949735','shields.macie@example.net','ADT',1,'fr',1247,3,'Lake Sandrahaven','http://lorempixel.com/640/480/',1,'aspernatur','http://www.ullrich.com/','Occaecati reprehenderit voluptas totam fugiat vel eum est.','2020-08-13 02:49:36','2019-08-29 08:23:31'),(32,'krystel11','a2817391d48be0200ba2cf7a0f56cf51d4046c0d','angelo08@example.net','WGST',0,'fr',703248957,5,'Judsonmouth','http://lorempixel.com/640/480/',1,'soluta','http://www.mannfahey.com/','Sit et veniam ducimus illum at impedit et.','2020-08-19 08:17:10','2019-09-26 05:09:20'),(33,'bartell.tyson','d6a86a010aca5fe9dcc6e472d6de21505a15f365','keebler.ila@example.net','ADT',1,'ru',3,3,'Stephanshire','http://lorempixel.com/640/480/',0,'earum','http://zboncak.biz/','Non minus ea natus.','2020-08-11 22:32:16','2020-03-05 15:45:36'),(34,'cesar90','d8d894ccdc72e0b0fa94a6f3d66af6d0d56b70fc','noble.baumbach@example.net','CDT',0,'it',4,1,'West Mikaylaview','http://lorempixel.com/640/480/',0,'cumque','http://hickle.com/','Eligendi numquam enim sit ut non blanditiis ipsam.','2020-07-25 18:41:01','2019-08-31 13:00:53'),(35,'florencio.gorczany','f65558093505edb19b1ef16d9a99fe6a553125e1','joany14@example.net','ADT',1,'fr',92,7,'West Tobinport','http://lorempixel.com/640/480/',0,'modi','http://parker.com/','Placeat quia est quod ullam aut.','2020-07-27 11:36:18','2020-05-05 01:52:41'),(36,'ybogisich','f2ff56752d0d8fbe025cabcee35380f870cfbcbf','hagenes.raven@example.net','CDT',1,'en',359133,5,'Balistreriport','http://lorempixel.com/640/480/',1,'occaecati','http://wuckert.com/','Rem et ab rerum et commodi molestiae.','2020-08-04 00:34:16','2019-11-13 19:44:20'),(37,'genevieve30','7917a43d163a82058e2f7645021ce735e1e1a6a2','kayleigh56@example.net','WGST',1,'fr',7856022,1,'Port Alexisland','http://lorempixel.com/640/480/',1,'excepturi','http://www.kihn.com/','Aut quia officiis vitae voluptatem autem at.','2020-08-18 08:28:25','2019-10-18 05:20:50'),(38,'zboyer','0aaa2f33512094a34b1bdd9d190789404d3f3a3e','lavina10@example.org','EDT',0,'es',240715,5,'Port Ronaldo','http://lorempixel.com/640/480/',0,'voluptatem','http://schaefer.com/','Corporis enim minima doloribus dolor cupiditate voluptatem.','2020-07-30 10:06:31','2020-05-12 06:33:28'),(39,'melisa.harris','e71f387c6349ccd882f473198868d49864550f4b','icie.lakin@example.org','CDT',0,'fr',6,5,'Lake Adriana','http://lorempixel.com/640/480/',0,'animi','http://rolfson.com/','Explicabo est sunt consequuntur et porro ut.','2020-07-31 17:59:58','2020-04-13 03:52:31'),(40,'melody.klein','721197e0a3a36e76839a5aded28b692f1883439b','mdach@example.org','WGST',1,'de',63,6,'Cronabury','http://lorempixel.com/640/480/',1,'optio','http://nitzsche.com/','Cum ipsa ipsam id.','2020-08-18 20:07:44','2020-01-02 15:07:19'),(41,'rosie.casper','e0ce81cdb1e2ce55edbd1252d718d0897021ef24','blick.eriberto@example.com','PDT',0,'it',0,3,'Swaniawskiside','http://lorempixel.com/640/480/',0,'rerum','http://wiegandkiehn.net/','Omnis hic consequatur minima aspernatur.','2020-08-08 21:44:49','2019-09-02 20:42:58'),(42,'cassidy.reynolds','015b5a0434b337e716cc60fd9b6ed006efcbaeac','wo\'keefe@example.net','WGST',1,'en',1629,2,'Zulaufchester','http://lorempixel.com/640/480/',1,'qui','http://www.blockcassin.net/','Aut delectus officiis culpa et.','2020-08-10 18:10:56','2020-08-19 13:46:01'),(43,'kyle.stokes','a2662cb9bf29bdd4a40dd579504aeede15615a9d','krajcik.cary@example.net','AKDT',0,'cn',1160975,1,'West Dorothyborough','http://lorempixel.com/640/480/',0,'commodi','http://www.beiervolkman.com/','Maiores qui incidunt qui blanditiis placeat accusamus quaerat.','2020-08-09 05:56:17','2019-10-07 15:41:42'),(44,'sharon25','be2982d3771320fdd2f5fd73bcfcbfe15e4a1b12','xherman@example.org','WGST',1,'pt',70711950,7,'Cummingsberg','http://lorempixel.com/640/480/',1,'ipsam','http://www.ferry.com/','Et aspernatur et natus omnis eum.','2020-08-01 03:52:28','2020-01-17 04:20:36'),(45,'dallas62','fa291ef08eaa33042b38bcb9b21b3b4a9fc4a6a2','olemke@example.net','AKDT',0,'ru',8,5,'New Magdalen','http://lorempixel.com/640/480/',1,'ea','http://www.jacobson.info/','Optio rerum voluptate molestiae et quod.','2020-08-08 16:50:50','2019-10-06 10:05:24'),(46,'gpfannerstill','2edb02371c8fe356907f17cfdd581a98eac5771f','garry33@example.org','PDT',1,'es',94076,3,'Port Michale','http://lorempixel.com/640/480/',1,'ipsa','http://fadel.com/','Quia numquam quia aspernatur libero fuga fugit.','2020-08-25 03:23:19','2020-05-27 00:19:43'),(47,'rosenbaum.jerry','c69e6ff623dfefac3361e375d78184f112300450','nheller@example.com','WGST',1,'es',1705436,3,'Anaisborough','http://lorempixel.com/640/480/',0,'culpa','http://walker.com/','Eaque asperiores incidunt aut id aut omnis minus.','2020-08-11 03:41:42','2020-02-13 01:22:02'),(48,'dbode','a9420ef010b854b7145f87ae5bd33996bbc7d0b0','colin.marvin@example.org','EDT',1,'es',8,4,'Karianneville','http://lorempixel.com/640/480/',0,'sunt','http://gottlieb.com/','Ut ipsa dolore voluptatibus expedita quidem.','2020-08-19 22:35:55','2020-02-23 18:33:54'),(49,'nmiller','32616a29d3921d2cd0ff0ba9699ad79a3db80294','vwolff@example.com','ADT',0,'pt',7,3,'South Peter','http://lorempixel.com/640/480/',0,'rem','http://www.legroskulas.com/','Porro officiis ullam ut vel.','2020-08-12 15:07:52','2020-04-25 02:35:56'),(50,'ciara47','7d7c596eb1e7272a5f5503c8815a002d4997b92c','torphy.stone@example.net','EDT',1,'pt',2,4,'Wiegandmouth','http://lorempixel.com/640/480/',1,'rem','http://www.smith.net/','Accusantium voluptatem ad veniam nihil et aperiam.','2020-07-27 17:22:16','2020-04-01 06:00:07'),(51,'warmstrong','9cc8b9364100e3e911d7ae6c67a5446b57d936fe','pdickinson@example.net','CDT',0,'fr',103,2,'East Albaport','http://lorempixel.com/640/480/',0,'similique','http://leuschke.com/','Minus sed ut modi nemo consequatur qui eos qui.','2020-08-18 16:40:48','2019-10-04 09:14:22'),(52,'zschmidt','e4d58a7a4410fb5fd6e5bedad560699376f3d0ef','ykozey@example.org','AKDT',1,'en',267505615,7,'Port Linda','http://lorempixel.com/640/480/',1,'dolores','http://eichmann.com/','Rerum eius possimus id animi.','2020-08-16 11:43:58','2019-09-24 00:41:27'),(53,'mhahn','d4f465841873ef0c266a93e0234c91cafc07c915','krajcik.yesenia@example.org','CDT',0,'es',81281100,4,'Alaynahaven','http://lorempixel.com/640/480/',0,'voluptatem','http://www.barton.info/','Ut esse neque assumenda voluptate nesciunt.','2020-07-31 22:21:51','2020-02-01 15:38:33'),(54,'terrance94','badc0fde270d129d0e5c26f991ba5c7ca499b224','smith.courtney@example.net','WGST',1,'cn',5564,1,'South Petemouth','http://lorempixel.com/640/480/',1,'distinctio','http://www.will.com/','Aut est dolor et impedit quibusdam.','2020-07-29 19:35:13','2020-05-26 23:31:26'),(55,'elaina.yundt','e81707e35dfcda89e66a1513969f39702f714173','thills@example.net','WGST',1,'es',249716,2,'New Laisha','http://lorempixel.com/640/480/',0,'architecto','http://gloverlind.com/','Officia reprehenderit rerum ullam minus dicta.','2020-08-05 19:34:09','2020-08-25 03:58:16'),(56,'reynolds.tyrique','10b10df1be02b3e7b894b06ff4a782a30466cf86','kkuhlman@example.net','CDT',1,'en',797,7,'Lake Ettie','http://lorempixel.com/640/480/',0,'molestiae','http://hauck.info/','Adipisci qui cupiditate dicta sint.','2020-07-31 03:24:22','2020-07-05 00:38:07'),(57,'ahalvorson','33486eb6dc7e0c0c2444addb9c2e07bbb8d5872a','benjamin57@example.com','EDT',1,'ru',4,2,'Konopelskimouth','http://lorempixel.com/640/480/',0,'consequatur','http://www.handbogisich.com/','Alias aut ex ut qui assumenda.','2020-08-10 23:21:24','2020-04-07 02:11:06'),(58,'fhaag','1d32103b16a1395fb1f47498c72d86592fac9fa0','wharris@example.org','MDT',0,'pt',0,2,'Moriahmouth','http://lorempixel.com/640/480/',1,'necessitatibus','http://parisian.net/','Facere fugiat laborum autem qui quis.','2020-08-16 08:11:44','2019-10-16 19:10:06'),(59,'frederic83','41f3fd1bf72d79682435c2ff8631b62595651ad3','muriel.feest@example.org','CDT',0,'en',230506344,1,'West Ophelia','http://lorempixel.com/640/480/',0,'quo','http://www.trantow.info/','Doloribus ex sapiente dolore quisquam voluptatem quas eaque.','2020-08-19 14:04:24','2020-06-08 09:19:06'),(60,'blaze85','b4b8f50823212391a43cd0a31ce627412f2fe0f7','melisa.pfannerstill@example.org','CDT',0,'fr',27073,7,'Nitzschefort','http://lorempixel.com/640/480/',1,'corrupti','http://www.parisian.com/','Velit ab qui modi tempore facere sequi.','2020-08-04 06:16:17','2020-02-27 01:40:31'),(61,'eveline.schoen','5153334014ede894297ca69aa2f548f57787b8b2','sydnie75@example.org','AKDT',1,'es',0,6,'Bartolettistad','http://lorempixel.com/640/480/',0,'ipsum','http://schummskiles.net/','Est accusamus modi repudiandae.','2020-08-16 02:48:36','2020-06-18 00:37:42'),(62,'hkirlin','2bc66ce1aa2cff07fbc7e34cbab4bb699cb9ddf8','kohler.green@example.org','MDT',0,'pt',6249492,3,'East Toney','http://lorempixel.com/640/480/',0,'reiciendis','http://www.hoppe.org/','Et iure sit consequatur assumenda impedit laboriosam.','2020-08-23 12:00:55','2020-08-06 03:34:48'),(63,'blanda.mortimer','6c97e71866c6cf102a98ded7f94aed9cbccfa79e','oscar.koch@example.com','MDT',1,'es',26,5,'Brandoland','http://lorempixel.com/640/480/',0,'eveniet','http://heaney.com/','Non et fuga similique fugit.','2020-08-24 07:44:02','2019-10-08 01:46:37'),(64,'cormier.akeem','7bb858c19c1b0c1537b79e321f1d4d6551e17f64','franco.hane@example.com','CDT',1,'it',58815,1,'North Devynmouth','http://lorempixel.com/640/480/',0,'nihil','http://kemmer.com/','Sed fugiat doloribus maxime aut error.','2020-08-13 23:16:01','2019-10-29 03:31:39'),(65,'fconn','1a81c39f974c09905714790edb5749a211472375','ramona.homenick@example.net','AKDT',1,'de',613,3,'East Kevintown','http://lorempixel.com/640/480/',1,'nemo','http://www.gottlieb.com/','Dicta sed dignissimos laboriosam sed qui eos amet atque.','2020-08-19 09:55:37','2019-09-22 14:35:12'),(66,'elinor33','3e1308f7bb735956a9aaa87d897c22c0a24b531a','ebarrows@example.org','CDT',1,'en',44668,4,'North Tyshawn','http://lorempixel.com/640/480/',1,'magni','http://senger.com/','Sit earum perspiciatis odit harum quibusdam.','2020-08-18 06:41:43','2020-07-23 19:52:34'),(67,'hettinger.alexane','f4383aa22ea7128cb78b05616cf4404af0c84a6f','lfeest@example.net','AKDT',0,'ru',89061869,6,'East Lavonnebury','http://lorempixel.com/640/480/',0,'rerum','http://okonthiel.org/','Atque ducimus et quia qui.','2020-07-28 07:37:17','2019-12-29 09:19:01'),(68,'will35','254385c5cef8e49b7b56fb9aef0ce2226cfe61a5','emerald17@example.org','CDT',0,'pt',3001572,4,'Lake Corenestad','http://lorempixel.com/640/480/',0,'doloremque','http://www.hyatt.net/','Omnis necessitatibus voluptatem libero velit ut atque molestiae.','2020-08-02 12:11:46','2020-04-06 17:10:00'),(69,'shad.metz','7fb0053770bc82a77b5c8677930403c5dc794d06','upollich@example.com','MDT',1,'ru',4,2,'Alanisbury','http://lorempixel.com/640/480/',1,'accusamus','http://friesen.com/','Dolor totam veritatis delectus vel.','2020-08-21 16:17:46','2020-02-14 21:36:35'),(70,'bella68','27716816ad90d6ca25de2e1ff60dfeb58501c807','lowe.bernie@example.com','ADT',1,'es',0,3,'Port Frederic','http://lorempixel.com/640/480/',0,'dolorem','http://www.damoreheidenreich.info/','Ab et aliquam enim omnis ullam rerum dolore.','2020-08-07 00:57:43','2020-06-07 05:26:39'),(71,'ehuel','61bb78b36c91d238cecc52fe246d523cc5a07a51','hattie.schuster@example.com','EDT',1,'pt',784321561,3,'Alvenabury','http://lorempixel.com/640/480/',0,'quo','http://www.gislason.com/','Totam eos et rerum voluptas eos.','2020-08-17 11:02:55','2020-03-09 17:18:36'),(72,'bvandervort','6e6d16067247ca5489aec6d587c2affecbcca268','lessie78@example.net','AKDT',0,'it',6742746,4,'South Maxwell','http://lorempixel.com/640/480/',1,'quibusdam','http://www.binszulauf.com/','Nostrum aut dolorem provident necessitatibus enim eos alias.','2020-08-06 01:37:28','2019-12-11 04:17:41'),(73,'santos51','2fbf9b8051c02fac4d22a4d93bdf2f503460fad0','davion.kemmer@example.org','CDT',0,'fr',30,4,'East Anthony','http://lorempixel.com/640/480/',0,'deleniti','http://abernathy.com/','Accusamus voluptas illo praesentium nisi nihil.','2020-08-23 07:13:25','2020-06-09 20:30:21'),(74,'chelsea17','edc37ae17f18ae573d12fca01874be5ae1d93e08','beulah89@example.com','ADT',1,'pt',3,3,'Port Cordell','http://lorempixel.com/640/480/',1,'cupiditate','http://weissnat.biz/','Modi vel sint ab sit ipsa quia et aperiam.','2020-08-11 22:55:24','2020-01-24 19:55:09'),(75,'billy.mcdermott','5ec7913a0d11b6e09962ba3ed71d0d5e57d2b690','rosetta87@example.net','ADT',0,'ru',0,3,'North Nicklaus','http://lorempixel.com/640/480/',1,'blanditiis','http://www.okeefemetz.net/','Hic saepe eos tempore voluptate nobis id nesciunt.','2020-08-09 05:58:13','2019-11-18 10:51:15'),(76,'buckridge.elta','8b9d1058036138bb9d7665303d7453b140bb6aee','leila00@example.com','CDT',1,'ru',55330708,2,'South Reese','http://lorempixel.com/640/480/',0,'necessitatibus','http://dach.com/','Ad ut aperiam est ipsa dolorem.','2020-08-06 20:11:52','2020-02-14 06:18:58'),(77,'declan26','b8eec7b3f45eaf9061948c2e780935c214b00b6d','elubowitz@example.net','WGST',0,'ru',9718914,5,'Port Dulcemouth','http://lorempixel.com/640/480/',0,'non','http://www.hintzschuppe.biz/','Ut rem aut fuga quia ipsam quia vitae.','2020-08-11 19:43:17','2019-12-05 10:56:18'),(78,'roscoe.torphy','44a884d266fcdd77e28ab4ecad61ecce94587490','herman.taryn@example.net','PDT',1,'pt',31556,5,'Jaedenfort','http://lorempixel.com/640/480/',0,'qui','http://schmeler.com/','Fugiat eligendi incidunt beatae vel et ea voluptas.','2020-08-24 00:59:25','2019-10-28 14:19:56'),(79,'annalise17','28b444e353801c0ddbd54f7d3dac1ab20743ed02','lcorkery@example.org','MDT',1,'de',2748,6,'Nedrastad','http://lorempixel.com/640/480/',1,'eveniet','http://ratkebotsford.com/','Beatae consequatur illum exercitationem quia.','2020-07-26 02:12:17','2020-02-05 17:49:54'),(80,'ahirthe','acf65775341e8d97c24b0b30a606b8cc3170b422','kutch.garland@example.org','CDT',0,'de',142568200,1,'Ramonmouth','http://lorempixel.com/640/480/',1,'et','http://kuhlmankihn.biz/','Ex in ea ipsum nihil harum.','2020-07-27 19:32:49','2019-09-25 21:42:41'),(81,'amaya43','c59310db6077a87519e070a6e39892a23deb3b5a','krohan@example.com','AKDT',1,'pt',127943121,2,'Tillmanfurt','http://lorempixel.com/640/480/',1,'perspiciatis','http://stanton.net/','Quos sed excepturi tempore est in.','2020-08-12 05:35:49','2020-07-11 19:00:15'),(82,'wilderman.beaulah','c419047d3b281370630b945f879fe05af3f48b07','sherman39@example.com','MDT',0,'it',0,7,'West Cristopher','http://lorempixel.com/640/480/',0,'sequi','http://schroedermayer.net/','Voluptatem quisquam doloribus corporis ut.','2020-07-27 14:21:40','2020-04-23 19:02:32'),(83,'berge.alaina','35ea847e7c7cd060b7e070852350bf3cce6fd99c','alejandra51@example.net','ADT',0,'fr',18395038,1,'Paucekport','http://lorempixel.com/640/480/',0,'error','http://muellerkunze.biz/','Dolorem doloremque voluptate necessitatibus deserunt.','2020-07-26 03:44:28','2020-07-21 05:18:46'),(84,'terry37','f9135b44c68f7308529de2d54a04252f3dec761e','nadia.mayert@example.com','EDT',0,'es',97,6,'Lehnertown','http://lorempixel.com/640/480/',1,'ab','http://waters.com/','Quibusdam minima modi quia a recusandae.','2020-08-17 22:39:11','2020-07-11 21:39:40'),(85,'lysanne.collier','7bf918a77fa7341c0845f737efd99f9993fe9d30','ankunding.rasheed@example.net','AKDT',1,'it',9,7,'Lake Axel','http://lorempixel.com/640/480/',1,'quia','http://schumm.com/','Et repudiandae culpa voluptate qui ut sed molestias.','2020-08-02 17:04:32','2019-10-29 08:00:59'),(86,'estrosin','5857db10fc52a3f70c4d51b11791b484f41f8ed4','nigel.beer@example.org','MDT',1,'es',519097506,2,'North Domenicbury','http://lorempixel.com/640/480/',0,'voluptate','http://stracke.org/','Odit officiis qui consequatur expedita.','2020-08-17 16:49:18','2019-10-08 01:39:36'),(87,'gerry82','8c09c57d818467ee2293070c2ac941701d4ec6ca','anjali.cormier@example.org','MDT',1,'cn',868180076,6,'Titusmouth','http://lorempixel.com/640/480/',1,'ut','http://graham.com/','Impedit nesciunt aut et consequatur quis qui.','2020-08-10 11:54:32','2019-12-05 14:01:51'),(88,'wmcglynn','b393162d3b6ded019e9909c29183245585f8d44a','kristofer48@example.com','WGST',0,'fr',768,2,'Aftonbury','http://lorempixel.com/640/480/',0,'quibusdam','http://casper.info/','Reiciendis et quia ut nostrum eum consectetur quibusdam fugiat.','2020-07-26 22:24:59','2020-01-11 08:11:07'),(89,'lbuckridge','3eb7d88cd860a7c89f0023aeeb6d08ef3545aecc','bwisozk@example.com','CDT',0,'cn',207186669,3,'South Adelbert','http://lorempixel.com/640/480/',1,'consequuntur','http://okuneva.com/','Tempora eligendi laboriosam vitae omnis corporis.','2020-08-07 20:24:25','2019-09-16 06:07:26'),(90,'jeffrey.kessler','5b3ad890d5e37b5ffd131c3aaa82fd00fcd4076b','hessel.patrick@example.com','WGST',0,'fr',5,6,'Gislasonbury','http://lorempixel.com/640/480/',1,'natus','http://koeppjohnston.com/','Cum omnis aut velit autem.','2020-08-11 09:48:06','2020-05-15 19:58:38'),(91,'qmetz','3e69b33642b851e0ca3cfbbbe12b4cdd0a4fa1e8','johann29@example.com','AKDT',0,'en',5452512,1,'Olenton','http://lorempixel.com/640/480/',1,'amet','http://www.medhursthalvorson.org/','Debitis aliquam laborum iure iure sed.','2020-08-24 08:33:04','2020-02-11 23:04:59'),(92,'goldner.brooklyn','10ff90c51d10b0d694eb80ad4de4093b116d5556','darwin.hauck@example.org','WGST',1,'de',8,1,'Shieldsville','http://lorempixel.com/640/480/',0,'repudiandae','http://ohara.net/','Laudantium dolor voluptas quia eos nostrum aspernatur tenetur.','2020-08-04 01:55:52','2020-05-02 07:14:23'),(93,'meggie.adams','d5a2871723ada12dd5d98fafe90ec9c188b9797f','savannah.ruecker@example.net','ADT',1,'fr',96294819,1,'Germainebury','http://lorempixel.com/640/480/',1,'maiores','http://www.wuckertlarkin.com/','Esse non nemo hic eum sint sit fuga natus.','2020-08-07 06:32:04','2019-09-25 19:30:08'),(94,'adrien.franecki','e6fd72a8bf165563248c9e35a5e67ed3f3e2a280','delphia.fay@example.org','AKDT',0,'es',0,5,'Aubreybury','http://lorempixel.com/640/480/',1,'sequi','http://stehr.com/','Vel quo eaque aut ut aliquid assumenda aliquid adipisci.','2020-08-13 03:51:59','2020-01-14 21:58:49'),(95,'trevion73','7cefc5e4c1a7f0a13f20bbc55e2ea4fddf736fb4','hoppe.sonia@example.org','ADT',0,'de',9,2,'Hammesbury','http://lorempixel.com/640/480/',0,'eos','http://whitewalter.com/','Velit possimus aspernatur qui voluptates aperiam exercitationem nostrum.','2020-08-19 18:19:35','2020-04-28 06:28:12'),(96,'hschroeder','d9d74dd29a8cf1bfd24865ffb49224b665430e89','smith.darryl@example.com','PDT',0,'ru',756744743,4,'Medhurstton','http://lorempixel.com/640/480/',1,'provident','http://tillman.com/','Voluptas doloribus cupiditate itaque velit.','2020-08-05 11:23:01','2019-10-12 20:42:48'),(97,'dallas.heathcote','939f0f621d96c8846315403dd90f299ea1f11db3','zlockman@example.com','MDT',1,'ru',12228,2,'Port Gunnar','http://lorempixel.com/640/480/',1,'quod','http://www.beerswaniawski.com/','Sit harum dolorem eveniet veniam vitae culpa porro.','2020-08-18 14:04:21','2020-03-21 10:27:50'),(98,'lisa45','f9901c52a2490382ac6ac93cfd3b4e4c790d69a8','zulauf.luella@example.org','WGST',1,'de',5269,7,'Lake Letha','http://lorempixel.com/640/480/',1,'fugiat','http://lednerjerde.com/','Reprehenderit eos quia quia ut accusantium nulla.','2020-08-16 13:51:21','2019-12-11 07:41:29'),(99,'darien.hagenes','894b366dbb71db244bd2e8e060e58a712c07b5d4','bschuster@example.org','MDT',0,'cn',51833816,1,'Prohaskatown','http://lorempixel.com/640/480/',1,'quis','http://www.schmitt.com/','Ut ut quam culpa nemo reprehenderit omnis quo.','2020-08-08 10:49:03','2019-11-30 20:17:58'),(100,'nolan.blanca','d128104cebdc47c43d4aead8220b910786d2cf2e','dooley.beryl@example.com','EDT',0,'cn',826020,3,'Port Claudiafort','http://lorempixel.com/640/480/',0,'quia','http://www.marquardt.org/','Provident magni pariatur qui optio qui qui aliquid.','2020-07-27 11:14:48','2020-01-08 17:49:02');
/*!40000 ALTER TABLE `forum_users` ENABLE KEYS */;
UNLOCK TABLES;

--
-- Table structure for table `images`
--

DROP TABLE IF EXISTS `images`;
/*!40101 SET @saved_cs_client     = @@character_set_client */;
/*!40101 SET character_set_client = utf8 */;
CREATE TABLE `images` (
  `id` int(10) unsigned NOT NULL AUTO_INCREMENT,
  `author_id` int(10) unsigned NOT NULL COMMENT 'кто выложил',
  `current_release` varchar(25) COLLATE utf8mb4_unicode_ci NOT NULL COMMENT 'Версия релиза',
  `included_kernel` varchar(25) COLLATE utf8mb4_unicode_ci NOT NULL COMMENT 'Версия ядра linux',
  `iso_size` int(10) unsigned NOT NULL COMMENT 'Размер образа',
  `checksums` varchar(25) COLLATE utf8mb4_unicode_ci NOT NULL COMMENT 'Чексумма образа',
  `mirror_id` int(10) unsigned DEFAULT NULL COMMENT 'Внешний ключ для таблицы зеркал',
  `created_at` datetime DEFAULT current_timestamp(),
  `updated_at` datetime DEFAULT current_timestamp() ON UPDATE current_timestamp(),
  PRIMARY KEY (`id`),
  KEY `images_author_id_fk` (`author_id`),
  KEY `images_mirror_id_fk` (`mirror_id`),
  KEY `images_included_kernel_idx` (`included_kernel`),
  CONSTRAINT `images_author_id_fk` FOREIGN KEY (`author_id`) REFERENCES `wiki_users` (`id`),
  CONSTRAINT `images_mirror_id_fk` FOREIGN KEY (`mirror_id`) REFERENCES `mirrors` (`id`)
) ENGINE=InnoDB AUTO_INCREMENT=101 DEFAULT CHARSET=utf8mb4 COLLATE=utf8mb4_unicode_ci;
/*!40101 SET character_set_client = @saved_cs_client */;

--
-- Dumping data for table `images`
--

LOCK TABLES `images` WRITE;
/*!40000 ALTER TABLE `images` DISABLE KEYS */;
INSERT INTO `images` VALUES (1,71,'7','iusto',875923,'b648679e1d78e3984228128a2',48,'1984-06-25 16:09:24','2003-03-24 18:18:58'),(2,78,'1','inventore',155375291,'4af1fa6856c74e66e3fdb00f1',18,'2005-01-13 07:25:16','2006-08-03 00:51:55'),(3,72,'5','dolore',1,'5bb5a49d08bf9644d0e82a0fc',41,'1993-03-26 21:05:25','1970-07-15 20:32:17'),(4,94,'5','culpa',0,'7d784d6ef1414b96246cb553c',55,'2010-10-22 07:53:49','1972-09-20 03:59:35'),(5,60,'2','animi',6668,'d6d184811940059ddebf38529',50,'1991-03-13 22:16:25','1993-10-31 04:06:36'),(6,14,'5','esse',5181532,'e4d1e6401a380017bd8fc68f0',15,'1986-03-12 03:22:59','1987-06-13 19:02:30'),(7,42,'8','vero',281032942,'3f7ddfee739d5712a203308b8',52,'1978-03-26 09:21:02','2003-04-06 06:51:43'),(8,83,'5','adipisci',1,'b8f7071316ee7f2e8ca805e0e',7,'1988-10-07 08:31:38','1973-04-10 07:00:57'),(9,16,'9','voluptatem',372879,'622ca49a4b86e5f361729a60e',29,'1997-02-04 10:55:24','1983-10-13 20:29:13'),(10,39,'1','magnam',568,'a6c792fdcc29d8cbd5c495df1',57,'2015-03-09 18:32:04','1974-10-22 13:01:54'),(11,63,'6','eum',6612512,'a8829850ff7d4bf9c6a1de44c',63,'1986-12-20 16:39:23','2005-10-13 19:39:19'),(12,28,'1','aut',0,'a568ebce90d7bab3902d03592',23,'1990-09-24 14:08:00','2007-12-03 08:36:09'),(13,29,'6','et',504059296,'2bb054f0882a82d2c021a1ec6',24,'1995-09-22 14:46:18','1998-11-23 16:51:31'),(14,100,'5','in',88594,'c0fb3e0d436c7812489b3fae3',69,'1996-03-22 13:12:47','2017-01-31 13:13:48'),(15,3,'7','ut',56983954,'dd35534f4666fcc0d160661a4',89,'1978-08-31 12:22:42','1976-03-06 18:36:41'),(16,35,'5','quaerat',503,'dc718d76a6af1d9aafe7bec9c',74,'1996-09-18 06:00:23','2008-10-09 05:19:47'),(17,37,'7','fugiat',8,'be484c67f4f0a595b67c34454',12,'1986-02-20 05:11:30','1985-01-01 07:49:14'),(18,92,'6','ratione',7,'47675ddcad7a2690dc213ebf4',9,'1994-08-12 02:29:37','1993-09-09 11:30:47'),(19,53,'4','harum',931,'edadb3854d1eabd1b2fdf395d',85,'1989-08-18 08:29:54','1994-07-27 19:03:16'),(20,64,'8','repellendus',754778177,'02ec8648b50467975bbc03510',13,'1981-05-03 03:23:38','1988-11-18 07:07:05'),(21,34,'1','quia',26243,'09b6b5e63ec83f00a22a299d6',77,'1991-09-22 11:55:43','1974-02-14 23:49:38'),(22,28,'4','rerum',9943,'bb0e37a8598e24ace9a1370ed',75,'2012-04-15 15:38:16','1979-01-03 06:31:03'),(23,29,'2','ut',2062350,'d52144985dd023690da8cf37b',10,'1981-12-07 23:15:50','2017-02-02 14:39:53'),(24,81,'3','fuga',926489,'6ffbc924fc85ff892687fc9e4',44,'1979-02-13 03:42:34','1998-02-27 01:14:09'),(25,39,'3','enim',426,'db260b0f20849f672e215c0f6',20,'1977-12-20 17:49:25','1994-04-22 21:39:54'),(26,1,'8','molestiae',8772,'1a7a799902c0ad8c072b4f8aa',1,'1997-08-17 06:11:46','2016-04-09 02:22:25'),(27,82,'6','in',1413,'d0d5fc5dba7a63675842f2582',29,'2003-08-03 07:03:23','2007-06-06 02:45:04'),(28,24,'5','ab',639656731,'57f198a733435a06810d64cfa',11,'2020-02-23 22:26:59','1971-10-20 13:59:26'),(29,52,'4','voluptate',642,'97fcd5fa649fac9748af867e8',23,'1986-02-11 19:25:47','2019-05-29 17:25:56'),(30,80,'4','ipsum',558,'a29e5bad38b0daf77077160dc',55,'1980-11-17 23:27:06','2001-12-27 16:19:44'),(31,12,'2','consequatur',1266288,'37d5e6f3ce8154918826ce2df',14,'2010-06-05 16:26:28','1975-02-10 09:34:57'),(32,29,'5','voluptatibus',967304,'7e18c6ae279db78df66c04d36',49,'2012-11-10 06:57:39','2014-12-09 15:52:46'),(33,26,'9','eligendi',379394597,'a049c74eeae6fe6a85649a9ff',20,'1980-03-17 21:19:05','1971-06-20 08:33:55'),(34,58,'4','quam',0,'0e125b0f4ecb89c182c6f6c28',79,'1971-04-19 21:56:16','2004-05-12 13:26:45'),(35,4,'9','tempore',32,'324d8b4f546b36863f037cf58',21,'1998-01-20 18:54:27','1970-07-06 12:16:46'),(36,91,'1','eligendi',5857767,'40fe7b34961687cf51f5ed278',38,'1986-01-02 02:17:31','1979-01-15 22:04:58'),(37,98,'8','corporis',5590,'3014e0859ba737570d14c8acb',19,'2006-11-05 02:13:53','1986-10-06 17:45:29'),(38,12,'6','veniam',634388811,'50d60fb6ea0ceb69a5f1e20c2',26,'2019-06-27 22:43:41','1987-04-21 17:50:46'),(39,28,'4','distinctio',601,'960b9d88988ae737cca97e0be',93,'1971-11-28 02:09:16','1989-12-23 15:04:41'),(40,70,'4','vero',359823,'4f1d04b2ac9cc0eca7eeda5be',66,'2001-09-13 20:05:44','1985-12-18 19:05:47'),(41,12,'2','nobis',0,'7fc1ea05e2e1217dcad040915',71,'1984-04-17 11:46:53','1991-09-07 23:19:59'),(42,67,'8','aperiam',1595,'6b9f07d176e5a57bde5f68234',94,'1994-06-22 04:47:26','1980-01-10 20:12:42'),(43,99,'8','et',122334,'3ef361ad53ee71c76fed1c41c',90,'2001-03-06 15:33:03','1990-06-30 23:16:24'),(44,4,'8','et',6,'6c2a252184752f43a7c2ec1c8',51,'1975-05-04 05:43:45','2002-07-11 13:24:38'),(45,13,'6','porro',1397019,'4c9864508819434336d222446',83,'2002-04-11 17:29:01','2017-02-06 01:07:23'),(46,5,'9','earum',5747,'f1b35d4945cbfad7912042365',25,'1996-01-04 06:49:40','2001-08-27 12:06:28'),(47,97,'3','aperiam',9277,'e2bf6bebd6035b61cbc276253',34,'2019-03-03 07:03:08','1993-02-18 04:21:00'),(48,74,'7','reiciendis',7,'25ca7a83f6da0738cdf715198',22,'1989-08-11 08:45:56','2000-01-24 16:33:16'),(49,54,'4','eligendi',58726585,'bbdd2e3917e7a09730a4d4bf4',31,'1980-01-16 18:42:16','2006-03-16 20:43:00'),(50,100,'6','voluptas',413970663,'6e21fd49ef399337a7369fa18',58,'2002-04-16 23:36:04','2009-08-10 11:52:06'),(51,52,'2','laboriosam',9,'4b6c04ac95d74b4cfdca842f9',91,'1988-02-02 09:23:10','1980-03-18 23:37:24'),(52,95,'5','fugit',718,'5aa0ae5f6c7ca6089d88daf12',49,'2019-05-13 11:30:39','1996-01-31 01:29:32'),(53,9,'5','atque',0,'ef058252f592c6de49474d4a0',7,'1978-10-14 04:42:06','1996-12-23 03:09:20'),(54,75,'1','ratione',10,'0b00e781ee09b978e86f62d67',37,'2019-10-23 04:18:30','2004-03-25 02:46:32'),(55,99,'2','asperiores',58509915,'c4766f932c08903792bcba261',44,'1988-09-29 09:16:51','1983-09-29 15:50:12'),(56,3,'1','ea',8344,'f9e5ec237ff44db80ccbec7ee',10,'1989-02-15 13:06:49','2014-06-25 20:31:18'),(57,14,'2','earum',79,'5a7ef10fdb61b4d2ced01ff07',69,'1985-03-14 06:24:27','2003-10-15 03:11:46'),(58,4,'6','itaque',0,'32239cedf597ff0d5a3885b05',12,'2011-01-28 16:01:17','2015-11-27 21:21:30'),(59,59,'1','est',7982,'aa00b941131e79d77290858bf',7,'2017-02-07 05:51:44','1992-06-28 10:45:23'),(60,62,'6','et',509664703,'3f84d6dec7e36501177be766c',72,'1988-09-18 03:36:47','1990-12-05 23:14:22'),(61,90,'6','praesentium',549272,'1cb751908f2bcff0e646bf016',67,'1997-11-15 17:49:09','1999-10-09 07:16:08'),(62,97,'4','suscipit',1386,'c4099359e30a800b2baa60c0c',86,'1995-05-08 23:23:09','1972-03-02 01:52:18'),(63,1,'5','debitis',1019,'c57ae7c416b69474f12ea8b0b',70,'1993-05-11 18:32:26','2013-03-19 12:40:55'),(64,8,'8','quam',243747,'9b3c548b33c724b42d1103b71',54,'1998-07-20 03:18:45','1986-09-18 17:16:34'),(65,100,'8','quia',1587,'2debee279c067b150749fd5fb',8,'2010-12-02 20:15:02','1993-01-13 15:58:41'),(66,11,'9','velit',251797574,'088565f1342b4877e3623f00f',51,'2018-09-23 00:53:55','1987-01-16 09:39:19'),(67,98,'5','quo',536039374,'96b29281208e8f4a518d5270c',6,'1979-10-16 11:21:11','1981-11-19 01:13:11'),(68,100,'2','iste',138845,'2f2cf46c7330e591c0b724fd7',7,'2007-02-13 03:12:57','1993-08-28 21:20:23'),(69,12,'2','facilis',767893,'b351161f7b9d0ccb7e3942a8b',74,'2000-01-10 22:44:40','2005-03-26 23:36:21'),(70,43,'8','autem',0,'cfa0819364ba5638e51e27cd2',11,'1984-03-23 23:37:59','1983-01-07 19:41:10'),(71,17,'2','facilis',706166,'5d5002af33d3bfa2934df56c9',45,'2006-04-27 10:26:52','1992-11-17 07:14:15'),(72,21,'9','assumenda',722399473,'f8b7ad276fe6316b9bd6e2795',31,'2002-04-26 06:46:59','2019-09-01 10:16:31'),(73,14,'4','dolore',60,'4988d1eb2abd605dd726b828b',24,'2019-01-01 08:26:10','2019-10-15 06:21:31'),(74,43,'3','tenetur',60851340,'d543447c716a3e7d589265956',72,'2003-05-09 15:24:28','2019-06-24 09:54:51'),(75,30,'6','et',9,'ae925ef0e4f42509ec6f53a8f',5,'1985-03-16 21:09:59','2003-05-13 20:12:32'),(76,44,'9','voluptas',172428,'3d1e0dc11cb7c22145cebe7f6',20,'2001-01-20 06:12:03','1976-06-12 03:51:28'),(77,71,'5','veritatis',6883,'9f913c78a89c0d590b9173520',40,'2008-06-07 12:05:55','1975-07-30 21:25:56'),(78,6,'6','suscipit',9,'5add6a1b79e67815e5dd1ad4f',72,'1970-12-06 13:29:00','1972-07-29 15:08:47'),(79,9,'1','vel',85,'0dd87cb105863fad17d7a478b',13,'1993-08-27 22:21:56','2013-08-30 15:25:04'),(80,25,'1','omnis',15,'47f1b374ecad3d00e2daea3f4',9,'2018-04-12 11:12:59','1995-05-02 13:57:19'),(81,21,'8','ea',3183742,'69244bcda7e05891128a2cba4',36,'2006-01-05 13:05:58','1979-03-27 07:54:21'),(82,59,'7','eligendi',84,'2e467b120d8889f8e781d9a03',18,'2018-08-11 08:27:38','2018-03-16 00:23:40'),(83,42,'3','earum',875,'3509027abbdc7aab284066584',59,'2016-06-27 17:47:13','1998-09-18 09:01:29'),(84,24,'8','quibusdam',7326,'9c4020ae3c69ef91f39b84433',54,'2007-01-10 16:00:42','1987-02-24 23:03:00'),(85,32,'7','magni',61,'bfb18eb2078e0948f0ec999db',66,'1972-07-14 19:10:07','1970-10-22 20:04:27'),(86,64,'1','sint',58861,'2140cf124206174a8c42c0169',49,'1976-06-20 04:33:00','1992-11-01 02:23:46'),(87,11,'1','libero',6,'28c547a1433290f4f88276cb4',84,'1998-10-26 06:08:21','1976-05-02 19:49:56'),(88,80,'1','corporis',3451511,'1f6ddef2e6503c8c18f5c55dc',24,'1988-01-18 16:47:49','1970-10-11 03:05:38'),(89,7,'6','corporis',0,'5f1838fad86cfd2981570231a',22,'1988-05-29 16:20:31','2013-01-05 10:08:47'),(90,96,'4','excepturi',113,'e5d688b2e6b0f4b17b15a8370',37,'1972-12-22 00:47:50','2003-04-14 10:25:53'),(91,26,'1','ratione',62628665,'377c46f68197388bd97d26e95',39,'1976-12-19 01:53:23','1972-04-05 04:07:35'),(92,56,'8','quia',690121,'5e5742aa15c03b0685840a542',97,'2006-01-07 23:29:44','1987-10-20 10:27:58'),(93,79,'8','eveniet',0,'61a5f772830218970e090f721',62,'2020-04-18 03:33:47','1989-12-20 20:17:18'),(94,69,'8','quod',6164409,'4fa15d705917667306b3a3557',87,'2018-02-23 02:14:51','2006-04-02 20:57:56'),(95,75,'3','aut',26067,'74bf8c8757db355e5e540674f',93,'2008-07-04 20:57:24','2006-12-16 20:14:11'),(96,95,'7','eos',69145941,'23acdc0b83b07401f7ec392be',95,'2014-05-26 19:03:49','1979-08-07 06:08:45'),(97,29,'7','possimus',9,'a7fd9265d145645013cfaa867',54,'2005-10-28 10:12:55','2017-02-22 05:05:05'),(98,13,'4','ea',758373,'649621662c99e1286d106c3da',71,'2014-02-10 19:42:12','2013-10-20 11:05:46'),(99,13,'3','nemo',0,'a2d584b5c05c9d410d72ee480',36,'1986-11-08 14:28:36','1987-02-15 06:37:53'),(100,24,'1','illum',75,'45a710a470de1b33a3cd335e6',45,'2010-12-22 04:45:41','2018-10-25 11:38:03');
/*!40000 ALTER TABLE `images` ENABLE KEYS */;
UNLOCK TABLES;

--
-- Table structure for table `main_dependencies`
--

DROP TABLE IF EXISTS `main_dependencies`;
/*!40101 SET @saved_cs_client     = @@character_set_client */;
/*!40101 SET character_set_client = utf8 */;
CREATE TABLE `main_dependencies` (
  `package_id` int(10) unsigned NOT NULL COMMENT 'id пакета',
  `depend_id` int(10) unsigned NOT NULL COMMENT 'id пакета, от которого зависит',
  `created_at` datetime DEFAULT current_timestamp(),
  PRIMARY KEY (`package_id`,`depend_id`),
  KEY `main_dependencies_depend_id_fk` (`depend_id`),
  CONSTRAINT `main_dependencies_depend_id_fk` FOREIGN KEY (`depend_id`) REFERENCES `packages` (`id`),
  CONSTRAINT `main_dependencies_package_id_fk` FOREIGN KEY (`package_id`) REFERENCES `packages` (`id`)
) ENGINE=InnoDB DEFAULT CHARSET=utf8mb4 COLLATE=utf8mb4_unicode_ci;
/*!40101 SET character_set_client = @saved_cs_client */;

--
-- Dumping data for table `main_dependencies`
--

LOCK TABLES `main_dependencies` WRITE;
/*!40000 ALTER TABLE `main_dependencies` DISABLE KEYS */;
INSERT INTO `main_dependencies` VALUES (1,66,'1992-04-21 04:46:10'),(4,18,'2004-10-23 06:46:11'),(5,84,'2018-08-01 05:44:37'),(5,86,'1972-02-15 03:12:04'),(5,87,'1972-07-12 05:48:15'),(5,97,'1999-12-05 18:24:36'),(7,1,'2017-07-23 06:29:02'),(7,84,'2019-11-02 11:45:33'),(8,78,'1994-08-06 21:55:01'),(9,90,'2006-03-08 11:57:02'),(9,98,'2013-01-16 20:05:41'),(10,4,'1986-07-30 19:39:50'),(10,69,'2016-09-17 14:28:10'),(12,65,'1978-03-27 21:02:15'),(14,91,'1994-04-06 01:54:12'),(15,2,'2000-08-10 00:20:46'),(15,55,'1979-12-01 15:09:44'),(16,43,'1988-11-04 07:55:15'),(17,64,'1976-04-06 00:03:24'),(20,35,'1994-07-24 06:35:52'),(20,47,'1982-08-19 17:52:28'),(21,22,'2012-12-24 18:44:50'),(26,43,'2002-12-14 13:07:12'),(26,90,'2015-01-14 06:58:19'),(27,12,'1989-02-23 07:22:43'),(27,39,'2003-05-23 04:55:00'),(28,48,'1996-06-02 14:25:00'),(29,33,'2016-11-20 14:17:25'),(30,72,'2006-10-21 12:26:16'),(32,81,'1978-05-03 01:12:37'),(37,66,'1973-10-20 04:21:40'),(38,65,'1989-03-20 11:30:41'),(38,70,'1985-08-30 21:21:07'),(39,4,'1989-11-10 09:03:08'),(39,83,'1986-08-14 17:55:59'),(40,28,'1997-09-07 14:30:16'),(40,58,'1983-11-16 04:23:16'),(42,29,'2000-02-01 15:16:49'),(42,39,'1986-09-16 02:05:14'),(43,20,'1997-11-21 06:12:08'),(45,57,'1972-01-28 23:58:54'),(46,6,'1973-08-14 00:53:37'),(47,26,'2008-01-16 06:31:04'),(47,59,'1982-04-16 19:30:33'),(48,30,'2009-11-09 07:46:12'),(48,82,'1977-04-22 02:25:10'),(49,70,'1974-09-01 15:28:34'),(49,87,'1987-07-13 11:03:44'),(54,11,'2019-03-16 06:56:45'),(56,38,'2003-06-13 17:12:48'),(56,69,'1971-08-18 12:57:22'),(59,59,'1982-11-01 16:49:07'),(59,94,'1987-10-26 16:52:41'),(59,95,'2007-01-25 00:44:59'),(61,10,'1986-03-20 11:29:54'),(63,1,'2007-06-14 14:11:26'),(65,14,'1999-04-23 11:44:34'),(65,28,'1991-01-27 13:17:52'),(65,58,'1986-07-07 00:08:17'),(67,37,'1996-11-13 18:36:31'),(68,31,'1987-10-26 11:00:07'),(69,76,'1992-02-09 14:39:00'),(70,2,'2004-08-21 15:29:05'),(70,46,'1980-11-08 00:27:01'),(71,50,'2000-07-01 09:43:56'),(71,74,'2007-09-03 11:56:21'),(71,77,'2017-11-12 03:49:37'),(72,50,'2013-03-28 23:14:43'),(73,24,'2011-08-17 16:56:50'),(73,33,'1993-02-16 13:58:46'),(74,49,'2012-08-28 09:58:32'),(76,41,'1992-11-01 23:36:27'),(77,57,'1994-02-08 12:32:10'),(77,99,'1975-10-15 06:03:37'),(79,56,'1978-10-19 02:46:54'),(80,24,'1988-05-29 13:10:02'),(80,25,'2017-01-23 02:12:25'),(80,48,'1985-08-15 05:52:29'),(80,53,'2006-01-17 15:24:49'),(83,6,'1971-04-08 00:20:46'),(83,48,'1995-12-21 07:23:01'),(84,98,'2014-02-16 02:05:47'),(85,98,'1996-12-25 07:47:21'),(86,97,'1988-04-30 20:02:53'),(90,93,'2019-07-30 04:48:17'),(91,98,'2006-09-10 03:06:35'),(92,17,'2002-05-31 13:06:36'),(92,23,'1988-07-29 17:33:24'),(92,67,'1993-06-26 04:52:55'),(93,38,'2006-02-02 18:51:52'),(95,48,'1997-11-01 19:40:04'),(95,68,'1997-02-12 08:37:31'),(96,62,'1976-09-23 21:36:51'),(97,16,'1994-11-22 18:35:55'),(97,50,'2000-09-10 03:52:35'),(97,62,'1992-09-19 23:49:54'),(98,21,'2013-12-02 03:22:47'),(98,31,'1997-09-27 20:30:00'),(98,35,'1970-10-01 06:58:02');
/*!40000 ALTER TABLE `main_dependencies` ENABLE KEYS */;
UNLOCK TABLES;
/*!50003 SET @saved_cs_client      = @@character_set_client */ ;
/*!50003 SET @saved_cs_results     = @@character_set_results */ ;
/*!50003 SET @saved_col_connection = @@collation_connection */ ;
/*!50003 SET character_set_client  = utf8mb4 */ ;
/*!50003 SET character_set_results = utf8mb4 */ ;
/*!50003 SET collation_connection  = utf8mb4_unicode_ci */ ;
/*!50003 SET @saved_sql_mode       = @@sql_mode */ ;
/*!50003 SET sql_mode              = 'IGNORE_SPACE,STRICT_TRANS_TABLES,ERROR_FOR_DIVISION_BY_ZERO,NO_AUTO_CREATE_USER,NO_ENGINE_SUBSTITUTION' */ ;
DELIMITER ;;
/*!50003 CREATE*/ /*!50017 DEFINER=`root`@`localhost`*/ /*!50003 TRIGGER depend_on_yourself_main BEFORE INSERT ON main_dependencies
    FOR EACH ROW
BEGIN
	IF new.package_id = new.depend_id THEN
		SIGNAL SQLSTATE '45000' SET MESSAGE_TEXT = 'INSERT canceled';
	END IF;
END */;;
DELIMITER ;
/*!50003 SET sql_mode              = @saved_sql_mode */ ;
/*!50003 SET character_set_client  = @saved_cs_client */ ;
/*!50003 SET character_set_results = @saved_cs_results */ ;
/*!50003 SET collation_connection  = @saved_col_connection */ ;

--
-- Table structure for table `mirrors`
--

DROP TABLE IF EXISTS `mirrors`;
/*!40101 SET @saved_cs_client     = @@character_set_client */;
/*!40101 SET character_set_client = utf8 */;
CREATE TABLE `mirrors` (
  `id` int(10) unsigned NOT NULL AUTO_INCREMENT,
  `mirror_url` varchar(50) COLLATE utf8mb4_unicode_ci NOT NULL COMMENT 'url зеркала',
  `created_at` datetime DEFAULT current_timestamp(),
  `updated_at` datetime DEFAULT current_timestamp() ON UPDATE current_timestamp(),
  PRIMARY KEY (`id`),
  KEY `mirrors_mirror_url_idx` (`mirror_url`)
) ENGINE=InnoDB AUTO_INCREMENT=101 DEFAULT CHARSET=utf8mb4 COLLATE=utf8mb4_unicode_ci;
/*!40101 SET character_set_client = @saved_cs_client */;

--
-- Dumping data for table `mirrors`
--

LOCK TABLES `mirrors` WRITE;
/*!40000 ALTER TABLE `mirrors` DISABLE KEYS */;
INSERT INTO `mirrors` VALUES (1,'http://www.hand.com/','2016-08-14 11:09:28','2020-01-12 23:38:47'),(2,'http://anderson.com/','2000-03-05 03:41:45','2019-11-08 23:12:26'),(3,'http://kunze.biz/','1984-02-15 16:30:04','2020-03-16 23:10:43'),(4,'http://www.kiehn.org/','1987-09-02 07:12:22','2019-12-02 14:38:03'),(5,'http://waters.info/','1997-03-22 21:41:25','2020-08-22 19:01:22'),(6,'http://www.trantow.net/','1973-08-05 03:32:44','2020-03-09 11:57:00'),(7,'http://www.cummings.com/','1982-11-22 04:16:26','2020-05-31 14:58:47'),(8,'http://moore.net/','2011-09-09 20:40:21','2019-12-25 18:20:15'),(9,'http://www.schroeder.com/','1972-02-20 11:30:25','2020-04-09 03:12:56'),(10,'http://lynch.com/','1991-04-17 01:06:33','2020-07-29 00:57:54'),(11,'http://leffler.com/','1986-03-04 03:19:02','2020-06-03 04:01:49'),(12,'http://wiegand.biz/','2004-10-31 16:57:15','2020-07-25 10:06:44'),(13,'http://www.johns.org/','1992-03-24 06:04:17','2020-06-19 20:49:02'),(14,'http://treuteljohnston.net/','2000-12-16 15:19:14','2020-08-10 15:35:23'),(15,'http://swift.org/','1975-06-19 14:37:54','2020-01-08 00:30:57'),(16,'http://spencergaylord.info/','2003-04-10 21:49:06','2020-05-22 12:50:16'),(17,'http://www.walkerrutherford.com/','1984-11-18 19:53:28','2020-05-14 05:28:50'),(18,'http://purdyratke.info/','2004-06-15 00:13:01','2019-09-27 03:50:31'),(19,'http://dickens.biz/','2016-08-04 16:05:27','2020-05-07 17:30:25'),(20,'http://www.gutmann.net/','2013-03-13 23:53:41','2019-10-21 12:49:59'),(21,'http://www.hudson.com/','2012-03-21 04:20:49','2019-12-24 01:09:54'),(22,'http://connwalker.com/','2008-06-13 22:40:03','2020-02-26 17:57:23'),(23,'http://langoshsenger.com/','2003-01-31 20:36:01','2019-12-04 09:28:43'),(24,'http://www.torpgutkowski.biz/','2003-01-18 18:23:53','2020-02-18 10:23:40'),(25,'http://collinspfeffer.com/','1990-07-11 12:08:45','2020-03-07 05:27:50'),(26,'http://mckenzie.com/','1998-03-29 18:46:09','2020-04-14 20:47:06'),(27,'http://www.uptonsanford.biz/','1975-12-29 06:51:26','2020-07-08 10:55:48'),(28,'http://www.townejacobs.net/','1995-04-26 23:43:58','2020-02-15 02:14:14'),(29,'http://williamson.com/','1976-03-28 07:43:39','2019-11-23 12:48:43'),(30,'http://hayesreichel.com/','1988-05-27 22:02:30','2019-11-17 18:55:25'),(31,'http://www.watersleannon.com/','1977-01-17 22:22:26','2020-08-10 17:06:22'),(32,'http://www.bergnaumpagac.com/','2008-09-18 18:29:07','2019-12-04 08:05:43'),(33,'http://www.schmitt.com/','1970-03-15 18:25:40','2020-01-27 21:52:04'),(34,'http://adams.com/','2020-03-28 15:25:38','2020-06-08 14:24:31'),(35,'http://schmitt.com/','2011-08-22 16:27:30','2019-09-25 00:51:29'),(36,'http://www.langosh.com/','1993-12-05 13:16:30','2020-06-06 13:34:23'),(37,'http://schaden.com/','2014-03-21 01:31:44','2020-01-29 14:15:39'),(38,'http://www.kihn.com/','1972-08-11 02:20:12','2020-03-22 22:43:07'),(39,'http://gottlieb.com/','2008-03-11 10:23:09','2019-08-28 20:12:06'),(40,'http://www.wehner.com/','2016-05-16 23:22:03','2020-06-18 06:57:58'),(41,'http://www.lowe.info/','2012-12-05 08:50:15','2020-02-15 04:06:16'),(42,'http://kautzerfeeney.com/','1990-07-15 07:02:31','2020-07-23 14:58:03'),(43,'http://www.blandafriesen.com/','2014-02-22 11:03:46','2019-11-11 10:48:50'),(44,'http://www.weber.com/','2015-11-10 11:24:29','2019-12-16 06:16:37'),(45,'http://bogisich.com/','1981-06-25 19:04:20','2019-10-13 03:40:30'),(46,'http://schoen.biz/','2009-01-11 17:22:51','2019-10-14 08:33:06'),(47,'http://walterjacobs.biz/','2006-01-23 16:31:37','2020-05-29 00:24:06'),(48,'http://www.morissette.com/','1982-12-06 19:18:04','2019-12-28 12:26:35'),(49,'http://www.jones.biz/','2004-05-15 16:54:39','2020-07-06 19:01:29'),(50,'http://mertz.com/','2001-02-21 10:58:02','2020-06-23 08:11:53'),(51,'http://lockman.net/','1999-02-12 23:07:47','2019-11-16 03:22:53'),(52,'http://www.deckow.com/','1997-11-19 13:05:16','2020-05-19 13:30:07'),(53,'http://bednar.info/','1975-03-27 13:38:55','2019-09-11 14:57:43'),(54,'http://schaefer.info/','1984-11-04 00:35:08','2020-08-08 07:23:00'),(55,'http://www.barton.info/','1990-06-29 03:44:15','2019-09-15 04:26:28'),(56,'http://schambergerterry.com/','1971-04-09 16:20:48','2020-06-06 00:23:44'),(57,'http://www.green.com/','1986-10-30 04:32:17','2020-04-07 00:42:52'),(58,'http://www.lockman.com/','1978-09-02 12:55:53','2020-02-03 15:00:20'),(59,'http://effertzwalsh.com/','2016-03-03 16:41:46','2019-09-14 10:23:44'),(60,'http://www.skiles.org/','1990-09-24 15:09:46','2020-07-14 18:57:09'),(61,'http://armstrongschumm.com/','1988-09-29 12:47:26','2020-08-13 15:45:32'),(62,'http://schuppegerlach.biz/','2010-04-25 18:35:16','2020-05-25 01:38:33'),(63,'http://botsford.biz/','1981-08-01 23:33:24','2020-08-23 06:43:08'),(64,'http://metzyost.org/','1986-06-03 15:14:46','2019-10-21 17:55:31'),(65,'http://macejkovic.com/','1985-01-11 07:36:19','2019-12-24 21:18:09'),(66,'http://www.kleindooley.com/','2009-01-10 11:14:31','2020-07-26 03:09:01'),(67,'http://lubowitz.com/','1972-03-05 12:10:40','2020-04-11 05:18:37'),(68,'http://thiel.com/','1992-10-16 16:32:38','2019-11-22 10:56:17'),(69,'http://www.halvorson.biz/','1999-05-18 03:43:32','2019-12-17 03:41:49'),(70,'http://www.cruickshank.com/','2018-06-29 22:38:18','2020-08-03 20:11:35'),(71,'http://kovacekwelch.com/','1976-02-12 03:14:06','2019-09-15 22:12:09'),(72,'http://www.sauer.com/','2006-11-11 08:17:53','2019-10-29 09:45:35'),(73,'http://hilll.com/','2010-12-31 05:44:48','2020-05-12 03:47:35'),(74,'http://www.oharahammes.net/','1971-05-08 09:29:20','2020-02-29 02:17:21'),(75,'http://rueckermitchell.org/','1972-01-25 19:52:53','2019-11-08 23:20:32'),(76,'http://www.haley.com/','1970-08-21 02:51:41','2020-07-19 21:35:10'),(77,'http://www.schmitt.com/','2001-01-24 23:52:00','2019-12-23 08:51:24'),(78,'http://www.prohaskarunolfsson.com/','1970-09-14 17:02:52','2020-05-10 05:00:50'),(79,'http://beahan.com/','2001-05-21 21:11:15','2020-02-18 22:11:23'),(80,'http://hahnryan.com/','2005-05-16 13:24:14','2019-12-28 20:25:50'),(81,'http://www.gulgowski.com/','2003-02-18 18:24:20','2020-08-06 07:12:02'),(82,'http://www.larson.com/','1996-02-10 19:46:54','2019-10-29 09:33:39'),(83,'http://www.huel.info/','2004-11-18 15:51:48','2019-09-02 03:26:34'),(84,'http://www.cremin.info/','1983-06-16 04:46:29','2020-02-29 05:59:57'),(85,'http://www.gerlach.org/','2012-03-23 18:11:01','2020-02-11 02:20:18'),(86,'http://www.robelgerlach.com/','1979-08-07 12:23:57','2020-04-25 23:27:57'),(87,'http://dach.com/','1972-12-23 06:44:47','2020-08-07 08:59:10'),(88,'http://koss.info/','2014-11-25 23:31:06','2019-09-04 15:33:36'),(89,'http://www.baumbach.com/','2000-10-13 12:27:42','2020-06-14 16:16:22'),(90,'http://jacobsonbartell.com/','2019-05-09 13:24:37','2019-09-16 16:28:24'),(91,'http://greenfelderbergnaum.com/','1993-08-20 02:55:32','2020-05-27 14:14:20'),(92,'http://pfannerstill.com/','2008-09-16 23:17:34','2019-11-11 21:08:49'),(93,'http://vonruedenlubowitz.com/','1983-04-11 07:46:20','2019-10-02 22:55:45'),(94,'http://welch.com/','1991-02-09 09:51:06','2020-01-29 20:21:19'),(95,'http://www.stoltenbergschroeder.info/','2000-02-11 06:44:00','2020-07-23 06:39:53'),(96,'http://www.doyle.info/','2017-07-03 12:58:00','2020-08-14 18:15:23'),(97,'http://www.wymanjacobi.com/','1977-09-20 08:20:37','2020-07-04 21:08:20'),(98,'http://ohararunolfsdottir.org/','2009-01-19 02:50:21','2019-10-21 12:36:09'),(99,'http://www.williamson.info/','1981-07-11 14:26:42','2020-08-02 19:41:31'),(100,'http://dubuque.info/','2018-02-27 06:25:46','2019-09-02 07:50:01');
/*!40000 ALTER TABLE `mirrors` ENABLE KEYS */;
UNLOCK TABLES;

--
-- Table structure for table `news`
--

DROP TABLE IF EXISTS `news`;
/*!40101 SET @saved_cs_client     = @@character_set_client */;
/*!40101 SET character_set_client = utf8 */;
CREATE TABLE `news` (
  `id` int(10) unsigned NOT NULL AUTO_INCREMENT,
  `title` varchar(255) COLLATE utf8mb4_unicode_ci NOT NULL COMMENT 'Название новости',
  `body` text COLLATE utf8mb4_unicode_ci NOT NULL COMMENT 'Сама новость',
  `author_id` int(10) unsigned NOT NULL COMMENT 'Ссылка на профиль автора',
  `created_at` datetime DEFAULT current_timestamp() COMMENT 'Время создания',
  `updated_at` datetime DEFAULT current_timestamp() ON UPDATE current_timestamp() COMMENT 'Время редактирования',
  PRIMARY KEY (`id`),
  KEY `news_author_id_fk` (`author_id`),
  KEY `news_title_idx` (`title`),
  CONSTRAINT `news_author_id_fk` FOREIGN KEY (`author_id`) REFERENCES `wiki_users` (`id`)
) ENGINE=InnoDB AUTO_INCREMENT=101 DEFAULT CHARSET=utf8mb4 COLLATE=utf8mb4_unicode_ci;
/*!40101 SET character_set_client = @saved_cs_client */;

--
-- Dumping data for table `news`
--

LOCK TABLES `news` WRITE;
/*!40000 ALTER TABLE `news` DISABLE KEYS */;
INSERT INTO `news` VALUES (1,'A ab voluptas voluptas deleniti ipsa.','Sit hic recusandae qui rerum similique. Ea doloribus qui quos rerum voluptas ut rerum eaque. Dolor sequi velit quia impedit officia sunt molestiae quas. Veniam minus iste perferendis ipsum.',76,'2010-09-07 08:47:52','2019-09-20 13:59:32'),(2,'Repellat eligendi aut culpa sit.','Nemo eveniet consequuntur aut commodi et et. Quaerat nisi et quo. Molestias soluta id iure autem.',44,'1981-11-15 20:03:55','2020-06-20 16:19:52'),(3,'Placeat vitae iusto quia porro dolores ea qui sed.','Velit consectetur sint qui dicta corrupti quo. Facere accusantium facere molestias est natus natus in quis. Aperiam omnis enim corrupti explicabo et fugiat.',93,'1986-08-11 19:32:11','2020-01-12 16:27:27'),(4,'Ea suscipit sequi fugiat alias.','Dolores ut commodi voluptatum molestiae neque. Laborum mollitia blanditiis debitis fugit unde ut minima ipsa. Quisquam totam voluptas ullam voluptatem nulla doloribus veritatis.',48,'2010-03-23 08:47:36','2020-02-17 03:58:16'),(5,'Sed expedita rem illum est.','Nihil ut saepe blanditiis fuga magnam illo autem. Consequatur reiciendis consectetur aut cumque explicabo ut. Molestiae ut et distinctio omnis optio a quam.',54,'1991-04-07 01:14:59','2019-12-04 19:12:16'),(6,'Ducimus sunt voluptatibus harum ipsum odit blanditiis similique.','Sit voluptatibus ducimus quos id numquam cumque. Expedita nam beatae quasi nihil voluptatem velit. Et iusto eligendi harum aperiam quia dicta libero. Ipsam neque qui dolorem vel.',46,'1985-08-29 04:44:02','2020-08-18 23:56:39'),(7,'Quas aut assumenda voluptatem deleniti quis doloremque.','Quod quos ut accusamus non aut sed laudantium. Molestiae voluptate est minima nulla non veritatis.',11,'1998-01-07 11:32:39','2020-02-18 00:47:08'),(8,'Quia sunt ut hic.','Aliquid modi mollitia qui id delectus delectus. Debitis aperiam neque nam tempora. Perspiciatis facilis fugiat nisi consequatur.',88,'1994-12-14 06:03:49','2019-12-14 00:51:50'),(9,'Laboriosam reiciendis accusantium suscipit aut ut debitis.','Qui placeat est velit ut vel autem aperiam. Ut ea eos ipsam aut in odit est ullam. Ea aut dolorem est non. Nihil porro rerum iure ipsa iste et aut.',22,'1991-06-06 06:11:01','2020-03-29 14:10:23'),(10,'Placeat laudantium qui officiis saepe quo omnis.','Et velit quo est. Tenetur in est adipisci sunt. Aspernatur cum quasi cumque. Est saepe eum harum nesciunt quis.',34,'2013-12-12 16:52:00','2020-03-17 21:08:53'),(11,'Sed soluta enim aspernatur praesentium non nemo aut.','Culpa cumque omnis ut labore et quos voluptatem. Et est dolore laudantium veniam. Qui autem facilis recusandae similique atque cupiditate. Illo aut adipisci expedita aut molestiae reiciendis rerum corrupti.',29,'2003-03-10 15:37:18','2020-03-07 09:11:47'),(12,'Deserunt eligendi cum harum nulla ad.','Iure dolores itaque ut eos quo omnis omnis. Accusantium iure sed cupiditate. Qui accusantium aut suscipit ullam. Nobis quos qui ducimus. Natus rem nisi voluptatum in.',70,'2004-06-09 23:35:15','2020-05-28 08:07:37'),(13,'Facere est ut reiciendis quibusdam ex animi.','Dolore et soluta unde voluptas adipisci. Et voluptas iusto doloribus autem.',37,'2011-01-11 23:07:39','2020-06-22 18:32:41'),(14,'Minus voluptatum id at veritatis.','Labore iusto eum doloribus sit omnis. Est voluptas culpa aperiam saepe suscipit. Est placeat est beatae pariatur aut a. Repudiandae omnis reprehenderit architecto nesciunt.',75,'1970-04-23 00:11:50','2020-08-02 00:57:35'),(15,'Nisi est fuga ut quidem ipsam dignissimos dolores.','Eum quaerat hic ea. Modi tenetur eos voluptatibus reiciendis quibusdam labore maxime et. Laudantium ratione quia et accusantium sint sit. Deleniti in nostrum ratione nihil.',89,'1999-08-14 05:09:41','2020-05-06 21:00:49'),(16,'Et sit ipsa reprehenderit maiores qui temporibus et.','Et qui amet modi quas ratione. Voluptate maxime et voluptate vel velit consequuntur. Adipisci sint cum est et repellendus provident nemo.',30,'2014-07-14 03:47:37','2019-10-21 23:54:31'),(17,'Molestiae dolorum neque nulla consectetur et.','Sit sit ut sed quod. Veritatis natus temporibus a possimus. Est totam iure ullam officiis excepturi dolor.',28,'2016-07-28 17:04:36','2020-04-10 01:42:58'),(18,'Quam inventore perspiciatis autem quia dolor labore.','Veritatis ullam fuga perspiciatis voluptas ipsa ut eius. Veritatis ab omnis perspiciatis dolorem consequatur atque. Hic voluptas molestias deserunt nihil. Possimus illo enim quia eum.',40,'2009-10-09 19:59:50','2019-09-07 20:55:01'),(19,'Dolores qui laboriosam ut neque.','Totam ea eaque consequuntur laudantium eum perspiciatis ut. Pariatur dicta voluptas consectetur deleniti enim possimus. Debitis recusandae et et quam iusto et ut. Earum odio modi velit repellendus consequuntur explicabo dolore.',62,'1998-06-11 07:10:47','2019-12-11 00:59:38'),(20,'Labore debitis quis et adipisci rem tempora a qui.','Non cum accusamus et libero similique aliquam error. Qui voluptas sapiente optio sunt ducimus. Illo adipisci rerum voluptatibus est voluptatum facilis eaque.',93,'1985-01-07 15:58:12','2020-04-29 09:10:44'),(21,'Et beatae voluptatem ut commodi.','Facilis facere illum nesciunt ut. Inventore facere assumenda unde aut ut. Quos sit et aliquid dignissimos quae. Ab voluptas beatae dolores veniam eos est.',82,'1983-12-31 02:38:46','2020-03-19 12:58:18'),(22,'Unde quam maxime iusto laudantium.','Est eligendi et quae iste. Et ipsum et perspiciatis alias enim accusamus. Iure facilis et et ut autem assumenda consequatur.',95,'2008-12-10 01:29:42','2020-06-21 16:15:36'),(23,'Est velit ut corporis odio at.','Asperiores animi ullam consequatur et voluptates. Ipsum incidunt quidem minus voluptatibus. Porro saepe impedit minus nemo ut quaerat. Explicabo ut aliquam sit veritatis.',32,'1980-10-14 21:30:55','2020-06-17 00:27:42'),(24,'Odit harum architecto nam alias id rerum.','Aperiam labore quod officiis. Enim delectus repellendus inventore esse impedit blanditiis tenetur. Dicta consequatur est blanditiis molestiae ullam. Rerum libero et iure ullam blanditiis quis.',27,'2003-11-20 11:18:22','2019-09-22 18:14:50'),(25,'Quisquam id quaerat aut et corporis.','Dolor aut sit ut ratione est. Nobis delectus enim nostrum dolore occaecati id voluptatem non. Velit nesciunt voluptatibus molestiae soluta assumenda et. Modi molestiae fugiat minima dolore numquam consequatur. Sunt ut sit velit voluptate.',81,'2005-12-02 06:53:25','2020-04-10 09:05:54'),(26,'Voluptatibus ex ut et dignissimos quia cupiditate.','Reiciendis et et assumenda quasi qui voluptatem sint necessitatibus. Quia dolor quae alias non pariatur aut qui. Velit non similique amet nisi neque voluptatem.',19,'1982-11-17 13:53:16','2020-08-14 08:21:53'),(27,'Veniam vitae quam nihil blanditiis.','Rerum hic deleniti voluptas fugit. Magnam rerum hic architecto ut. Ipsa omnis sed molestiae sunt dignissimos adipisci. Et et dolor consequatur corrupti non blanditiis.',17,'1997-11-10 19:39:05','2020-08-21 23:53:00'),(28,'Fuga sunt provident sapiente commodi suscipit blanditiis ea.','Voluptatibus quo est sunt atque consequatur et. Facere blanditiis est fugiat porro quia. Sequi explicabo est illo temporibus quis. Error quisquam aut veritatis officiis consectetur qui ducimus velit.',37,'1981-10-18 22:40:18','2020-02-18 02:04:19'),(29,'Dolor autem sint officia necessitatibus id omnis voluptatem.','Et qui omnis aut nisi. Facere iusto voluptate quia necessitatibus reprehenderit numquam est. Eum et ipsum nihil autem placeat.',93,'2014-07-19 20:48:19','2020-04-20 13:17:20'),(30,'Minus ea ea et voluptatibus dolorum tenetur iure.','Autem officia est commodi quas. Maiores sed est qui pariatur fuga voluptatem exercitationem. Voluptatem consequuntur accusantium velit et rem a. Minima quae ea et vel.',14,'2011-09-22 12:00:49','2020-02-05 17:45:02'),(31,'Magnam tenetur et iure qui eaque.','Inventore eos nulla saepe. Aut eos perferendis unde tempora voluptatibus assumenda numquam. Unde velit commodi a error et quae hic.',63,'2003-08-12 17:25:32','2020-08-09 17:52:03'),(32,'Ad ut quasi perferendis maxime laboriosam est natus.','Facilis natus nulla qui assumenda. Ratione voluptates laudantium omnis et voluptate nemo asperiores. Fugit delectus recusandae molestiae quia iure velit.',69,'1971-07-27 11:59:41','2019-10-10 05:52:55'),(33,'Aut quia fuga delectus quia quidem voluptates reiciendis quo.','Consequatur neque quia omnis esse consequatur. Cum aut magnam numquam modi. Tempore enim sed adipisci quia at quia a. Occaecati a eaque vel fugiat occaecati.',58,'1997-10-02 11:32:01','2020-02-17 21:50:38'),(34,'Iste architecto perferendis alias hic.','Veritatis deleniti ex sint sed omnis. Nobis deserunt ea id magnam voluptas. Ab dolorum excepturi nam maxime sunt quam sint. Fugiat delectus id consequatur autem omnis omnis.',56,'1977-11-06 04:46:59','2020-02-26 03:09:12'),(35,'Est beatae quos sequi ut vitae fugiat aliquid itaque.','Modi nihil eaque quos officiis facilis accusantium. Et necessitatibus aut maxime. Aut ut quasi iusto.',16,'2001-06-12 06:52:55','2020-03-01 23:16:37'),(36,'Aut ducimus repudiandae quod.','Et ut in et accusamus. Nesciunt fugiat reiciendis vel molestias et ipsum velit et. Qui repellat et a tempore eius soluta. Deleniti sit sequi id magni inventore pariatur.',11,'1987-01-24 11:10:26','2020-05-06 08:26:49'),(37,'Incidunt atque ipsam pariatur.','Omnis labore voluptas est exercitationem aut ea sapiente. Adipisci voluptas dolor sint reprehenderit. Libero perspiciatis sequi cumque corporis minima vero ad fugiat.',1,'1983-04-13 01:26:00','2019-11-03 03:00:57'),(38,'Qui suscipit voluptas aspernatur nihil sed qui.','Nostrum dolore molestiae repudiandae iusto labore eos rerum voluptas. Quia occaecati nulla sit eveniet. Voluptas ducimus blanditiis quod dolores iure porro alias odit. Iste recusandae commodi ipsam animi dolor.',27,'1980-11-22 19:45:18','2020-03-10 12:30:41'),(39,'Ipsam consectetur quaerat similique maiores nisi sequi.','Provident ratione voluptatum et et quo. Nihil eligendi repellendus ut nihil.',99,'2008-06-13 09:54:18','2020-07-14 11:58:55'),(40,'Doloremque aut et non ratione rerum unde.','Qui inventore quia quos voluptatibus. Pariatur quis quis rerum adipisci deserunt. Velit ex animi qui velit natus iusto.',23,'2017-11-04 03:23:34','2020-03-23 07:42:14'),(41,'Recusandae qui fuga eveniet odio totam non.','Perferendis natus et sequi iusto nemo. Voluptas recusandae quibusdam et impedit minus et. Culpa in voluptatum ipsum eos ad. Dolore dolores cumque cum.',61,'2006-06-07 21:03:19','2020-02-11 19:20:45'),(42,'Possimus ullam eligendi nobis itaque odio accusantium.','Recusandae autem aut quod error. Vel temporibus omnis neque iure alias repellendus voluptatem unde. Cum dolorem dolorem voluptatum et eum non dolorem voluptate. Non est velit a et quas eos nobis.',28,'2019-09-11 17:54:28','2019-12-25 04:31:19'),(43,'Et perspiciatis debitis accusantium debitis quaerat nihil consequatur.','Enim numquam dolore tempora est explicabo minus hic. Tempora veritatis voluptatem fugit voluptates ex excepturi. Sit autem corporis ut numquam molestiae incidunt. Porro asperiores qui adipisci nulla laboriosam.',92,'2012-08-08 13:26:12','2019-09-16 18:47:34'),(44,'Est ipsum eaque voluptate at et qui dolores mollitia.','Tempora praesentium tempore ex nisi commodi iusto. Quibusdam perspiciatis vitae corrupti et omnis quod. Sapiente cum quis deleniti exercitationem quis necessitatibus vel. Magni vitae in eos consequatur recusandae unde.',97,'1983-03-08 16:25:38','2020-04-24 21:00:26'),(45,'Qui corrupti asperiores mollitia ipsam voluptas beatae.','Quae architecto delectus nemo qui voluptates possimus et. Velit accusamus et minima ipsum itaque.',2,'1995-04-16 10:05:44','2020-07-08 19:17:06'),(46,'Accusamus quo laboriosam sunt sit nam facilis.','Sequi ipsa ipsum commodi velit. Atque illo quod esse sit occaecati qui aut et. Labore doloribus ea provident aut excepturi. Voluptates reiciendis quia nesciunt repudiandae.',81,'1978-03-28 08:53:35','2019-11-24 19:09:49'),(47,'Aut ea quasi nihil qui praesentium modi consequatur.','Porro est quis culpa sed aut. Libero tempore optio hic quas adipisci qui. Nulla nihil sit cum cupiditate maiores. Nihil perspiciatis in est quia.',27,'2015-03-12 18:58:21','2019-12-23 23:23:55'),(48,'Tenetur quod et fugiat tenetur iste esse.','Soluta non unde occaecati sint ex eos. Quia quia omnis quia est minus repellat.',29,'1981-04-20 14:03:11','2019-12-10 15:01:54'),(49,'Natus beatae reiciendis iusto.','Minima eius maxime dolorem et error nemo et dicta. Et eius veniam facere nesciunt corporis autem. Modi voluptates est dicta eos enim maxime.',20,'1988-07-30 22:52:34','2020-03-16 23:20:09'),(50,'Ipsam atque aspernatur quod repellendus non labore.','Porro nihil est quae est velit dolor animi. Id mollitia omnis ipsam aut totam soluta ut iusto. Atque vel voluptates consequuntur ut facere quibusdam rem.',89,'1976-08-20 07:33:01','2019-09-07 15:55:43'),(51,'Autem nostrum facere molestias dolor.','Soluta quo at iure unde neque voluptatibus. Rem unde odio quo excepturi. Illo dolorum perferendis quae eos nobis. Consequatur deserunt quia aperiam.',22,'2001-07-31 06:51:02','2019-11-28 00:12:45'),(52,'Dolor sint ut est nihil dolorem ut animi.','Porro harum quod esse quas autem sit ea quia. Animi ullam quidem in sint architecto. Esse occaecati et est ratione vero error.',1,'1997-05-09 21:02:00','2020-04-04 04:02:08'),(53,'Non nihil velit quasi in.','Sit quas assumenda fugiat dolor vitae. Assumenda pariatur commodi nihil sapiente qui ut.',83,'1977-01-11 02:41:39','2020-02-16 21:30:22'),(54,'Dolorum sit ratione tempore.','Ad quae ut deserunt. Aut unde explicabo accusantium qui animi ipsum laboriosam. Odio veritatis odio omnis est in dolorem sit. Ut dolorum est atque a et illum.',53,'1981-03-30 11:40:36','2020-05-24 22:41:39'),(55,'Consectetur rem dolorum exercitationem nostrum.','Cum possimus saepe quas aut occaecati. Fugiat maiores perspiciatis rerum voluptatem. Commodi temporibus a eaque officia.',28,'1974-02-12 07:45:13','2019-11-27 11:15:40'),(56,'Doloremque vel eius quod sapiente eum quis vero.','Corrupti illo aut praesentium nemo ipsum earum. Aut saepe est quia omnis molestiae. Illum non eius et. Ut quibusdam et quae corrupti quasi. Suscipit molestiae voluptatum qui id alias praesentium repellendus.',64,'1991-03-01 05:44:38','2020-05-25 20:41:02'),(57,'Necessitatibus sunt ea vel eaque.','Commodi expedita dolores nemo sit dolorum amet. Aut eum et mollitia est facilis officiis. Consectetur exercitationem sunt molestiae et ducimus. Voluptatem in occaecati sit eligendi odit dolorum quis.',71,'1987-04-12 22:52:01','2020-02-29 09:29:31'),(58,'Quam deleniti accusantium sunt voluptatum itaque numquam rerum.','Quia qui ut necessitatibus aspernatur a maxime fugit. Commodi unde ut provident omnis dolores molestiae et. Dolorum veniam consequuntur nihil minus similique sit sint.',44,'1971-10-24 12:02:55','2020-06-13 13:06:26'),(59,'Enim aut perferendis est qui deserunt.','Quidem est ut tempora cum sed sunt deleniti. Nobis nisi explicabo tenetur expedita quae officia possimus. Quia reiciendis tempora quia unde. Repudiandae aut maiores officia et.',1,'2003-06-06 14:31:59','2020-01-22 03:45:21'),(60,'Nulla et ut quidem non.','Eos accusamus ipsam a et eum ab aut. Minima sint soluta qui nulla architecto vitae ut. Delectus ratione qui dolorem non hic consequatur deserunt.',64,'1979-09-12 00:56:33','2019-12-21 10:36:49'),(61,'Enim aperiam odio fuga deleniti ratione.','Aliquam officia et esse vero. Id rerum veniam sed pariatur et quia. Quasi ipsum minima doloremque sunt quis ut repellat.',58,'1987-05-20 02:08:20','2020-07-31 12:36:47'),(62,'Consequatur voluptatem rerum ut amet qui dolorum architecto.','Minus dolores fugiat dolores quaerat. Tempore qui iusto qui est. Vero quo sit adipisci veniam id harum.',63,'1984-01-04 00:26:14','2020-05-20 14:34:47'),(63,'Nemo laudantium et quod iusto sequi cupiditate nulla enim.','Dolore neque atque qui et tempore. Et sed suscipit aut non. Maiores dignissimos corrupti et suscipit ea voluptatibus odit aperiam.',32,'1979-08-06 22:42:09','2020-08-06 20:44:52'),(64,'Quos ratione possimus accusamus doloremque vero blanditiis minus.','Sed omnis in consequatur incidunt eveniet maxime nesciunt. Quaerat in reprehenderit occaecati tempore ad vero nam velit. Excepturi odio amet voluptatem. Et et rem hic qui eum suscipit quidem voluptas.',15,'1994-04-21 07:27:12','2019-11-11 15:35:52'),(65,'Labore repudiandae quas deserunt eveniet.','Id repellendus officia mollitia itaque unde. Voluptatibus enim laudantium tempora dolorum et molestiae. Id dolorem molestiae porro nesciunt.',19,'1971-10-21 23:55:06','2019-08-25 14:33:57'),(66,'Minima dolores eligendi in quae.','Non ut et nobis qui optio voluptas nostrum. Ducimus non et ea. Assumenda alias nemo ullam perspiciatis ex ex eos consectetur. Nesciunt ea odit aut repellat libero ducimus. Aut dolor rerum facilis et nisi aliquid.',48,'1986-01-25 23:49:13','2019-12-24 22:06:54'),(67,'Asperiores fugiat architecto omnis illo ipsum quos consequatur.','Suscipit voluptate accusamus nobis fugiat est odit ipsam. Quasi similique aut iste ut. Non rerum aut voluptatibus eveniet.',26,'2020-04-06 01:10:54','2019-09-21 07:14:25'),(68,'Quisquam quia mollitia labore quod reiciendis voluptatibus ut.','Tempore sed optio sed provident quia. Accusamus et illo natus voluptatem quia magnam. Ipsam minima omnis qui adipisci aliquam debitis.',19,'1980-11-28 02:26:05','2020-04-11 16:18:46'),(69,'Eius reprehenderit rerum et assumenda dolorem hic iure perferendis.','Et enim aliquam reprehenderit saepe. Est maiores dolorum at voluptatem et eum praesentium. Vero quis ducimus qui voluptas nihil vitae et.',75,'1986-09-07 14:49:09','2020-05-01 08:12:26'),(70,'Provident quia non fugiat facilis natus excepturi et.','Corporis corrupti qui voluptate tenetur explicabo ab. Deserunt voluptatibus consequatur dolores rerum animi ut placeat. Ut enim voluptas ut magni omnis assumenda consectetur. Doloremque voluptatem quo quo voluptatem dolore eum deserunt enim.',25,'2001-10-28 22:36:28','2020-04-19 00:01:49'),(71,'Et consectetur recusandae placeat esse id numquam.','Labore cum pariatur veritatis et ut eaque ut. Iste dolores fuga molestiae necessitatibus. Nesciunt totam velit eius fugiat nulla. Corporis corporis dolorum quis eligendi asperiores iusto quis.',41,'2002-01-09 04:20:19','2020-08-05 02:37:16'),(72,'Et eos minima ducimus et ipsum similique.','Occaecati voluptatibus quos nihil sit. Reprehenderit commodi adipisci sit impedit sint. Doloribus error nulla et. Quae autem accusamus sit ea velit.',35,'1974-12-25 18:28:26','2020-07-16 02:52:23'),(73,'Ut ut ratione veniam ipsum quam provident.','Qui corporis qui sed vero aperiam exercitationem placeat. Nesciunt necessitatibus quod autem ut. Nulla error dolor et tempore saepe modi. Quia enim et beatae magnam exercitationem aut.',52,'1979-01-02 12:51:48','2019-09-07 06:49:58'),(74,'Inventore sed cupiditate vitae voluptatem.','Vitae assumenda maiores nisi eos. Vitae architecto voluptatem dolor veritatis perspiciatis. Quasi rerum qui est tempore aliquam. In soluta harum neque quia. Dolor nemo veniam animi ut tempora.',33,'1993-01-27 05:48:11','2020-04-29 06:47:36'),(75,'Atque qui accusantium sed.','Quia ea praesentium numquam non dolorem laborum sequi consequatur. Quod voluptatibus numquam iusto soluta totam quaerat magni. Omnis est sed odit aliquam qui quo optio. Dolorum illum molestiae provident.',32,'1971-06-19 04:07:30','2020-07-12 19:23:08'),(76,'Omnis natus et delectus aspernatur omnis non exercitationem.','Inventore deleniti sed quaerat non sequi voluptatem saepe debitis. Earum illum ad ratione. Pariatur quibusdam eaque quas autem. Enim et aspernatur distinctio rerum. Neque dicta rerum ut.',54,'2004-05-25 07:15:35','2019-09-06 18:13:09'),(77,'Eos est ut nihil placeat quis quasi similique.','Dolore quam voluptatum et quidem. Eum distinctio minima voluptas. Labore harum explicabo inventore alias. Perferendis sit dolorem nihil error asperiores eum.',13,'2010-10-04 17:29:19','2019-10-28 21:01:53'),(78,'Cumque dolorem tenetur voluptatibus accusantium voluptas ut.','Maiores dolorem unde est deserunt. Molestias doloribus et magnam facere fuga dolorem in. Unde eum similique odit omnis tenetur eveniet.',59,'2008-09-16 13:36:48','2020-01-11 17:25:56'),(79,'Autem nemo molestias assumenda assumenda.','Est facere nam molestiae reiciendis ullam quidem officia. Qui dolorum doloribus necessitatibus voluptas maiores. Facilis temporibus sunt accusamus maxime aut vero. Est soluta expedita placeat qui voluptate corrupti. Cumque sunt quis odio sed sunt.',83,'1980-05-03 05:06:00','2019-10-07 01:44:57'),(80,'Et dolor laboriosam autem sequi magni facere non.','Laudantium quo sunt incidunt voluptatum suscipit quo consequatur sit. Eum placeat corrupti iusto atque. A sed est et ut necessitatibus rerum dignissimos.',33,'2001-04-08 10:47:02','2019-12-25 20:41:39'),(81,'Rerum saepe dolorem non perferendis harum quae.','Ab architecto qui voluptatum velit. Praesentium blanditiis et minus debitis. Molestiae ipsa sunt et nemo.',47,'1994-12-21 19:33:55','2019-11-16 06:33:19'),(82,'Quidem pariatur quo et atque veniam.','Quod molestias voluptatum et molestiae et. Quae suscipit sit doloribus et possimus esse eius. Quidem ut ut dolores culpa reprehenderit fuga. Occaecati ut nisi similique magnam.',4,'1998-01-03 14:38:05','2019-11-22 10:38:25'),(83,'Dolor rerum vero modi impedit nulla.','Dicta et deleniti tenetur autem hic. Error quis quibusdam necessitatibus nihil non dolores. Quasi ullam dolorem saepe ratione non quae. Magni soluta corporis sit nam.',34,'1992-09-25 06:33:26','2020-02-17 13:37:55'),(84,'Quos necessitatibus repellendus voluptatem in suscipit.','Dolor adipisci dolorem quae aut et. Sapiente sint praesentium eaque occaecati sint nemo. Illo aspernatur dolorum totam non. Quasi repellendus voluptatem neque eos deleniti error.',30,'1989-01-08 09:32:12','2020-02-23 23:55:46'),(85,'Non facilis et aut.','Voluptas temporibus ut soluta est nihil incidunt. Nihil fuga enim assumenda cumque perspiciatis consequatur et. Hic dolorem aperiam porro. Deserunt consequatur culpa eum vel fuga ipsum officiis.',57,'2004-07-02 13:55:27','2020-06-20 06:39:35'),(86,'Placeat delectus rerum voluptas cum magni sit.','Laudantium quas architecto qui cum ea occaecati. Voluptatem facere recusandae hic voluptatibus vero iusto odit. Magnam minus doloribus corrupti eos qui.',61,'1983-11-30 22:16:49','2020-03-04 18:12:30'),(87,'Illo in quos error eos.','Et ut est facere et. Repellat rem reiciendis suscipit sed. Eos et repellat cumque nihil voluptate.',93,'2004-01-01 21:07:40','2019-10-22 06:14:18'),(88,'Nihil accusamus sunt numquam maiores aliquid id corrupti.','Ut id voluptate tempora sint. Eos eum delectus non omnis quia et et. Accusamus sit et in cupiditate. Eum quaerat qui eveniet.',28,'2019-12-23 12:24:20','2020-04-30 04:07:06'),(89,'Et asperiores repellendus id.','Porro explicabo et mollitia eos. Laudantium quis quasi odio non. Et sapiente aut fuga odit dolorem consectetur eaque.',5,'1992-05-20 08:46:27','2019-11-06 20:19:23'),(90,'Enim dicta quia amet nihil.','Natus consequatur sit nemo consequuntur sunt aspernatur provident aspernatur. Nihil beatae qui deleniti et deserunt quia explicabo sapiente. Ullam non necessitatibus reprehenderit quaerat laborum inventore incidunt. Itaque suscipit minus quod quisquam ipsam rem.',93,'1997-11-14 09:50:18','2019-11-28 20:27:18'),(91,'Omnis dolore autem mollitia sed consequatur.','Eligendi rerum non voluptatem repellendus. Omnis reprehenderit minus sequi est. Dicta animi mollitia dolor.',91,'1973-03-01 09:59:37','2020-06-21 07:00:51'),(92,'Facilis velit beatae est voluptatem.','Facere ipsum dolorum et quo fugiat quos ab. Itaque quis est rerum aliquid laborum delectus qui. Eos voluptatem consequatur fugiat rerum.',63,'1984-08-01 01:10:24','2020-01-29 04:54:18'),(93,'Consequuntur consequatur et minus et.','Animi officia aliquid nam corrupti. Quae cupiditate aperiam fugit dicta facere voluptatem sunt. Et cum omnis enim aperiam dolorem a.',56,'1996-10-01 22:25:16','2019-09-06 15:18:29'),(94,'Expedita sed ex corrupti hic perferendis sit.','Enim id nesciunt praesentium sunt. Facere quis est veritatis rerum mollitia et. Animi reiciendis iste ea facere et optio officiis nihil.',23,'2001-11-06 19:28:49','2020-04-11 21:13:05'),(95,'Assumenda ex consectetur laborum culpa est est.','Praesentium necessitatibus dolor eos est. Reprehenderit vero voluptatem ab incidunt aliquam atque ipsum. Voluptas qui eum deserunt aperiam ut. Nobis a ut sit aut aut.',78,'1972-03-16 09:01:00','2019-11-04 06:26:42'),(96,'Sit iusto saepe labore aut aut debitis id adipisci.','Autem tempore et labore delectus nobis. Et accusantium aliquid at ipsum voluptatem. Illo eligendi illo vitae et sed dicta. Sint omnis voluptatem a rerum.',74,'1994-11-02 18:10:28','2020-01-05 21:22:54'),(97,'Assumenda eos omnis dolorem doloribus.','Sit aut omnis optio nihil. Amet qui error placeat et aut omnis. Et sed maxime magni officia.',71,'1998-06-17 22:43:07','2020-07-27 07:20:55'),(98,'Dolores ipsam quis voluptatem debitis vitae rerum aut aut.','Nemo vel ipsum maxime. Distinctio hic laudantium voluptates dolorem sit. Reiciendis rerum quas enim aspernatur qui aut et. Sint laboriosam nisi eaque beatae. Quaerat ex omnis dolores rerum exercitationem.',4,'1972-09-25 04:31:19','2020-03-12 07:51:13'),(99,'Modi ut atque explicabo in ullam sunt excepturi.','Sed est esse minima aliquid quisquam temporibus. Doloremque deserunt molestiae quia laboriosam consequatur. Vel id aut aliquam reprehenderit.',93,'1999-08-30 17:54:32','2019-10-11 09:39:14'),(100,'Reiciendis fugiat minus similique ut fuga nisi qui nihil.','Impedit incidunt sunt et laudantium harum fuga vel. Aut maxime ducimus voluptatem quo est recusandae eius molestiae.',46,'1980-09-12 00:54:22','2020-06-21 18:12:35');
/*!40000 ALTER TABLE `news` ENABLE KEYS */;
UNLOCK TABLES;

--
-- Table structure for table `packages`
--

DROP TABLE IF EXISTS `packages`;
/*!40101 SET @saved_cs_client     = @@character_set_client */;
/*!40101 SET character_set_client = utf8 */;
CREATE TABLE `packages` (
  `id` int(10) unsigned NOT NULL AUTO_INCREMENT,
  `architecture` enum('any','x86_64') COLLATE utf8mb4_unicode_ci NOT NULL COMMENT 'Архитектура',
  `repository` enum('community','community-testing','core','extra','KDE-unstable','multilib','multilib-testing','testing') COLLATE utf8mb4_unicode_ci NOT NULL COMMENT 'тип репозитория',
  `name` varchar(100) COLLATE utf8mb4_unicode_ci NOT NULL COMMENT 'Название пакета',
  `version` varchar(50) COLLATE utf8mb4_unicode_ci NOT NULL COMMENT 'версия пакета',
  `description` text COLLATE utf8mb4_unicode_ci NOT NULL COMMENT 'описание пакета',
  `license` varchar(50) COLLATE utf8mb4_unicode_ci NOT NULL COMMENT 'Под лицензией GPL etc.',
  `upstream_url` varchar(255) COLLATE utf8mb4_unicode_ci NOT NULL COMMENT 'Ссылка на файл',
  `package_size` int(11) NOT NULL COMMENT 'Размер пакета',
  `install_size` int(11) NOT NULL COMMENT 'Размер пакета после установки',
  `last_packager_id` int(10) unsigned DEFAULT NULL COMMENT 'Создатель последней упаковки',
  `signed_by_id` int(10) unsigned DEFAULT NULL COMMENT 'Подписано кем',
  `package_contents` text COLLATE utf8mb4_unicode_ci DEFAULT NULL COMMENT 'Содержимо пакета',
  `build_date` datetime DEFAULT NULL COMMENT 'Когда создан билд',
  `signature_date` datetime DEFAULT NULL COMMENT 'Когда подписан',
  `last_update` datetime DEFAULT current_timestamp() ON UPDATE current_timestamp(),
  PRIMARY KEY (`id`),
  KEY `packages_last_packager_id_fk` (`last_packager_id`),
  KEY `packages_signed_by_id_fk` (`signed_by_id`),
  KEY `packages_name_idx` (`name`),
  KEY `packages_package_size_idx` (`package_size`),
  CONSTRAINT `packages_last_packager_id_fk` FOREIGN KEY (`last_packager_id`) REFERENCES `wiki_users` (`id`),
  CONSTRAINT `packages_signed_by_id_fk` FOREIGN KEY (`signed_by_id`) REFERENCES `wiki_users` (`id`)
) ENGINE=InnoDB AUTO_INCREMENT=101 DEFAULT CHARSET=utf8mb4 COLLATE=utf8mb4_unicode_ci;
/*!40101 SET character_set_client = @saved_cs_client */;

--
-- Dumping data for table `packages`
--

LOCK TABLES `packages` WRITE;
/*!40000 ALTER TABLE `packages` DISABLE KEYS */;
INSERT INTO `packages` VALUES (1,'x86_64','extra','velit','2','Vitae enim voluptas eaque aut libero odit voluptatem. Accusantium voluptatibus illo consequatur iusto perferendis reiciendis non. Cum esse distinctio odio necessitatibus et soluta quisquam. Inventore quos libero autem facere non est nihil.','47 so','http://grant.com/',87355925,79440,30,95,'Consequatur reiciendis sunt enim quibusdam quisquam quis. Optio iste beatae omnis minima aut ipsa. Illo quod consequatur eum. Delectus odio quis odio id sequi quae.','1977-10-31 13:26:16','1989-08-23 08:36:06','2020-02-22 06:58:24'),(2,'x86_64','testing','magnam','7','Aut sed modi omnis ipsa. Perferendis est sunt quas deserunt et adipisci. Nemo rem rem voluptas molestiae. Est consequuntur qui dolorem qui.','59 bs','http://oconner.net/',697,3800,68,23,'Voluptas aut quibusdam sed sed aspernatur omnis. Rerum officia cum occaecati. Non enim quaerat sint minima hic possimus. Autem nam et laudantium quaerat. Aperiam nostrum repudiandae labore provident officiis.','1991-10-15 06:44:33','1987-02-21 20:04:11','2020-07-07 12:06:26'),(3,'any','multilib-testing','eos','8','Beatae architecto amet optio ut porro. Placeat saepe rerum repellat enim cupiditate est. Sit minima suscipit est id eos.','40 ho','http://www.johnstonschneider.com/',637666,9,48,35,'Inventore adipisci et saepe porro. Aut maxime et dolores deleniti sit. Ut aperiam qui molestiae alias.','2016-12-07 00:43:03','1990-08-31 15:54:09','2020-08-16 07:26:24'),(4,'any','community-testing','animi','1','Soluta aspernatur asperiores doloremque. Sapiente laudantium neque ut aperiam. Eveniet voluptas qui quo harum rem minus rerum accusamus. Eaque autem qui dolorem vero cumque non.','06 xn','http://raynormante.net/',3,67707,31,39,'Odio et ducimus amet qui eum velit saepe. Repellendus corporis unde optio id suscipit soluta. Omnis assumenda in est omnis nemo voluptatem perspiciatis. Deserunt asperiores distinctio aperiam nihil quo et at non.','1976-05-01 15:13:17','1974-01-13 22:16:01','2019-10-07 12:25:31'),(5,'x86_64','multilib','molestias','3','Aliquid nisi saepe rerum explicabo quia quia nostrum. Facilis dolor quia omnis sint. Quaerat hic cupiditate quis harum cupiditate.','45 sv','http://www.lemkeblock.com/',6,43228465,48,83,'Et aliquam dolor consectetur et enim similique. Ipsam laborum iste nihil ut repellendus distinctio enim. Ratione voluptatem distinctio rerum sequi sint ut ut. Quia voluptatem unde qui illum. Magnam nesciunt consectetur suscipit nostrum autem.','1995-07-31 19:15:06','1978-05-11 01:17:04','2020-03-26 23:26:51'),(6,'x86_64','extra','voluptatibus','9','Mollitia cumque et optio qui nostrum sit. Aut nulla autem minima ad vel similique maiores. Consectetur ipsum ut est accusantium sit culpa odit quae.','58 nq','http://koelpin.com/',74414,63400,81,93,'Incidunt qui voluptates illo dolorem vel dolore. Omnis quis aliquid cum. Possimus libero recusandae aut consequatur ea commodi reprehenderit.','1973-11-23 08:49:44','2019-02-16 11:01:43','2020-06-25 00:52:49'),(7,'any','community','voluptatum','5','Provident optio qui qui est. Exercitationem sed quod fuga voluptatem minima. Aut delectus voluptatem ut vel in est optio.','52 mt','http://www.monahan.com/',2406568,8,38,7,'Voluptas voluptatibus culpa deleniti nobis corrupti. Aliquam ut eligendi expedita perspiciatis. Voluptates assumenda qui est et.','2001-10-22 13:44:28','2010-05-31 15:15:17','2020-05-30 00:00:04'),(8,'any','multilib-testing','sit','3','Voluptatum corporis est veniam placeat. Delectus vero dicta natus tempora maxime. Omnis earum adipisci illo ex numquam impedit neque.','09 lz','http://muellerkirlin.com/',8788673,4566791,36,43,'Assumenda inventore consequatur distinctio beatae. Modi fuga expedita maiores sed odio placeat non. Numquam non eveniet qui eaque et ea ducimus.','1981-09-29 18:31:43','2012-05-11 15:12:11','2020-05-28 22:54:13'),(9,'x86_64','core','temporibus','2','Sit accusantium qui quis earum ex enim dolores. Ad neque voluptas facere et sed sed aut. Aperiam reprehenderit soluta et nemo in. Eos dolore sit impedit repellendus exercitationem enim nisi ut.','63 qo','http://www.schmitt.org/',2,20334670,60,14,'Voluptatibus qui dolores sunt laudantium cum. Quod et inventore possimus voluptates voluptatibus. Et autem omnis aut ut distinctio. Illum et enim sint sint ipsam.','1991-11-03 11:05:03','2007-10-08 15:53:46','2020-06-19 17:35:50'),(10,'x86_64','core','nihil','7','Sit voluptas qui enim facere est a doloribus. Quo perspiciatis neque odit voluptatem. Dolores id facilis dignissimos unde. Ut similique deleniti ut rem magnam ex architecto.','75 oo','http://www.huel.com/',14627,2,94,39,'Velit exercitationem earum dolorem vel reiciendis libero. Voluptatum voluptates maxime illo.','1992-02-04 00:58:34','2018-01-02 00:55:25','2020-03-16 05:25:52'),(11,'x86_64','multilib','ratione','5','Excepturi dolore adipisci voluptas aut. Cumque rem quas commodi et est possimus corporis. Architecto quia voluptatem minima perspiciatis pariatur animi. Ducimus minus sequi et.','62 jd','http://www.kutch.com/',7,76,48,61,'Sit et id a nihil aut. Molestiae ipsam sunt eos aspernatur ut omnis accusamus. Debitis vero non aliquam neque eos. Officia voluptatum consectetur occaecati sed quo non est.','1992-05-26 00:49:18','2007-02-19 15:35:33','2020-05-15 14:44:53'),(12,'x86_64','community','dignissimos','9','Ut velit et alias non a. Aut ea in expedita consequatur. Et et placeat at. Magni praesentium hic sequi inventore et dolor. Deleniti labore ad rerum nam.','76 gd','http://rowe.info/',449,8394587,26,80,'Et et ut nihil sit praesentium quas sapiente. Numquam quia expedita omnis officiis ad nostrum quos. Eligendi quas quia ipsa corporis quia iusto. Quisquam ullam corrupti similique magnam consequatur.','2014-10-22 14:10:02','2010-11-18 00:31:05','2020-06-20 11:58:50'),(13,'any','community-testing','perferendis','5','Est est occaecati debitis quia sed est. Officia ipsam et dolores consequatur aut iste. Non aut cum libero cumque autem. Debitis aut voluptate quis consequatur dicta et totam sit.','33 pk','http://www.nicolas.biz/',19,6296,6,100,'Quibusdam quia ipsa labore nulla facilis pariatur. Quis nulla hic maiores non voluptas.','1991-05-15 15:55:40','2001-11-16 17:01:26','2019-12-13 00:27:03'),(14,'any','KDE-unstable','laboriosam','6','Dolor quos ut magni non iste ullam. Est non a labore iusto est dolorem. Atque voluptatem pariatur deleniti. Aut error fugiat quam eaque quam quo.','75 mx','http://www.huelcummerata.biz/',0,91378,40,78,'Tempora voluptates ullam perferendis aut dolor. Quos libero repellendus voluptas esse placeat. Rerum qui corrupti aut dolorum harum.','1984-04-17 21:06:22','2018-04-25 22:29:31','2019-10-22 00:20:51'),(15,'any','multilib-testing','unde','8','Et explicabo dolor qui consequatur sit dolor. Et harum saepe qui eos. Dicta quis assumenda qui ut tempora nihil. Saepe aut iste quia assumenda.','83 gy','http://abbott.com/',23,0,60,97,'Expedita dicta beatae non impedit quae vel et. Magni eius id autem mollitia reprehenderit.','1976-07-22 03:45:06','1971-06-17 09:32:15','2019-09-01 02:25:17'),(16,'x86_64','community','assumenda','6','Veritatis corrupti repellendus quia dicta. Ea saepe voluptas architecto perspiciatis quia expedita in. Possimus dolor at molestiae et nihil autem. Laudantium et ipsum doloribus officia qui velit sunt.','83 kh','http://www.berge.com/',1,0,87,89,'Et quibusdam est porro eum saepe reiciendis. Vitae accusantium sequi autem qui deleniti molestiae omnis voluptatum. Odit cum cumque suscipit optio consequatur autem nihil.','1992-08-07 16:13:44','1975-12-08 14:37:46','2020-07-10 15:11:56'),(17,'x86_64','core','non','8','Temporibus enim rerum vitae quos. Exercitationem accusamus doloribus illo fugiat repellendus nihil. Sed omnis eos quibusdam est aliquam quia cupiditate. Id blanditiis ullam magnam qui aliquid nesciunt culpa.','80 ub','http://morissettekiehn.com/',0,2547,91,55,'Magnam sunt et est tenetur. Nihil qui ea non sed. Id odio quia dolor hic itaque. Facere quos aut laudantium.','1990-08-20 18:05:20','1973-02-20 15:03:49','2019-09-28 21:21:20'),(18,'any','community','officia','7','Sint hic at dolores ut nam. Et illum veritatis ut dolores. Quis maxime dolor et aliquid aut cum tempore.','88 xj','http://www.conroymuller.com/',3244060,0,12,39,'Accusantium quia aliquid voluptas facere autem iure totam. Eum quibusdam voluptatem alias vel ipsum itaque maiores voluptas. Sunt omnis dolorem temporibus nam rem.','1998-06-02 11:41:46','1977-01-29 04:19:11','2019-11-29 16:31:16'),(19,'any','community-testing','sed','7','Ea porro perspiciatis ut magnam. Et labore temporibus similique consectetur beatae unde ut. Voluptatibus omnis asperiores aut saepe accusamus cum.','54 iu','http://bauch.net/',32,3,89,43,'Nihil fuga et aut qui quo error. At tenetur et ipsam magnam voluptas dolorem. Eaque inventore voluptas fugit dolore quo aliquam. Culpa sed ipsa repudiandae itaque. Rerum quibusdam culpa ipsum tenetur voluptas.','1998-01-09 03:02:42','1995-05-13 16:51:37','2019-12-22 19:44:22'),(20,'x86_64','extra','doloribus','5','Tempora corrupti at vel laudantium veniam vitae. Aut ad sed inventore sunt aut. Vitae eum enim veniam ex.','00 zz','http://www.senger.com/',3962837,190857756,77,37,'Minima et et voluptatum quo expedita non. Consectetur rem eligendi asperiores deserunt officiis aut. Enim consectetur ullam qui vel aut. Qui incidunt et soluta autem.','2015-09-02 19:26:13','1990-12-12 00:46:35','2019-10-23 20:57:54'),(21,'x86_64','multilib-testing','excepturi','9','Nihil iure enim facilis veniam velit nihil laboriosam maiores. Possimus iste neque omnis dolores. Sed eveniet dolor nam vel et tenetur. Modi velit ut optio consequatur.','05 vz','http://www.okuneva.com/',8,636,25,57,'Numquam et quo voluptatem molestiae qui earum. Consectetur consequuntur tempora ducimus labore magni consectetur. Voluptate vel commodi inventore quia sapiente labore modi. Architecto qui unde minus ipsa animi vitae perspiciatis.','2016-08-13 18:24:49','2010-10-05 10:07:37','2020-03-26 08:24:08'),(22,'any','multilib-testing','et','6','Vel quae deleniti inventore velit rem qui. Dolore non accusamus quasi. Assumenda esse non velit.','91 fq','http://www.okuneva.net/',167999,812685,30,62,'Aut labore ipsa distinctio nobis vel odio blanditiis. Incidunt minima voluptatibus adipisci est enim corporis. Aliquid ut aut fugiat debitis sunt cumque. Deserunt odit et minima tempore ut placeat modi accusamus. Autem qui molestiae molestiae eos nemo tenetur natus.','1984-03-08 12:37:31','2017-07-04 13:10:00','2020-03-10 22:07:16'),(23,'x86_64','multilib-testing','deleniti','1','Nisi ipsam sed cum tenetur dicta accusamus. Voluptatem quo et ea consectetur officiis repellendus. Et ut quaerat itaque ex repellat et.','45 ay','http://www.ryanrippin.com/',8,8394,64,65,'Atque qui eos enim similique nobis. Mollitia quasi nostrum et repellat sed recusandae.','1975-05-26 09:46:08','1977-10-06 12:46:49','2020-06-19 04:01:50'),(24,'any','KDE-unstable','vero','4','Soluta adipisci rerum voluptatem ab qui. Et quis et iure vero perferendis odio. Ipsam consequatur qui sunt nesciunt numquam.','46 jg','http://fritsch.com/',91,89,5,23,'Fuga in laboriosam culpa hic illo quam earum. In labore ut perspiciatis dolorem autem accusamus. Quo fugit dolor vitae vero doloribus.','2018-04-27 13:05:47','1984-08-19 04:32:19','2020-05-03 01:22:28'),(25,'x86_64','KDE-unstable','ut','9','Ut rerum vero illo laboriosam sit esse quisquam. Nesciunt consectetur qui animi voluptas inventore et.','78 me','http://crona.com/',0,66,78,98,'Consequatur dignissimos voluptatem quia aperiam nulla consequuntur rem et. Accusamus alias laboriosam consectetur atque nobis quia. Harum commodi consequatur minus nihil itaque cum. Rem corrupti commodi in sed aperiam.','2006-11-12 23:23:49','2007-08-13 18:57:52','2019-11-15 06:25:11'),(26,'any','testing','aut','7','Blanditiis sunt nemo expedita commodi sit. Voluptas incidunt odit ut. Quis dolorem hic culpa laudantium.','01 ba','http://hellerryan.com/',4,3865,61,26,'Nobis non corporis aliquid et aut ducimus. Quia sunt incidunt et. Incidunt quos quia facere quae ab et ullam. Incidunt tempore illum deleniti aut ratione.','1984-01-29 19:37:51','2000-05-02 01:55:21','2020-05-11 15:04:33'),(27,'x86_64','KDE-unstable','fuga','9','Atque delectus est tenetur sapiente aspernatur vero vitae omnis. Amet quidem beatae fuga soluta possimus. Illum magni sed aut eveniet omnis doloremque nihil.','32 ra','http://www.lemke.com/',2107,32944431,59,87,'Eaque aut qui porro delectus amet dolorem. Tenetur vitae officia in laborum assumenda et. Incidunt laudantium et sunt harum laudantium rerum hic. Doloribus veniam nisi omnis molestiae iure.','2010-11-27 13:28:10','2013-06-18 08:54:33','2020-04-21 00:20:08'),(28,'x86_64','community','et','2','Pariatur quod et laborum velit. Veritatis culpa enim reiciendis quia harum nesciunt cum. Corporis totam iusto omnis non deleniti enim tempore ut. Veritatis sapiente neque sint quae architecto quaerat.','16 ws','http://www.lowe.com/',92873178,146744,6,65,'Nulla fuga aut quia exercitationem voluptatum. Esse ut consequatur suscipit et. Laudantium maxime consectetur voluptatibus aliquam commodi placeat mollitia. Et consequuntur fuga vitae. Aspernatur quaerat delectus provident molestiae.','2017-12-07 14:04:14','1976-07-20 11:20:50','2019-12-10 10:12:00'),(29,'x86_64','KDE-unstable','ut','1','Atque modi officiis hic repellendus magni. Inventore occaecati necessitatibus quibusdam nam. Iste explicabo eos eum nemo. Cupiditate aut maxime consectetur ea et est. Ut aliquid sit non alias.','45 eu','http://www.dickensflatley.net/',25010,333,86,45,'Eum maiores quo quidem est cum. Quae velit dolorem veritatis saepe quia dolores. Eaque ut aliquam aliquid.','1973-11-26 14:36:25','1970-10-12 22:24:30','2020-04-23 04:42:04'),(30,'any','KDE-unstable','assumenda','4','Voluptate animi eum ut. Est cumque aut fuga doloribus fugiat tempora eum optio. Voluptas dolore qui eaque. Nihil consequatur harum sunt itaque.','64 lp','http://gerlachgrimes.org/',0,71,42,46,'Architecto inventore ducimus quia veniam ipsum. Sunt optio corrupti molestiae excepturi iusto alias. Perferendis consectetur voluptas temporibus quia perferendis vero aut.','1997-08-14 19:10:46','2003-02-12 13:25:21','2019-10-02 18:48:20'),(31,'any','extra','quia','8','Incidunt vel sit incidunt odit. Est a aut voluptas in. Dolorem non voluptates provident placeat et omnis sunt recusandae. Repellendus ut eveniet modi qui aut.','33 up','http://oreilly.com/',8,87941078,41,28,'Ea dicta tenetur quaerat quasi natus rerum facere. Et omnis sint culpa voluptatem omnis.','1977-07-02 05:24:35','1990-10-27 10:36:16','2019-10-26 02:14:40'),(32,'any','core','nihil','4','Officiis ullam ut odio omnis quidem. Eos vel iusto voluptatum soluta deserunt illo corrupti. Totam et facere deserunt saepe et cum.','12 lc','http://eichmann.net/',9379387,0,35,32,'Quam dicta totam beatae quibusdam recusandae eos. Et repellendus est et commodi nulla. Dolores consequatur ab et.','1993-04-17 10:13:59','2019-12-28 23:45:02','2019-09-07 13:06:15'),(33,'any','multilib','autem','1','Eum delectus atque veniam aut qui aut doloribus. Totam vel tempore qui ab. Deleniti error non ratione quaerat.','14 in','http://yundtsimonis.com/',456933,158,83,47,'Et ratione voluptates et cum. Ut dolores nihil accusamus. Doloribus error sunt quo nam ipsum. Aut ea soluta aut molestiae dolores accusantium laudantium et.','2014-02-25 23:39:42','1984-12-18 23:01:03','2020-02-12 03:54:15'),(34,'any','multilib','et','6','Tenetur qui sint non quos dolores non. Dolor minima accusantium eum facere quo.','73 ek','http://franeckistark.com/',8965,2,70,71,'Voluptas dicta consectetur eum deleniti delectus facilis qui. Incidunt dolorem mollitia quis et. Temporibus aspernatur consequuntur magnam. Velit ullam necessitatibus aut non id voluptates non tempora. Minima vel necessitatibus ut odio voluptas esse quasi impedit.','1976-09-24 22:56:21','2007-12-11 21:03:30','2020-01-24 18:12:30'),(35,'any','extra','ut','9','Deleniti quia libero non neque enim vel. Enim omnis nobis repellat tempora. Optio optio provident quasi eum quisquam eos velit.','80 bp','http://jacobi.com/',47248687,1,90,47,'Quod possimus aliquam ut laborum odit. Enim dolor nobis sequi est ut et maxime. Alias est et quia est dolores ipsam.','2016-03-17 12:40:24','1989-12-18 14:33:36','2019-12-09 09:43:14'),(36,'any','extra','autem','1','Voluptatem non quisquam quod accusamus optio error. Velit quo repudiandae et autem non aut. Est a sit debitis ipsa vero. Est id dolorem quos quia.','65 wn','http://smitham.com/',754325855,195,8,14,'Ea at fugit rerum est dignissimos. Eius magnam praesentium voluptas voluptas.','1973-03-18 20:07:23','1991-10-23 03:38:20','2019-11-14 17:02:12'),(37,'any','multilib','est','2','Consequuntur perferendis iusto atque quos repellendus. Architecto et officia ipsum nemo sit accusantium voluptas. Dolorem repellendus illo et cupiditate voluptatem ut. Nobis nulla nihil nobis voluptatem est.','34 wz','http://schaefer.biz/',75004949,9676196,4,37,'Saepe harum autem voluptatem debitis qui maxime dolore. Est voluptas id voluptate soluta cum quaerat omnis.','2001-01-09 17:40:43','2001-08-04 11:12:29','2019-10-23 00:26:05'),(38,'any','core','est','2','Perferendis dolor ipsa dolores est qui quis. Porro non officia et id in harum ut. Aut dolor ad ipsum impedit reiciendis quod inventore.','96 tm','http://www.lehner.net/',11050032,193414608,76,67,'Iste molestiae ipsum aut officia omnis. Voluptates maiores consectetur dolorem corporis aliquid possimus aliquam. Ipsam amet aliquam minima et delectus consectetur sed dolor. At dolor quia sit sit.','1994-12-26 09:27:00','1979-01-04 14:32:36','2020-06-22 01:50:12'),(39,'any','multilib-testing','ducimus','8','Et dolorum neque dolorem et eum voluptas provident. Fugiat dolores ab harum sint et. Asperiores adipisci voluptas tenetur ut possimus. Atque et ut magni.','78 ch','http://medhurst.biz/',761688055,41072388,1,80,'Velit totam vitae delectus similique doloremque sapiente quidem. Sed voluptatem voluptas a repellendus perferendis similique aliquid dolore. Iusto qui natus odit voluptates vitae quod.','2005-07-25 22:43:16','1999-06-20 16:16:51','2020-02-14 17:40:24'),(40,'any','multilib-testing','veritatis','6','Nobis ut non velit perferendis ut aut voluptatem. Doloremque voluptas dolore et voluptas corporis. Velit deserunt pariatur corporis ut est libero reiciendis. Aut id voluptates eligendi velit minima.','67 qp','http://www.muller.info/',60178863,98530,90,79,'Dolore impedit id qui laborum. Harum provident sint a ad sed qui sunt. Earum placeat beatae quo saepe minima dolores. Earum vitae sunt nesciunt reiciendis quisquam et. Molestiae quia enim ut et quisquam incidunt.','1980-01-05 17:21:31','1987-12-20 01:53:31','2019-09-01 20:46:01'),(41,'any','extra','et','8','Maiores dolor doloremque nisi est repudiandae. Deleniti sit libero ea laudantium. Nobis doloribus enim eligendi tempore neque aut. Quia saepe est ipsam et quidem sunt ut.','69 ie','http://www.jerde.info/',970531423,497,78,51,'Dolores sit voluptas sit iusto. Dignissimos veniam officiis et nam ipsa et. Ex consequatur assumenda voluptates doloremque et tempore odio.','1985-09-24 06:33:51','1973-11-25 14:15:29','2020-03-15 01:16:01'),(42,'x86_64','core','maiores','2','Quasi incidunt enim provident dolorem. Quam dolor non tempore sed. Fuga ea amet qui corrupti nostrum natus dolore.','93 vg','http://www.sawaynwillms.com/',103466890,38031,5,37,'Reprehenderit repellendus molestiae et magnam esse illum reiciendis. Qui blanditiis ut reiciendis sed adipisci non tenetur. Neque aliquam dolorum libero reiciendis quis. Minus quibusdam modi libero qui.','1988-07-25 16:40:18','2020-07-05 10:58:46','2020-07-27 03:01:07'),(43,'x86_64','core','a','2','Aliquid a consectetur qui suscipit. Enim qui minus maxime odio veniam excepturi. Iste ut eum assumenda occaecati voluptatem. Dolore nihil ad delectus consequatur totam a.','50 le','http://www.gleason.com/',252769,289438088,37,10,'Perspiciatis assumenda eos cum quidem et. Omnis debitis temporibus atque minus maiores.','2005-11-05 17:57:07','1979-06-19 22:21:14','2020-06-12 22:55:53'),(44,'x86_64','community-testing','aliquam','1','Eum similique id labore dolorum. Vitae officia quo qui fuga accusamus in quos eveniet. Eum sed perspiciatis nisi. Veritatis voluptate commodi quo natus dignissimos quidem quod.','48 ya','http://www.rolfsonemmerich.net/',818051,30641,2,23,'Sit mollitia corporis consequatur nostrum repellat assumenda. Rem ratione commodi rerum est. Quia laboriosam accusamus est consequatur qui.','2013-12-04 11:26:49','1994-10-26 05:20:35','2020-07-10 23:39:30'),(45,'x86_64','multilib','ea','7','Rem dolores sunt est sit. Labore odit velit ratione sint et. Doloribus cupiditate quo doloribus eaque perferendis harum.','17 bo','http://www.kemmer.com/',3119,29785704,55,43,'Et natus repellat adipisci quod ut. Dolores earum qui non molestiae in sit. Veritatis perspiciatis cumque voluptatum nobis perferendis libero molestias. Tenetur quia iure excepturi beatae.','2011-05-13 02:41:07','1991-02-07 01:16:00','2020-03-22 02:22:24'),(46,'any','core','pariatur','1','Eligendi officia numquam laudantium quo. Voluptatem asperiores sequi occaecati voluptatem voluptatum natus non. Quae harum vel et deleniti sunt magni. Nihil sunt consequuntur consequuntur dolores recusandae qui cupiditate nemo.','93 fl','http://www.christiansen.com/',47430892,55107,69,95,'Qui dolorum et et et optio nesciunt. Alias ipsa ea quidem autem. Omnis omnis perferendis minima placeat voluptatibus. Ab eligendi et ducimus mollitia tempore maiores.','1984-06-02 08:22:38','2000-04-23 17:04:27','2019-08-27 05:49:03'),(47,'x86_64','extra','vero','4','Quia et ea harum maiores fuga ut dolores. In consequatur expedita distinctio labore iure numquam aliquam. Laudantium autem molestiae similique qui cupiditate non. Aut a quas possimus soluta tempora.','44 zc','http://www.greenfelderdubuque.net/',3517782,58596,71,3,'Amet perspiciatis recusandae est voluptas. Modi doloremque quia aperiam repudiandae autem in. Voluptatem et veniam omnis ipsam.','2012-06-22 14:23:45','2017-10-18 22:53:27','2019-11-05 14:03:44'),(48,'any','core','velit','5','Et blanditiis et nihil fugit reiciendis optio ipsam molestiae. Quae sint ut est aut aut voluptatem maxime. Ratione neque eveniet repellendus doloremque similique ut.','30 rs','http://croninreichert.com/',214,0,27,53,'Quia totam dolores et veniam. Hic quod quis mollitia et magnam impedit dolor. Optio doloribus reiciendis corporis beatae ea.','1983-04-29 04:05:56','2009-01-01 22:36:52','2020-06-15 19:30:43'),(49,'any','core','est','8','Voluptatem impedit ut aspernatur atque voluptatem incidunt. Mollitia dicta asperiores corporis ut. Eligendi aut quia dignissimos aut nam voluptate.','78 nc','http://hamill.net/',550591,3,50,97,'Quo ut iusto officiis et laboriosam. Quasi quia et in libero voluptatem quisquam. Sint aut laborum nihil rerum incidunt vel nemo. Tempore optio ratione saepe voluptatem minima.','1996-12-20 23:07:11','1976-08-13 21:16:29','2020-02-06 11:12:35'),(50,'any','testing','labore','8','Sit aliquam iure et sed qui. Ducimus est porro itaque ratione qui rem consectetur. Unde vitae qui ab officiis ea ut. Dicta voluptatem rerum vel. Et occaecati libero vel tenetur.','15 do','http://www.kilback.net/',4,64838,24,39,'Expedita a aliquid est veritatis nobis tenetur ea. Excepturi delectus tempora fuga consectetur inventore. Vero id asperiores architecto quaerat eos sequi ipsum sequi. Veritatis dicta asperiores et et porro et.','1980-06-16 22:16:37','2005-10-27 09:09:38','2020-06-02 14:44:41'),(51,'any','multilib','cupiditate','6','Culpa odit quas ea id quo et voluptatem. Delectus incidunt recusandae similique sed perspiciatis. Sit rerum illo rerum non velit porro earum.','61 gq','http://jacobitorphy.com/',3589956,6,43,32,'Beatae sunt tempore suscipit est corrupti dolorum quia. Quia consequuntur adipisci ut consequatur autem sunt beatae.','1990-12-28 11:46:13','1997-06-16 17:21:42','2020-04-25 07:57:53'),(52,'x86_64','community-testing','ea','4','Occaecati libero fuga autem quia doloribus maiores. Quam omnis esse ut sint quas. Unde in dolor enim tenetur illum sit.','66 ux','http://www.goodwinabernathy.info/',341,5,52,46,'Dolor ut corrupti est nemo beatae magni voluptas quis. Voluptates et et dolore eligendi. Voluptas eius et nostrum perferendis non.','2007-02-13 00:58:39','1989-07-17 18:38:51','2020-07-27 12:37:57'),(53,'any','testing','et','9','Voluptatem totam et voluptatibus quo omnis et. Distinctio aperiam aut autem et vero nostrum. Dolores voluptas quo reiciendis iure velit animi quis. Velit omnis mollitia voluptas pariatur sint repellat.','50 cz','http://mills.org/',6,292,68,28,'Ipsam voluptas veniam laboriosam fugiat asperiores ipsam optio eum. Veniam quo maxime porro qui sunt odit.','1991-04-05 08:35:50','2016-04-29 23:22:36','2019-09-19 21:20:39'),(54,'x86_64','core','consectetur','9','Fuga inventore similique temporibus consequatur dolorem libero. Ut dolor quod minima placeat vel. Animi ratione excepturi ea illo.','85 sh','http://sipesstamm.biz/',9049,66820,13,69,'Molestiae impedit facere hic voluptatem eum excepturi sit. Veritatis nobis laboriosam illum eius. Consequatur hic et asperiores quas.','1982-01-05 17:35:50','1976-08-10 09:32:13','2020-03-14 23:53:36'),(55,'x86_64','multilib-testing','corporis','5','Maiores pariatur harum velit in fugiat autem vero. Nisi illo repellendus odio velit corporis accusamus.','75 xe','http://schmidt.com/',502,6446,8,2,'Molestiae soluta perspiciatis alias vel aut libero. Nulla sint non vel consectetur reprehenderit quaerat qui. Ut iusto nostrum possimus odio iste optio.','2018-09-09 19:29:13','1970-04-22 01:22:23','2019-12-23 00:41:36'),(56,'x86_64','extra','expedita','4','Vitae fuga quis cum accusamus magnam voluptate sit. Et maiores nobis ut commodi vero. Nesciunt pariatur totam non voluptas et. Velit est voluptas consequatur hic aliquid omnis.','05 qf','http://www.schuppe.com/',38,85598953,47,86,'Porro porro quis ipsum fugiat facere possimus autem optio. Ea assumenda iste soluta repellendus nesciunt qui. Et ad nisi quas nihil.','1997-02-18 07:02:38','1985-11-22 15:01:19','2020-04-01 18:01:00'),(57,'any','extra','quo','5','Laborum sit sint corporis et sit. Minima molestiae quasi quasi dignissimos. Aut officiis sit quo consectetur rem. Dolor officia qui asperiores placeat eos nostrum iure.','74 yn','http://fisherhaag.com/',0,7068273,52,52,'Fugit aspernatur et aut adipisci non. Laudantium deserunt hic quas. Aliquam accusantium nam cum occaecati.','1996-12-28 11:49:32','2005-11-24 13:18:46','2020-06-04 13:40:31'),(58,'x86_64','multilib-testing','eos','1','Voluptas eaque recusandae ab et illum eaque cumque. Delectus ad consequatur et et eum voluptatum cum sint. Temporibus deserunt molestiae sint voluptas porro. Id animi consequatur incidunt architecto.','93 mb','http://volkmanrosenbaum.net/',0,25,23,89,'Magni beatae incidunt fugiat modi natus autem. Autem eos ut eos a enim iure id. In quia dolore aut velit.','1989-09-13 19:07:20','1986-11-26 19:40:40','2019-12-06 11:29:51'),(59,'x86_64','multilib-testing','enim','4','Et tempore sed sed esse. A sequi nam in dolorem.','34 ku','http://watsica.org/',54077,986442357,62,24,'Inventore quis ut veritatis accusantium fuga sit quam. Vel impedit qui praesentium rerum non ullam. Et nihil error consequuntur culpa odit ut tempora. Quod explicabo adipisci nihil assumenda.','1970-09-09 19:41:57','2015-07-16 03:41:36','2020-06-06 13:37:39'),(60,'any','multilib','aut','3','Tempore maxime totam qui. Animi laborum qui non est quis quis. Hic vero sit quo iusto dolor. Dignissimos quis accusantium placeat sed perspiciatis recusandae sunt.','59 ac','http://mitchellgreenfelder.net/',0,182028,11,16,'Magnam aut molestiae ratione cum id tempora magni molestias. Odit hic voluptatem fugiat aspernatur quibusdam rerum dolor. Impedit quod quis tempore animi natus eius animi. Excepturi nisi cumque dolores aut qui et dolore.','1994-10-31 18:25:18','1971-11-22 18:28:00','2020-08-09 14:25:06'),(61,'x86_64','testing','dolorem','7','Ipsum qui exercitationem atque doloribus. Occaecati corporis qui consequuntur. Autem ut voluptas quisquam ut dolor sint. Consequuntur qui molestiae dolorem praesentium aut. Voluptatem suscipit corporis blanditiis.','42 ci','http://www.hauckkozey.biz/',8978,588389,67,80,'Magnam in provident expedita architecto incidunt perferendis. Odit molestias et vitae ab ut. Earum voluptatem iste sit voluptatum odit nisi. Quia totam sint qui et et eos.','1972-04-13 15:54:58','1974-11-25 03:30:48','2020-02-24 07:56:23'),(62,'any','core','occaecati','1','Consequatur consequatur animi exercitationem sed. Voluptatem veniam totam nisi similique impedit non impedit. Commodi sit in necessitatibus et.','63 vb','http://www.cummerata.com/',25920880,817915,11,37,'Molestias voluptatibus aut aut sed inventore pariatur. Est possimus qui iste praesentium tempore. Possimus nihil nostrum molestiae ut. Vel a voluptatum aut et labore.','2017-10-31 20:19:29','2017-05-01 00:21:02','2019-10-23 04:21:59'),(63,'any','KDE-unstable','enim','6','Occaecati consequatur dolorum ea et similique. Accusantium porro reiciendis rem maiores corporis. Eos dolore asperiores ipsum iure. Mollitia molestiae accusantium animi ut repellendus.','75 st','http://www.kulasgleason.com/',6237,54772,82,37,'Aut sed ea velit iure nulla aut. In aut numquam et natus ipsam velit cumque distinctio. Earum sint molestiae repudiandae sequi.','1995-05-17 08:05:11','1982-03-02 03:31:22','2020-05-09 13:07:08'),(64,'any','extra','provident','6','Omnis odit voluptatem laborum itaque. Id aut fugiat tenetur rem occaecati labore impedit. Ut odio dolores incidunt et placeat at. Ut dolor similique ut optio.','95 dx','http://goodwinkuvalis.com/',6,83393013,90,31,'Excepturi aut non cupiditate provident. Voluptatem velit enim labore rerum enim. Magni quo dolores quos quia.','1974-10-16 23:56:25','1973-10-06 01:24:34','2020-01-19 18:08:09'),(65,'any','KDE-unstable','et','1','Fugit blanditiis mollitia aspernatur aut sed magni sed sint. Iure delectus ut et ut voluptate est soluta. Cum veritatis aliquam est expedita. Et aut ipsa et et dicta.','57 bz','http://www.hodkiewicz.com/',42677406,118448936,33,14,'Voluptas et et dolor. Quam optio deserunt quos ad iste rem. Et omnis laboriosam perspiciatis qui qui maxime.','2012-06-26 03:09:43','1994-02-22 20:52:30','2019-09-09 07:30:03'),(66,'x86_64','community','consequatur','7','Aut qui vitae doloribus sunt. Non id hic quae autem adipisci adipisci. Voluptatem id qui corporis dignissimos sed ut.','10 oq','http://oconnell.com/',0,0,69,76,'Est voluptas quae culpa recusandae quis id ut. Autem ea facilis odio aliquam minima magnam. Veritatis dolore autem quos placeat.','2015-03-08 15:53:52','1990-09-16 04:05:41','2020-07-25 18:55:45'),(67,'any','KDE-unstable','ipsum','3','Reprehenderit eos deleniti doloremque praesentium. Et voluptatem minima esse quia. Ipsa asperiores voluptatem doloremque autem. Ut id pariatur ut animi nihil adipisci cumque dolores. Voluptatum voluptatem cumque omnis voluptatem autem debitis suscipit dolorem.','61 us','http://www.schuster.com/',203,3,45,21,'In et suscipit maxime et exercitationem. Libero inventore sed ut impedit expedita et quae. Provident sint officia voluptatem. Sint quo in corrupti eius est ut veritatis.','1995-02-24 12:10:43','2000-08-29 18:13:33','2019-11-01 00:02:22'),(68,'x86_64','extra','nemo','4','In repellendus aut eos veritatis. Quis quidem impedit placeat error inventore voluptatem. Corporis consectetur pariatur minima.','88 rf','http://fishermckenzie.com/',1575769,0,21,12,'In eum saepe odio accusamus excepturi. Ea eum et rem occaecati id voluptas. Sed consequatur unde porro accusantium natus enim.','1986-02-18 01:59:59','2011-05-30 23:46:53','2020-02-03 21:13:08'),(69,'any','multilib-testing','expedita','5','Nemo possimus nostrum labore omnis. Ullam tempora aut consequatur ipsam tempora. Distinctio velit ratione sint corporis molestias dolores ut.','67 ci','http://www.morissette.com/',918,39424,49,33,'Consequatur nisi hic eos corporis dolor. Sint unde quisquam sapiente totam. Eum consequatur maiores voluptatem et.','2006-04-25 06:46:00','2009-07-03 01:07:07','2020-05-27 12:47:40'),(70,'any','KDE-unstable','officia','3','Sit doloremque iste similique ipsam ut nisi placeat. Eum non qui amet nemo accusamus sequi. Quos dolor reiciendis inventore eum sunt quaerat iusto.','26 wu','http://macejkovichintz.com/',7,5697362,81,56,'Impedit dolor corporis alias sint ex soluta. Ut fuga aut rerum sunt. Vero rerum at ex possimus. Magni accusamus nihil odit exercitationem quas ea dolorum minima.','1990-09-24 14:49:16','1973-02-24 08:42:39','2019-11-23 02:40:48'),(71,'any','community-testing','occaecati','1','Qui corrupti rerum omnis minima suscipit est. Qui sed praesentium quae dignissimos qui nihil. Soluta porro dolorum esse nostrum earum.','38 mv','http://okuneva.com/',3524932,3,35,27,'Pariatur consequatur maiores est qui voluptatibus omnis animi. Adipisci deleniti sint est ipsum ducimus magni. Quia provident corporis vel eos. Error est porro perspiciatis odit mollitia repellat minima.','1980-08-13 14:01:18','2018-10-01 19:58:46','2019-10-23 20:44:48'),(72,'x86_64','testing','aut','2','Modi iure dolore dolores quisquam. Ipsum aut voluptatem perspiciatis molestias perspiciatis quae. Voluptatem ut vero tempore est saepe provident aspernatur possimus. Voluptate est eaque ratione quae deleniti sed.','93 te','http://www.lemke.org/',651576697,88,42,86,'Vitae numquam qui ut et autem ut ratione asperiores. Possimus est perspiciatis culpa dolorem delectus quae. Quia accusantium culpa sed atque. Et officia velit est temporibus vel. Tempore qui molestiae qui nobis.','1986-03-28 12:07:07','2013-01-07 07:35:04','2019-11-24 15:29:14'),(73,'any','core','odit','8','Quia numquam consequatur deleniti qui nam velit deserunt. Sint ab reiciendis corrupti ab. Qui voluptatem quod amet cum. Sunt est aspernatur accusamus provident.','20 vs','http://gulgowski.net/',4,506669,79,64,'Architecto non tempora qui. Sequi eligendi dolores impedit. Accusamus sequi omnis deleniti modi officiis dolorum ipsam. Sed aliquid totam id modi suscipit saepe.','1987-06-01 21:41:56','1985-03-05 20:19:18','2019-09-26 18:28:16'),(74,'any','extra','nihil','5','Odio libero quo repellendus perspiciatis debitis maiores. Harum nobis est ipsa est itaque soluta. Autem non veritatis sed velit. Mollitia ab non sed doloribus blanditiis. Tempore commodi et maxime quibusdam.','07 fr','http://konopelski.org/',0,3723,74,40,'Corporis sit eligendi facilis voluptatum reiciendis reiciendis sit vel. Exercitationem adipisci sed odio voluptatem quis. Non sint ut nam quisquam eum eligendi debitis. Amet ut sunt enim.','1999-08-11 18:24:44','1994-07-18 15:14:58','2019-11-20 17:15:53'),(75,'x86_64','multilib-testing','et','9','Omnis omnis et eligendi neque. Rem rem repellendus aliquam enim. Voluptas provident voluptatem ea. Ipsam ex tenetur atque corrupti nesciunt. Quidem adipisci cumque laboriosam et quis.','54 eg','http://www.kubbradtke.com/',28666,6122167,87,85,'Expedita nobis sunt ipsam soluta cupiditate. Cumque vel nihil est deserunt illum autem accusamus. Repellat doloremque reiciendis voluptas accusamus magni. Eveniet temporibus vitae id molestias ipsum exercitationem reiciendis fugit.','1985-06-08 21:12:19','2003-01-26 02:06:29','2019-10-31 10:17:02'),(76,'x86_64','community','et','7','Quas asperiores ut qui vero. Possimus quia maxime non rerum amet ullam molestias. Incidunt nam temporibus molestias in eaque.','02 uh','http://www.howe.com/',300,9812,55,53,'Et est odio sunt assumenda omnis. Et deleniti velit sit ad vitae aut. Reprehenderit voluptatem suscipit harum.','1996-12-26 03:58:18','1996-06-12 12:21:51','2019-09-14 08:45:48'),(77,'x86_64','testing','iure','4','Corporis esse asperiores in. Harum aspernatur omnis velit. Ut sapiente perspiciatis quis ut laborum tenetur. Officia quisquam tempora cumque corporis quod nisi sunt.','50 tw','http://www.moen.com/',194481,892770,64,65,'Qui nihil iste quis cumque harum incidunt. Aperiam non delectus iusto sapiente alias iure vel. Eum impedit magnam omnis consequatur modi aliquid. Ducimus tempore tempora ipsum repudiandae. Magni quibusdam ipsa unde commodi dolores minima.','1984-05-14 05:05:08','1980-12-31 19:55:31','2019-09-12 09:31:38'),(78,'any','testing','maiores','7','Suscipit aliquam et itaque omnis numquam vitae est. Non vel eum ut. Consequatur dolorem velit consequatur non velit.','84 dc','http://www.cremin.com/',836880535,54985,90,46,'Et fuga est neque sed autem placeat. Quod et tempore omnis pariatur fuga adipisci eius inventore. Eligendi expedita rerum modi sit aliquam. Possimus qui qui dolore commodi.','1982-07-10 02:31:03','1995-04-09 00:20:47','2020-04-12 01:52:17'),(79,'x86_64','core','nostrum','9','Quibusdam est repellat eveniet repellendus. Non repellendus necessitatibus enim dolorem labore. Velit corrupti fuga ut consequatur quibusdam at odio voluptas.','66 fw','http://www.howellkilback.com/',8300371,27929,2,80,'Inventore doloribus omnis ad officia. Et eos delectus quisquam voluptatem aut fuga aliquid. Magni omnis incidunt mollitia. Architecto non voluptates maiores qui.','2010-10-25 10:55:07','1972-09-11 20:45:18','2020-05-01 12:09:09'),(80,'any','core','ea','1','Nisi eos voluptate voluptatum nihil quo. Ratione quae pariatur deserunt sint soluta itaque nobis. Optio eum sunt error alias amet dolorum. Ea praesentium fuga corrupti repellat consequuntur.','60 mt','http://www.cartwrightwill.biz/',175,3,76,35,'Tempore qui laudantium dolorum consequuntur ullam ea est. Suscipit atque corporis ex. Perferendis itaque molestias sunt doloremque rerum repellat. Architecto adipisci molestiae ipsam voluptas perspiciatis tempora.','1994-11-26 17:50:39','1985-03-28 01:55:09','2020-08-16 08:40:47'),(81,'x86_64','core','doloribus','2','Labore rerum aut vitae enim porro. Ducimus nulla in aliquam ab aperiam. Illo aliquid aut non autem ad voluptate.','06 gc','http://collins.info/',2267251,24,93,45,'Eos et fuga non maxime. Aliquid rerum et ut id. Exercitationem tenetur ab vel repudiandae dolore.','1977-03-22 03:15:58','2005-02-28 18:09:58','2020-06-20 00:41:56'),(82,'x86_64','KDE-unstable','illum','2','Quasi suscipit illum doloremque explicabo eveniet soluta dicta. Velit tempore fugit rem sed itaque accusamus. Doloremque quo voluptas odit et. Iste iusto quia quod vel.','73 vo','http://stehr.biz/',6935217,74901,10,37,'Similique quae voluptatum excepturi ipsa id quo iure veritatis. Explicabo aspernatur neque voluptatum consequatur possimus quia occaecati. Ratione et dolores dolores.','1984-01-19 14:38:01','2016-01-05 13:08:29','2019-10-11 16:36:54'),(83,'any','multilib','ex','3','Facilis praesentium quibusdam provident adipisci hic accusantium et cupiditate. Et quis qui facilis et. Quo consectetur repellat libero sit magni voluptatibus voluptates harum. Accusamus consequatur dolores incidunt.','41 dh','http://www.davis.com/',352,45519,66,31,'Dolor doloremque fugiat rerum dolor necessitatibus. Corporis fugit quo quis magni rerum. Non aut non qui dolorem facere totam. Atque omnis nihil dolor quia nisi.','1978-05-03 09:08:11','2007-10-06 13:24:28','2020-01-14 14:36:35'),(84,'any','KDE-unstable','modi','6','Et quasi quod aut dolorum rerum ratione. Eligendi assumenda eum molestiae omnis occaecati officia vel eligendi. Aliquid nobis optio praesentium voluptatum quis ut minima.','53 qm','http://heaneyryan.com/',90084,1,49,14,'Facilis officiis cupiditate eos et velit nobis. Mollitia aut voluptatibus consequatur. Debitis ut voluptas neque et.','1994-10-27 11:56:51','2000-12-10 12:28:20','2019-10-10 08:46:45'),(85,'any','extra','sunt','3','Ipsa est voluptatum consequatur voluptates et. Sapiente totam sint velit ratione quia rerum.','88 cm','http://rolfson.com/',9266,730961699,64,29,'Ut expedita culpa et assumenda placeat dolor. Cumque id dicta voluptatem est maiores saepe voluptatem. Delectus id repudiandae similique aperiam et rerum. Enim laborum beatae eligendi ratione corrupti quo. Corrupti sed eveniet et tempore qui.','1995-04-19 17:41:00','2019-10-05 22:57:01','2020-06-22 00:13:23'),(86,'any','community-testing','officia','1','Repellendus architecto laboriosam consequuntur totam cupiditate ea qui. Deserunt rerum et ratione asperiores doloribus mollitia. Quia optio aliquid debitis ad accusantium eum. Libero ut dolorem nemo et. Nesciunt eum ab omnis ducimus.','22 zh','http://www.andersongreenholt.biz/',510081,8,69,98,'Eum laborum quo et. Est sit cum earum fuga delectus ut. Reprehenderit ab maiores voluptas rerum omnis ipsa vitae rem. Possimus totam voluptas delectus maxime sunt atque velit.','1995-11-18 09:16:26','1970-05-22 07:31:32','2020-02-21 15:50:51'),(87,'any','community','aut','8','Vitae magnam ea velit maxime. Neque maxime occaecati enim tenetur minus. Cumque voluptatem sunt labore sequi. Exercitationem est doloremque qui omnis eius maiores aut. Cumque rerum consequuntur rerum et est.','75 xr','http://moen.biz/',0,3226,56,11,'Consequatur quaerat mollitia voluptatem ipsam odit. Dolor velit a consequatur expedita. Corrupti voluptatem autem ut eveniet enim eveniet.','1985-08-01 07:06:07','1984-03-06 06:57:42','2019-12-24 20:29:30'),(88,'x86_64','testing','hic','1','Aliquam voluptatibus sunt veniam aspernatur culpa aut dolorem corporis. Rerum illo autem autem exercitationem.','79 va','http://kerlukecrist.com/',58311295,29553,84,34,'Esse sit omnis autem alias sit voluptatem quae. Minima sapiente iusto totam doloribus voluptatibus totam. Impedit omnis possimus ea asperiores et.','2000-11-12 04:47:44','1975-07-12 15:20:36','2020-03-10 17:04:09'),(89,'x86_64','extra','commodi','2','Est dolorem perferendis ducimus aliquid illo sit. Et eum nostrum fugiat aut. Est facilis aut distinctio repellat vero exercitationem repudiandae.','14 oq','http://www.walter.com/',1240121,30,74,57,'Sint distinctio autem accusantium accusantium ut omnis aut officiis. Occaecati similique voluptatem voluptatem pariatur. Saepe excepturi accusantium aperiam ab est quia. Dolor qui aliquid dolor aut deserunt ut inventore.','1983-07-08 15:31:36','2002-09-17 06:07:01','2019-10-13 17:43:29'),(90,'any','multilib-testing','laborum','5','Magnam dolorem nesciunt explicabo dolorem delectus dolorum nulla. Ut culpa dolores rem sit accusamus. Omnis aut iusto non libero voluptatem aperiam. Dolore voluptate aspernatur amet qui consequatur.','86 gg','http://www.dietrich.info/',203077424,38296091,73,61,'Cupiditate numquam fugiat ad vero dolorem. Voluptatem et id aliquam expedita ab eos et. Recusandae quod quidem occaecati adipisci.','1991-05-27 11:36:03','1984-02-26 22:59:43','2019-10-20 06:52:01'),(91,'x86_64','testing','natus','2','Nobis velit ut dignissimos atque et. Ullam dolor modi quis. Possimus omnis dolorum veritatis perspiciatis. Sunt sunt fugiat doloribus. Facere minima voluptate laborum.','25 mj','http://www.rolfson.com/',823336448,3509,42,28,'Omnis veritatis omnis non facilis minima perferendis. Exercitationem vitae voluptas consequatur assumenda. Non provident aut debitis eos non.','2006-05-02 16:41:16','1985-03-31 20:43:17','2020-04-02 04:10:28'),(92,'x86_64','community','repudiandae','3','Delectus occaecati hic quis aperiam voluptate. Sunt autem illum illum voluptatem nihil aliquid enim iusto. Repellendus suscipit eligendi perspiciatis atque autem fugiat quia enim. Sapiente qui id quis quam.','36 sh','http://www.welchcrist.info/',0,0,13,6,'Dolorum in autem nulla quasi error molestiae. Delectus autem natus et officia est. Assumenda aut est sint doloremque in aut magnam. Ut itaque quam ullam dolorem rerum blanditiis. Voluptatem laborum a rerum ut laboriosam.','2018-11-01 06:16:20','2001-04-30 20:10:20','2020-07-19 14:01:53'),(93,'x86_64','extra','velit','9','Ut corrupti nam porro qui molestiae. Magni dolor odio ab repudiandae. Sunt explicabo unde ipsam laudantium consequuntur molestiae. Velit provident error cupiditate voluptas facere possimus velit velit.','21 wo','http://www.gaylord.com/',9,9,92,3,'Voluptas mollitia eveniet velit neque. Deserunt culpa commodi dolorum ipsam. Enim in et sint blanditiis ullam dolores dolores quidem. Occaecati alias enim eveniet quidem quis.','2013-02-18 13:01:20','1976-09-29 20:19:27','2019-10-09 19:11:39'),(94,'any','multilib-testing','sequi','2','Amet rem soluta voluptas. Fugiat sint dolores magnam doloribus sequi. Sed quod harum est cumque fugit id recusandae.','63 qg','http://www.ritchie.biz/',7,56879882,51,94,'Temporibus culpa accusantium totam aut voluptas iusto. Eaque quaerat aspernatur nemo assumenda aspernatur. Fuga quia maiores nihil similique ut.','1990-02-12 06:21:26','1976-07-26 07:02:33','2019-10-28 12:06:06'),(95,'x86_64','multilib-testing','mollitia','8','Voluptatem quaerat hic et earum nihil. Dolorum fugiat et quia beatae laudantium possimus sed. Neque qui non earum minus beatae.','73 fa','http://von.com/',934688,20,82,27,'Dolorem molestiae sunt dolorem eligendi hic. Exercitationem quia quia enim nulla veniam eum.','2001-09-09 23:44:55','1980-06-15 05:38:23','2019-11-02 03:31:12'),(96,'x86_64','testing','dolore','4','Laborum cupiditate minima sit quasi voluptatem ut. Eos quidem sint quis quia. At sit quod id et accusantium.','61 mv','http://will.org/',988224253,0,28,74,'Tempore soluta quisquam quo voluptatem. Atque possimus ex nisi autem et aliquid nihil. Sed quibusdam explicabo ut est.','1989-03-20 22:13:03','2012-02-28 19:56:06','2020-08-17 09:07:18'),(97,'x86_64','core','ut','4','Sit est qui eveniet saepe. Rerum vero similique consequatur assumenda. Vitae soluta officia eos maxime sit facere magnam. Sed aut dolor deleniti non.','97 ea','http://www.ernser.org/',813197846,783,71,38,'Voluptatem et consequuntur dolores. Maiores cum quas iure quas ea. Qui vel consequatur quasi cumque consequatur totam nulla.','1979-12-14 19:59:39','2016-04-05 21:08:35','2019-11-14 14:10:48'),(98,'x86_64','community','esse','6','Et beatae dolor quaerat voluptatem sed. Ex illum et doloribus voluptatum. Accusamus hic consequatur eius aliquid quasi. Praesentium nesciunt temporibus sed et iste quidem.','39 ty','http://www.thompsonsanford.info/',23,0,11,37,'Consequuntur est enim placeat modi beatae praesentium. Itaque quia autem voluptatibus ut distinctio tempore reprehenderit. Rerum et vel accusamus dolorem ab praesentium.','1974-07-25 21:26:02','2008-05-23 04:07:38','2019-11-06 15:26:26'),(99,'x86_64','testing','incidunt','3','Sit expedita ab aspernatur aliquam ea magni. Natus voluptatem ducimus magni aut. Iste labore voluptatum ut et impedit. Sunt iusto facere et porro a aut voluptas.','14 gc','http://www.mcdermottschaefer.com/',65899227,15,69,60,'Ipsam autem maiores porro eaque. Enim ipsa voluptatem ipsam facere magni consequatur. Omnis ut nesciunt aliquam inventore eos tenetur.','1985-11-04 12:21:51','2005-01-20 17:01:22','2019-10-22 12:54:39'),(100,'x86_64','extra','iste','3','Ut perferendis doloremque nihil perferendis. Rerum est illo voluptate vitae est. Tempora nihil iste quo rem qui earum.','11 nr','http://www.skilesmurphy.com/',681,46,50,32,'Et asperiores in fugiat autem odit. Non nostrum qui amet ut eum. Quis omnis quod necessitatibus molestiae non.','1972-06-14 06:11:52','1983-05-26 18:28:07','2020-07-09 21:30:04');
/*!40000 ALTER TABLE `packages` ENABLE KEYS */;
UNLOCK TABLES;

--
-- Table structure for table `security`
--

DROP TABLE IF EXISTS `security`;
/*!40101 SET @saved_cs_client     = @@character_set_client */;
/*!40101 SET character_set_client = utf8 */;
CREATE TABLE `security` (
  `id` int(10) unsigned NOT NULL AUTO_INCREMENT,
  `package_id` int(10) unsigned NOT NULL COMMENT 'id пакета',
  `author_id` int(10) unsigned NOT NULL COMMENT 'id автора',
  `status` enum('vulnerable','not affected','fixed') COLLATE utf8mb4_unicode_ci NOT NULL COMMENT 'Статус уязвимости',
  `severity` enum('critical','high','medium','low','very low') COLLATE utf8mb4_unicode_ci NOT NULL COMMENT 'серьезность уязвимости',
  `remote` tinyint(1) NOT NULL COMMENT 'Уязвимость удаленная?',
  `type` varchar(100) COLLATE utf8mb4_unicode_ci NOT NULL COMMENT 'Тип уязвимости',
  `affected` varchar(20) COLLATE utf8mb4_unicode_ci NOT NULL COMMENT 'Версии подверженные уязвимости',
  `fixed` varchar(20) COLLATE utf8mb4_unicode_ci DEFAULT NULL COMMENT 'Если пофикшено, то в какой версии',
  `current` varchar(20) COLLATE utf8mb4_unicode_ci NOT NULL COMMENT 'Текущая версия пакета',
  `ticket` varchar(20) COLLATE utf8mb4_unicode_ci DEFAULT NULL COMMENT 'номер тикета',
  `description` text COLLATE utf8mb4_unicode_ci NOT NULL COMMENT 'Описание уязвимости',
  `created_at` datetime DEFAULT current_timestamp() COMMENT 'Время создания',
  PRIMARY KEY (`id`),
  KEY `security_package_id_fk` (`package_id`),
  KEY `security_author_id_fk` (`author_id`),
  KEY `security_type_idx` (`type`),
  CONSTRAINT `security_author_id_fk` FOREIGN KEY (`author_id`) REFERENCES `wiki_users` (`id`),
  CONSTRAINT `security_package_id_fk` FOREIGN KEY (`package_id`) REFERENCES `packages` (`id`)
) ENGINE=InnoDB AUTO_INCREMENT=101 DEFAULT CHARSET=utf8mb4 COLLATE=utf8mb4_unicode_ci;
/*!40101 SET character_set_client = @saved_cs_client */;

--
-- Dumping data for table `security`
--

LOCK TABLES `security` WRITE;
/*!40000 ALTER TABLE `security` DISABLE KEYS */;
INSERT INTO `security` VALUES (1,1,4,'fixed','very low',0,'beatae','sint','3','9','6','Sit laborum eius nemo consequatur neque a accusamus. Voluptas reprehenderit natus rerum.','1972-05-01 02:54:32'),(2,54,2,'vulnerable','medium',0,'tenetur','exercitationem','2','2','2','Itaque beatae inventore voluptatibus eveniet. Harum voluptatibus et vitae impedit dolorem distinctio. Culpa minima quos delectus doloremque error.','2018-01-12 23:10:52'),(3,75,51,'vulnerable','medium',1,'magni','sunt','6','3','5','Nulla quia mollitia nostrum voluptates exercitationem quod amet nesciunt. Nemo qui dolores molestiae qui aspernatur. Impedit rerum iste laudantium harum natus.','1985-05-10 20:49:24'),(4,64,65,'fixed','low',0,'voluptas','reiciendis','4','4','5','Id et et nam a molestiae. Et aut cupiditate quibusdam dolores inventore doloribus sunt. Qui facilis quo ut officia.','1975-03-22 22:17:33'),(5,88,5,'not affected','low',1,'odio','a','3','1','1','Voluptas qui quos non dolore. Ad quis dolorem molestias omnis. Eius eos vel et dolorum ullam officiis quia.','1977-08-22 04:34:31'),(6,68,85,'fixed','high',0,'distinctio','ut','7','9','4','Sed voluptatem architecto illum. Quod eligendi rerum delectus fugit maiores error. Quis nulla dolor est laborum. Qui laudantium voluptas eaque iusto debitis quidem consequatur.','1985-06-19 20:12:50'),(7,45,86,'vulnerable','high',1,'quas','iusto','9','1','8','Modi ut culpa ad aut et exercitationem quis. Neque temporibus molestias facere velit aliquam distinctio. Doloremque numquam iusto aperiam impedit doloremque rem. Doloremque necessitatibus laborum ut nemo quo.','2004-10-10 14:19:41'),(8,17,2,'not affected','very low',1,'nihil','rerum','2','9','2','Facilis voluptas eum eligendi quis. Ea ea eligendi dolores architecto omnis. Sed iure similique asperiores amet minima amet ut. Ut earum laboriosam id necessitatibus et eos.','1991-06-10 22:16:00'),(9,81,4,'not affected','high',0,'quidem','ut','7','2','7','Recusandae fuga enim quo voluptates dolor corrupti consequatur. Quae tempore magnam omnis ut voluptas. Ea dolorem commodi modi qui a voluptatem.','1996-08-28 02:51:06'),(10,11,27,'not affected','medium',1,'reiciendis','laborum','5','6','3','Inventore id rerum fugiat voluptates nostrum et nemo. Explicabo sed earum ducimus eum animi aliquid aut officia. Est aut ut rerum laborum dicta quis. Id consequatur quam autem provident.','1983-01-20 09:52:28'),(11,65,11,'vulnerable','high',0,'voluptatem','voluptatem','8','3','3','Pariatur dolore repellendus repudiandae ea quia corrupti non sequi. Perspiciatis adipisci consequatur vel non qui facilis. Ut voluptatem omnis nesciunt. Facere harum non reprehenderit quia nemo.','1997-06-10 00:50:13'),(12,86,7,'not affected','critical',1,'dolor','quam','4','6','7','Optio sint eligendi officia. Quis officia voluptas dignissimos quo eos repellendus aliquid. Omnis dolorem est ullam.','2006-12-22 03:42:47'),(13,40,51,'fixed','medium',1,'ut','cupiditate','4','4','5','Totam non officia est ea. Corporis veniam id officiis autem qui dolorum. Autem accusamus consectetur incidunt inventore iusto quia. Nobis omnis soluta magni aliquam.','2010-01-24 21:02:47'),(14,43,85,'fixed','very low',0,'et','quos','9','6','4','Quia dolores ipsa voluptatibus libero quis a. Dolor rem excepturi non maxime. Quo nam non ex praesentium at quasi.','2018-02-27 07:39:40'),(15,2,15,'vulnerable','very low',0,'praesentium','rerum','2','1','8','Molestias asperiores a non fuga et. Numquam atque officia natus aliquam necessitatibus non. Repellat laborum aut nihil est et.','2017-07-06 03:00:04'),(16,60,20,'fixed','high',0,'in','doloremque','8','2','6','Quia eligendi earum impedit consequuntur optio tempora molestiae. Ex molestiae asperiores voluptate ut. Esse impedit eos eligendi delectus sint dolor. Aut dolorem nulla fugiat quo totam amet qui odit.','1988-11-07 20:53:08'),(17,3,45,'not affected','low',0,'dignissimos','aliquam','6','3','1','Aut culpa dolores sunt. Tempora qui culpa aut unde iure. Impedit et enim qui. Repellat fugit sunt enim quos sunt aliquid cupiditate ratione.','2012-04-30 05:18:58'),(18,88,27,'fixed','low',0,'aut','sequi','3','2','2','Sunt sed vel vel soluta. Quasi quia ipsum rem reprehenderit cum. Maiores commodi fugit nostrum odio et aut. Id molestiae est nihil voluptas consequatur.','2005-01-24 22:42:24'),(19,7,36,'fixed','medium',1,'autem','et','9','9','6','Magnam nostrum similique nostrum explicabo sit voluptates. Voluptas totam saepe occaecati ut a sit cum. Aut aut illum in et. Quos quis et modi quia autem.','2020-05-15 22:50:14'),(20,56,47,'fixed','critical',1,'in','totam','6','7','8','Ut autem consequatur quae rerum a voluptates dignissimos. Neque eum iusto id sit beatae dolor aliquid. Omnis atque hic consequuntur. Tempora tempora dolore optio maxime sit aperiam velit.','2020-08-15 11:31:41'),(21,40,43,'vulnerable','low',1,'qui','enim','4','9','8','Nisi ad voluptatibus reiciendis nihil impedit. Adipisci eligendi a cum expedita deleniti.','2009-06-14 13:40:01'),(22,51,39,'not affected','low',1,'ut','voluptatem','1','8','1','Iure enim reiciendis consequuntur ut necessitatibus. Voluptas qui repudiandae deserunt et magnam. Alias earum nesciunt laudantium qui repellat. Eveniet in nihil enim qui sequi.','1980-10-24 12:12:48'),(23,55,22,'fixed','low',0,'alias','facilis','3','1','5','Ut nesciunt illo consequatur magnam. Officiis quia ut neque veniam fuga voluptatibus qui doloremque. Quae ut qui recusandae et tempora ad. Aut cupiditate sed nihil consequatur praesentium dicta.','1981-11-15 04:14:24'),(24,4,63,'fixed','high',1,'unde','laborum','4','7','8','Nesciunt ea veniam omnis beatae alias eveniet. Eius dolore laborum praesentium. Iste delectus amet tempora explicabo est recusandae unde.','2006-04-21 23:59:23'),(25,24,56,'not affected','critical',0,'consectetur','nostrum','3','3','8','Sit aut architecto explicabo et. Ullam eius sequi eos dicta voluptates ullam fugiat. Vel perferendis omnis ipsum.','1990-03-14 19:08:54'),(26,61,20,'vulnerable','low',0,'voluptatum','sit','4','8','9','Veniam ratione praesentium sit maxime. Eos placeat quo distinctio explicabo sit mollitia. Facilis cum sint facere voluptas voluptate.','1990-06-14 00:25:12'),(27,77,39,'not affected','low',0,'error','iusto','2','5','5','Consequatur dolorem nihil beatae quia voluptates. Impedit nostrum quasi dolor a quidem. Laudantium voluptatem culpa ducimus pariatur dolorem minus excepturi. Aliquam tempore in dolorum delectus magni facere omnis.','1985-06-25 03:39:06'),(28,58,37,'vulnerable','high',0,'qui','ipsa','1','5','4','Pariatur saepe a alias. Numquam et aperiam quis et ea placeat. Aut illo rem praesentium. Rerum sit id quibusdam neque excepturi sunt.','2014-07-08 16:41:17'),(29,91,28,'vulnerable','low',1,'et','enim','2','9','6','Enim ab aut perspiciatis perferendis harum adipisci enim. Aut fuga voluptate labore repellendus et corporis. Reiciendis excepturi quia ducimus velit officia ut. Ut corrupti aspernatur dolores consequatur soluta cumque.','1983-12-01 15:09:12'),(30,90,74,'fixed','high',0,'eius','ut','1','2','9','Sit rerum non mollitia. Deleniti consectetur accusantium autem voluptas consequatur enim non. Quisquam modi iusto blanditiis dolores. Sunt et et quis suscipit. Corrupti sit molestiae aut.','2003-09-30 09:28:04'),(31,90,82,'not affected','critical',1,'ab','nihil','5','1','3','Ipsam ipsa excepturi non incidunt vitae architecto id iusto. Numquam rerum voluptas ipsa nostrum. Consectetur et rerum cum quis. Eos aspernatur nihil numquam aut est adipisci placeat.','1985-08-22 22:01:14'),(32,89,32,'vulnerable','very low',1,'earum','dolor','7','7','1','Totam aspernatur enim aut ipsa inventore. Quia eaque sed quam quos dicta odit unde. Accusamus quia dolores iste quis sint earum vel. Dignissimos ut est repudiandae ut id.','2003-04-07 09:03:21'),(33,60,76,'not affected','high',0,'provident','molestiae','4','7','1','Praesentium impedit nobis labore dolorem nihil. Corporis ducimus sit distinctio cupiditate. Nemo dolor ipsa omnis commodi explicabo temporibus. Dolores voluptas itaque nobis dicta totam quisquam.','1994-12-06 19:00:11'),(34,69,32,'fixed','medium',1,'fugiat','eius','4','7','5','Laborum nesciunt molestiae velit est ut et eum. Quia repudiandae dolorum deserunt assumenda suscipit. Sed ex sed possimus voluptatem et assumenda qui.','1992-10-31 05:36:40'),(35,72,97,'vulnerable','very low',0,'vitae','aperiam','3','3','7','Temporibus id eos minus. Ea sed ex aut quasi. Est et laudantium nulla est. Amet harum quia qui assumenda veniam.','2006-03-02 10:49:56'),(36,77,81,'fixed','medium',1,'quod','necessitatibus','3','8','5','Repudiandae alias voluptatem est et qui qui cum. Illum accusamus aut nihil numquam. Suscipit quae voluptatem facere veniam iusto eveniet.','1977-02-22 07:59:48'),(37,64,17,'fixed','very low',0,'et','culpa','2','9','9','Nihil ipsum error voluptatem iusto. Eum rerum molestiae et excepturi.','1980-11-09 23:58:21'),(38,52,83,'vulnerable','low',0,'voluptatem','quos','1','1','8','Ut libero velit atque hic incidunt quam nihil. Ullam et voluptatem et vel est. Temporibus voluptas mollitia odit saepe quo. Deserunt in ducimus impedit sit aliquid eos non.','2002-02-04 05:51:44'),(39,40,83,'vulnerable','low',0,'enim','molestiae','1','1','3','A enim quia dolorum omnis. Dolorem sit voluptatem necessitatibus est est. Praesentium ipsa ut deleniti corrupti ut quis.','1980-08-19 16:07:23'),(40,75,20,'not affected','low',1,'quibusdam','quisquam','9','6','4','Non ut aut magnam et sit similique eum. Est explicabo quae sint vel. Id voluptatem a quo illo inventore. Ullam laboriosam occaecati qui non reiciendis aperiam.','2001-11-20 21:13:10'),(41,31,9,'vulnerable','critical',0,'quam','unde','4','9','7','Voluptates eligendi ea iusto aut. Facilis dolor dignissimos eveniet. Suscipit impedit dolores corporis veritatis.','2017-07-09 20:57:22'),(42,15,94,'not affected','critical',0,'error','consequatur','7','4','5','Rerum eos libero dolorem voluptas quo nulla. Tempore et soluta sit totam quos vel. Iste commodi maiores pariatur quis saepe quae expedita.','2013-10-29 23:47:46'),(43,91,26,'vulnerable','critical',1,'aliquam','est','3','6','8','Laboriosam quo est maiores reiciendis recusandae voluptatibus eos. Reiciendis tenetur qui nobis repudiandae qui sit. Dolore qui est voluptatem atque nesciunt consequuntur laudantium. Provident quia necessitatibus ut.','1984-11-02 23:11:45'),(44,73,60,'fixed','critical',0,'inventore','doloribus','5','5','2','Voluptates velit dolor accusamus quia. Molestiae corrupti magni doloribus dolore quo voluptas.','2014-09-20 19:53:05'),(45,36,78,'not affected','high',0,'est','sed','8','8','5','Aut reprehenderit et rem voluptas id. Perferendis ipsam voluptates nihil amet fuga. Placeat eligendi excepturi ut qui. Dignissimos consequuntur ipsa libero molestias necessitatibus.','2002-06-21 20:41:28'),(46,32,41,'fixed','very low',1,'ducimus','porro','5','1','6','Aut dignissimos ut ad ipsa hic. Aspernatur expedita impedit consequuntur repudiandae vel ut. Voluptas ut architecto dolorum exercitationem necessitatibus ducimus voluptatem. Consequatur repellat occaecati unde beatae placeat.','1983-05-30 20:50:16'),(47,94,79,'fixed','high',0,'est','itaque','8','8','8','Quidem pariatur cupiditate voluptatem rerum asperiores aut qui. Eveniet doloremque sint est inventore laudantium. Neque facilis ex delectus non id quaerat.','1987-09-14 21:54:34'),(48,77,23,'fixed','critical',0,'aut','consequuntur','4','2','3','Commodi eveniet eum voluptas est veritatis velit perferendis iste. Dicta consequatur et architecto rerum repudiandae atque. Officia aliquid iusto et eligendi aliquid tenetur nobis. Est maiores commodi non repudiandae iste aut maxime dolor.','1993-01-27 21:27:40'),(49,92,67,'vulnerable','low',0,'sed','vero','7','9','9','Sit error nemo autem quaerat neque. Ab et cupiditate quia at. Omnis cupiditate illum animi repudiandae ipsa adipisci quia blanditiis.','1989-12-07 12:20:21'),(50,22,15,'vulnerable','low',0,'labore','omnis','1','5','5','Nihil cumque dolore natus rerum eum ab. Ab ex quae voluptatum labore quisquam est minima. Repudiandae sed ut atque dolorem. Ipsam non est et et aut corporis.','1975-09-17 05:40:50'),(51,23,69,'not affected','very low',0,'autem','reprehenderit','1','5','2','Non perferendis voluptatum rerum. Aut delectus voluptatem omnis consequatur iusto et mollitia. Fugit eum voluptates quaerat.','2015-02-27 07:08:20'),(52,52,9,'vulnerable','low',1,'molestiae','maxime','8','6','6','Qui voluptatibus atque dolorum ut est deserunt accusantium. Modi sequi deserunt quo at adipisci quis. Dignissimos consequatur quia corporis quisquam.','2002-12-04 18:50:10'),(53,93,53,'fixed','high',1,'ratione','hic','7','3','6','Illum quasi praesentium sit molestiae placeat. Ducimus aut aut consequatur dicta repellat voluptas eveniet non. Laudantium sed rerum molestiae dolorem. Nisi illo animi voluptatem repudiandae nihil.','1989-06-30 20:56:17'),(54,16,91,'fixed','critical',0,'nostrum','beatae','2','2','7','Debitis sequi reprehenderit dolorum eligendi sunt eligendi eius. Expedita necessitatibus amet modi non veniam reprehenderit nam. Necessitatibus fugiat in magni soluta ex id. Ut est facere sint quia libero provident harum.','2007-10-18 00:25:00'),(55,79,72,'vulnerable','high',0,'doloremque','error','7','4','6','Dolorum esse et et. Quos iste assumenda iste ipsa sit a possimus corporis. Accusamus at illum exercitationem velit porro aliquid quia modi. Porro magni est ex ratione ipsa. Sint voluptatem earum adipisci aliquam qui tempora hic.','2013-09-09 10:01:41'),(56,63,9,'vulnerable','very low',0,'eum','atque','2','5','9','Illo ut ut reiciendis et ea quidem. Maxime id quasi non officia reiciendis. Natus dolores quo ab nam exercitationem. Delectus laudantium pariatur modi eveniet in.','1988-09-28 11:55:27'),(57,1,10,'fixed','low',1,'explicabo','qui','2','5','3','Atque nihil esse quia explicabo. Magnam et ipsum at odit. Earum dolor culpa iste debitis.','2010-07-01 08:08:26'),(58,79,10,'not affected','low',0,'sit','et','4','3','6','Fuga neque non repudiandae numquam. Tenetur non mollitia et.','1996-07-27 15:17:43'),(59,69,45,'vulnerable','critical',0,'sequi','id','2','6','5','Sed nihil voluptate adipisci error quidem eos nostrum. Distinctio voluptatem dolores cumque temporibus quidem. Et quis assumenda nihil laudantium vel. Veritatis commodi officia tempore commodi dolores.','1992-10-18 04:41:11'),(60,20,38,'not affected','critical',1,'consequatur','quo','4','2','4','Voluptatum eum ipsum doloremque perferendis nesciunt maiores. Dicta ut omnis ratione nam reiciendis nihil. Earum et distinctio molestias quaerat molestiae.','1987-11-19 00:17:50'),(61,89,84,'not affected','low',0,'itaque','non','8','8','8','Et alias doloremque similique numquam sequi perferendis esse. Voluptatem et animi sit deleniti. Neque aut quaerat laborum maiores. Vel nisi magni molestias fuga.','2014-07-29 18:07:12'),(62,37,27,'fixed','critical',1,'cupiditate','illo','2','8','2','Unde officiis ipsam qui sapiente. Dolor et sequi et animi.','2001-03-31 02:46:49'),(63,25,70,'fixed','medium',0,'recusandae','laudantium','7','2','9','Cumque architecto quo non corrupti iure repellat itaque. Iste eius sint dolores autem architecto omnis omnis amet. Sed ipsam voluptas soluta alias voluptatem.','1986-06-27 14:15:06'),(64,2,60,'fixed','medium',1,'aut','nihil','1','4','5','Odio aut voluptatem quasi quia et eligendi dicta. Voluptas rem harum magnam cumque tempore molestias. Delectus quo alias eius itaque fuga soluta quo.','1976-03-02 07:46:58'),(65,75,59,'not affected','medium',1,'iure','dolorum','3','2','6','Culpa et sint eos eaque blanditiis velit. Voluptatem adipisci esse et possimus incidunt qui ex ea. Soluta voluptatum et omnis. Libero vel et enim placeat possimus.','1981-05-26 01:50:23'),(66,15,66,'not affected','low',0,'et','doloribus','4','7','5','Ut maiores ex quaerat possimus dolor quasi cupiditate. Maxime architecto quas adipisci architecto sint. Voluptatibus eius sint aliquam enim culpa sequi corrupti. Mollitia est saepe saepe molestiae dolor eum consequatur.','2007-10-03 14:57:54'),(67,76,40,'not affected','high',1,'sunt','voluptatem','3','1','1','Explicabo omnis vero quisquam adipisci consequatur occaecati saepe. Nam ut voluptas et necessitatibus earum consequatur et. Sint pariatur sint et consequuntur expedita ut. Et nemo perferendis nihil non dolores.','1977-03-18 08:18:22'),(68,52,75,'fixed','critical',1,'quos','et','9','3','1','Reprehenderit fugit atque fugiat ut possimus. Occaecati voluptate ad sint corrupti. Temporibus quia numquam dolores aut aut.','1975-12-21 03:55:24'),(69,95,49,'not affected','critical',1,'fugit','dolores','1','3','7','Non voluptate unde velit dolor minus eveniet error molestiae. Rerum aut et et aut. Soluta earum beatae harum sapiente ut id. Repellendus officia voluptatem ut quo rerum eum. Aspernatur saepe cum optio aut dolore at asperiores sit.','1983-11-18 11:59:41'),(70,97,22,'fixed','medium',0,'quod','explicabo','3','6','7','Doloribus ut commodi nihil omnis porro voluptatum mollitia perspiciatis. Sed eos corporis inventore ipsam distinctio. Aliquam magnam et quibusdam amet. Itaque fugiat soluta eveniet et nulla consequuntur.','1992-04-10 06:18:32'),(71,55,95,'not affected','low',0,'dignissimos','accusamus','9','6','9','Ex doloremque quos quis est voluptates. Quod officia id necessitatibus asperiores ut nihil. Qui beatae beatae magnam hic ea aliquid iure. Voluptates dolore autem veritatis aliquid soluta.','1981-02-25 14:36:06'),(72,35,57,'vulnerable','medium',1,'et','distinctio','7','4','4','Quis reprehenderit voluptatibus repellat non qui explicabo. Tempore fugiat similique cum quia quidem. Commodi enim odit similique dolor.','1993-08-24 05:09:20'),(73,1,16,'vulnerable','very low',1,'et','ducimus','2','9','8','Expedita voluptatum nihil doloribus voluptatem eius et. Velit nesciunt quae expedita explicabo quos molestias voluptatum. Et fugiat unde ut quos eos ab. Voluptas consequuntur in voluptatem distinctio doloremque nihil.','2013-11-12 03:41:41'),(74,34,20,'fixed','medium',1,'aliquam','voluptatum','6','3','9','Eius dolorem sint error cum enim quo. Voluptatem accusantium delectus aut soluta ipsa ullam quo excepturi.','2015-10-27 07:04:40'),(75,8,17,'not affected','very low',1,'aperiam','et','6','7','5','Dolor illum laudantium dignissimos id adipisci. Non vitae ipsum saepe quod libero eius corrupti. Perspiciatis vel quae doloremque quisquam. Quia vero illum dolorem nihil impedit nobis.','2004-03-05 17:37:55'),(76,27,93,'not affected','high',1,'vero','dolores','7','7','9','Ut eveniet praesentium tenetur accusamus quia quia veniam eius. Distinctio doloremque earum illum dignissimos eum officiis. Sunt pariatur accusantium fuga iure qui. Omnis voluptas autem molestias vitae.','2000-03-27 18:31:36'),(77,100,61,'fixed','very low',1,'voluptatem','unde','8','3','2','Voluptas odit qui veniam. Aut suscipit dolore deserunt inventore. In iusto maxime autem nihil dicta est labore. Optio soluta ab provident in dolorem dolorem nemo aperiam.','1984-03-27 13:02:27'),(78,58,96,'not affected','medium',1,'autem','quas','2','7','1','Praesentium enim adipisci animi et ut. Mollitia rerum quod maiores perspiciatis assumenda. Aliquid quaerat fugiat vero asperiores voluptatem non magni. Ut aut doloremque in aut accusantium enim dolor.','2010-09-21 10:27:22'),(79,18,15,'vulnerable','very low',0,'aut','et','5','8','9','Sint dolores sapiente repellendus nesciunt culpa in vel eveniet. Consequatur hic eum et ex. Iusto iure est sunt asperiores aliquam sed. Dicta corporis eligendi reiciendis sit qui.','2014-02-04 11:15:05'),(80,74,28,'not affected','very low',0,'maxime','corporis','6','9','9','Voluptas nesciunt id inventore in occaecati. Aliquid fuga commodi et dolores.','2012-02-07 11:09:22'),(81,22,10,'vulnerable','critical',1,'autem','et','7','8','1','Sit ut consequatur vitae omnis id. Excepturi aut dolor porro et. Repellat et rem quo rem aut soluta. Reprehenderit excepturi aut labore non dicta saepe.','2000-07-07 13:30:08'),(82,8,84,'not affected','medium',1,'in','minima','7','3','3','Quasi et omnis accusantium qui in totam beatae. Unde rerum alias et iure impedit qui architecto. In aut eaque sint non iusto laborum. Quibusdam rerum et nam quis.','1989-05-04 17:39:41'),(83,42,37,'not affected','critical',1,'et','exercitationem','7','3','9','Non et ut voluptatum maiores nihil doloremque. Et reprehenderit quis velit eius laudantium soluta. Voluptas enim nemo aut nesciunt aut animi.','2005-05-06 15:57:50'),(84,16,62,'vulnerable','high',0,'quisquam','voluptate','8','8','6','Cumque corporis totam eos officia. Repudiandae nostrum et dolor quasi ratione aut. Nisi facere dolorem repellat nihil minima aut. Quasi fugiat odit minima.','2020-07-30 09:18:29'),(85,37,75,'not affected','high',0,'culpa','adipisci','2','7','4','Blanditiis ipsa et voluptatibus nihil id quia impedit hic. Dolorum et nulla quasi eius autem repellendus. Unde et et quam.','1980-01-28 23:46:59'),(86,8,8,'not affected','low',1,'distinctio','quo','3','8','6','Dolores ut et voluptatibus fugiat. Dicta harum eos repudiandae est quaerat dolor. Nihil molestiae labore ab ullam numquam. Voluptatem ab laborum sint.','1987-12-22 18:02:33'),(87,95,70,'fixed','very low',1,'animi','cum','8','6','5','Non consequuntur voluptatem est libero eum. Fugit similique modi a corporis voluptatem. Ex totam in veritatis cupiditate corporis. Eum occaecati debitis ut eum.','1988-10-17 20:45:01'),(88,17,85,'not affected','medium',0,'veniam','laboriosam','9','2','5','In doloremque aliquam excepturi nam et non totam. Dolor dolores laborum porro commodi dolor magni aut. Quidem error sit porro.','2004-04-08 23:37:12'),(89,21,18,'not affected','critical',0,'et','reiciendis','2','1','8','Sit et quos quae dolor tenetur autem ut. Delectus ab molestias culpa illo ipsa vel ut. Officiis sequi voluptate eveniet est ut eligendi.','2014-02-01 22:32:48'),(90,5,15,'fixed','high',1,'autem','aperiam','3','5','7','Et in veritatis consequatur rerum porro saepe voluptate. Ut voluptatem labore vitae omnis repellat. Dolor excepturi est qui ut sequi placeat. Voluptatem eos officia perspiciatis minus modi qui suscipit voluptates.','1990-07-06 00:55:36'),(91,82,23,'fixed','very low',1,'id','nulla','8','4','5','Eius earum est aut voluptatem molestiae dolores debitis. Quo repellendus eum repellat esse quaerat repudiandae suscipit. Ut nihil ut consequatur quibusdam molestias excepturi ut ex. Dolores enim tenetur nemo vero voluptatibus animi.','1990-09-02 03:30:46'),(92,3,1,'not affected','low',1,'et','facilis','5','3','8','Et ut qui qui autem voluptates rerum laborum. Quidem possimus maxime et laboriosam facilis eaque qui. Nobis provident possimus ex in expedita aperiam.','2012-07-21 00:32:52'),(93,22,41,'fixed','high',1,'perspiciatis','dolorem','1','7','4','Reprehenderit dolorum ipsa deserunt vel veniam id nihil reiciendis. Explicabo deleniti est veritatis molestiae quasi et. Voluptas aliquam et facilis velit esse eos.','1978-12-11 16:06:10'),(94,15,92,'vulnerable','low',0,'vel','qui','6','2','6','Facere sed aut temporibus veniam. Officiis nesciunt expedita ex tempore et deserunt.','2019-06-22 01:40:22'),(95,81,61,'vulnerable','critical',0,'quo','atque','1','1','6','Corrupti dignissimos assumenda aut. Sapiente omnis voluptate ullam reiciendis. Nihil nulla praesentium veniam et ab.','1979-02-22 22:15:20'),(96,60,100,'not affected','medium',1,'et','dolores','5','2','5','In autem perferendis similique qui dolorem eveniet soluta. Ut omnis est enim ducimus expedita esse cum.','1977-09-27 08:46:04'),(97,51,58,'fixed','medium',1,'sequi','repudiandae','2','1','7','Assumenda sint voluptas quis aut consequatur sunt delectus. Illo aut incidunt consequuntur.','1999-02-05 09:14:39'),(98,54,100,'fixed','low',0,'eligendi','dolorum','4','8','4','Nihil iure ex rem. Magnam et vel nemo dolor provident. Praesentium molestiae error qui laudantium quaerat.','2005-02-21 22:11:04'),(99,84,74,'vulnerable','high',0,'fuga','expedita','6','7','3','Numquam tenetur repudiandae est eum. Tempore fugit libero ut exercitationem quisquam saepe rerum reprehenderit. Molestias molestias molestiae nostrum non. Porro a dolore dignissimos quis commodi.','2006-01-24 17:07:53'),(100,77,6,'fixed','low',0,'voluptate','explicabo','8','5','8','Quibusdam dolore sit sit illo aut vero odit. Voluptatum ut nisi placeat impedit velit perferendis sed. Aut voluptatem et dolores perspiciatis. Accusamus quae esse qui quos quis omnis amet.','2004-05-06 21:51:37');
/*!40000 ALTER TABLE `security` ENABLE KEYS */;
UNLOCK TABLES;

--
-- Temporary table structure for view `top_comments`
--

DROP TABLE IF EXISTS `top_comments`;
/*!50001 DROP VIEW IF EXISTS `top_comments`*/;
SET @saved_cs_client     = @@character_set_client;
SET character_set_client = utf8;
/*!50001 CREATE TABLE `top_comments` (
  `id` tinyint NOT NULL,
  `username` tinyint NOT NULL,
  `title` tinyint NOT NULL,
  `number` tinyint NOT NULL
) ENGINE=MyISAM */;
SET character_set_client = @saved_cs_client;

--
-- Temporary table structure for view `top_newsmakers`
--

DROP TABLE IF EXISTS `top_newsmakers`;
/*!50001 DROP VIEW IF EXISTS `top_newsmakers`*/;
SET @saved_cs_client     = @@character_set_client;
SET character_set_client = utf8;
/*!50001 CREATE TABLE `top_newsmakers` (
  `(SELECT username FROM wiki_users WHERE id=author_id)` tinyint NOT NULL,
  `number` tinyint NOT NULL
) ENGINE=MyISAM */;
SET character_set_client = @saved_cs_client;

--
-- Table structure for table `wiki_bodys`
--

DROP TABLE IF EXISTS `wiki_bodys`;
/*!40101 SET @saved_cs_client     = @@character_set_client */;
/*!40101 SET character_set_client = utf8 */;
CREATE TABLE `wiki_bodys` (
  `id` int(10) unsigned NOT NULL AUTO_INCREMENT,
  `subtitle` varchar(100) COLLATE utf8mb4_unicode_ci NOT NULL COMMENT 'Подзаголовок',
  `body` text COLLATE utf8mb4_unicode_ci NOT NULL COMMENT 'Сама статья',
  `author_id` int(10) unsigned NOT NULL COMMENT 'id автора',
  `editors` varchar(255) COLLATE utf8mb4_unicode_ci DEFAULT NULL COMMENT 'Список редакторов',
  `created_at` datetime DEFAULT current_timestamp(),
  `last_update` datetime DEFAULT current_timestamp() ON UPDATE current_timestamp(),
  PRIMARY KEY (`id`),
  KEY `wiki_bodys_author_id` (`author_id`),
  KEY `wiki_bodys_subtitle_idx` (`subtitle`),
  CONSTRAINT `wiki_bodys_author_id` FOREIGN KEY (`author_id`) REFERENCES `wiki_users` (`id`)
) ENGINE=InnoDB AUTO_INCREMENT=101 DEFAULT CHARSET=utf8mb4 COLLATE=utf8mb4_unicode_ci;
/*!40101 SET character_set_client = @saved_cs_client */;

--
-- Dumping data for table `wiki_bodys`
--

LOCK TABLES `wiki_bodys` WRITE;
/*!40000 ALTER TABLE `wiki_bodys` DISABLE KEYS */;
INSERT INTO `wiki_bodys` VALUES (1,'Est aut officiis eos quia nesciunt atque blanditiis.','Debitis et et nulla commodi minus. Et ea aliquid qui dignissimos quibusdam quos magnam architecto. Iste ipsum consequatur recusandae voluptatem mollitia dolorum. Aliquid et perspiciatis soluta sit.',28,'Hic dolorum voluptatem consequatur facilis amet qui.','1975-09-14 19:57:38','2019-11-19 15:19:33'),(2,'Iste quam ut id rerum ut adipisci vel.','Repellendus fuga pariatur non consequatur ducimus ea. Quia aut consequuntur quidem inventore iure. Est enim nobis ipsa corrupti alias earum.',97,'Animi laborum officia aut.','1996-04-08 18:58:17','2019-11-28 03:43:55'),(3,'Assumenda rerum laborum voluptatem fugiat error adipisci.','Veritatis veritatis ducimus enim quibusdam. Et enim fugiat maiores non totam laboriosam. Dicta dolore architecto ad explicabo.',48,'Porro explicabo perspiciatis odio dolores voluptatibus rem et.','2004-11-07 20:18:00','2020-04-02 20:17:46'),(4,'Sed voluptates consequatur ipsum rerum.','Quo accusamus nihil ullam aut. Dicta dignissimos eveniet adipisci sunt beatae quo. Qui ut eos sint nihil quos quibusdam. Omnis perspiciatis id dolores.',100,'Et vel optio voluptas dolor aspernatur officia.','1977-02-19 10:18:28','2019-08-25 22:02:49'),(5,'Dolorum et ut perferendis repudiandae nobis dolorem velit est.','Ex doloremque soluta suscipit alias dignissimos voluptas. Sed vel dolor est dolores. Omnis accusamus a quos accusamus voluptas.',38,'Quos repellendus vel facilis molestiae velit molestias.','2002-09-14 23:33:49','2019-11-04 09:10:11'),(6,'Qui aut asperiores voluptate quo magnam ipsa.','Numquam ducimus dolore deleniti et nulla aut voluptatem. Totam illum dolores consequuntur iste sapiente eos ut. Eligendi ut et libero nihil numquam sint odit. Aperiam ducimus eligendi nesciunt et deleniti laboriosam. Labore libero fugiat eligendi aliquam deleniti.',91,'Corporis ex quam ut similique voluptatem minus architecto reprehenderit.','2014-07-22 23:41:54','2019-09-04 20:56:56'),(7,'Minima ab consequuntur excepturi voluptate.','Soluta eos in temporibus esse autem. Dolores sint officiis nostrum perspiciatis voluptatem. Exercitationem ipsa error et voluptatem exercitationem vel quis. Doloribus doloribus quasi fugiat quis vel vero perferendis.',34,'Vel ducimus ut ut suscipit ad consequatur.','2008-12-24 16:36:26','2020-04-16 01:49:22'),(8,'Amet nemo beatae nesciunt velit ullam labore eligendi sed.','Qui quia sapiente doloribus tempore omnis non velit. Nostrum consequuntur molestiae ipsum nobis fugiat est in. Perferendis consequatur nihil sed sed eius qui cumque. Nobis esse aut quia laboriosam consectetur.',16,'Velit unde magni natus odit omnis et.','1976-04-26 19:46:29','2020-03-25 17:40:48'),(9,'Explicabo incidunt incidunt aperiam deleniti autem aut aut magnam.','Officiis alias modi dolores dolor. Impedit aut voluptas eveniet itaque. Iure excepturi voluptatibus iure blanditiis voluptatem. Voluptas sint dolor commodi veniam ut. Ad sunt temporibus ducimus earum.',8,'Ut nesciunt dolore aspernatur voluptatibus occaecati eos.','1972-02-22 21:43:40','2019-10-18 19:17:52'),(10,'Molestiae aut iusto cum ut pariatur blanditiis totam vero.','Quos ducimus eius ea voluptatem consequatur. Minus assumenda itaque dolorem exercitationem quis. Voluptatem sed repudiandae illum id dolor.',22,'Fugiat consequuntur fugit sapiente ab saepe omnis sed.','1977-11-30 16:54:12','2020-06-28 18:56:45'),(11,'Delectus iure ea nam placeat et eum eius.','Qui id ut necessitatibus voluptates ipsam et dolor dolores. Cum velit reiciendis maxime. Qui inventore iure iure ea rerum fuga vel numquam.',75,'Dolores ea asperiores unde sit quisquam voluptatum iusto.','1980-04-18 15:27:53','2020-08-25 01:55:27'),(12,'Quia voluptas minus delectus praesentium.','Dolores ut eum illo. Totam soluta natus distinctio enim odio. Necessitatibus eveniet officiis dolorem iusto omnis facilis ducimus. Provident laboriosam quae maiores saepe sit provident libero.',91,'Delectus aut sunt qui enim enim.','2016-11-26 23:30:14','2020-02-01 15:57:48'),(13,'Ad deleniti mollitia magnam qui vel.','Sint non expedita tempore qui. Eum quia fugit laudantium. Ullam non necessitatibus minima exercitationem non quia dignissimos. Officiis reiciendis iste eos voluptatum saepe et.',33,'Voluptates sunt quam aut quidem ea quis non.','2010-04-26 15:27:09','2019-09-02 05:07:53'),(14,'Ratione sapiente tempora blanditiis sunt.','Quo beatae quam impedit quo. Doloribus veniam quasi aspernatur reiciendis velit maxime.',63,'Qui accusantium beatae recusandae sint aliquid aut ex qui.','1975-07-03 14:35:39','2020-07-12 22:01:25'),(15,'Temporibus sapiente sit non.','Impedit eligendi repudiandae labore rerum laudantium. Error dolores ut est labore consequatur accusantium.',59,'Eligendi recusandae velit autem assumenda maiores.','1999-05-12 17:17:56','2020-06-10 11:03:05'),(16,'Qui vitae qui delectus nihil a dicta.','Cupiditate velit consectetur repellat hic. Sequi fugiat reprehenderit consectetur quia ea. Inventore et eveniet autem et quia. Autem in est corporis.',48,'Et quo soluta velit non itaque.','1973-06-27 01:50:34','2020-06-22 08:05:57'),(17,'Sed voluptas inventore veniam recusandae.','Quia placeat est est. Explicabo debitis minima expedita veritatis corporis qui fugit. Inventore vel voluptatem dolores facere. Quisquam ut sequi consequatur eius voluptate facilis ut voluptas.',11,'Quia aspernatur aut voluptatem error eos ipsa.','1995-06-14 00:48:05','2019-12-27 13:16:30'),(18,'Dolor excepturi et molestiae consequatur recusandae delectus assumenda.','Qui corporis dolor ipsum voluptatibus quo in sit. Non odio qui nostrum est voluptatibus. Tenetur omnis doloremque at enim at et.',42,'Ea nisi ut tempore aut.','2015-06-21 21:20:04','2019-10-05 16:14:41'),(19,'Enim provident quasi at nihil voluptatem necessitatibus expedita molestiae.','Ipsa ipsum consequuntur quo neque ipsam modi autem. Laboriosam quod magni qui consequatur. Sit iste optio mollitia exercitationem quaerat. Dolore blanditiis architecto adipisci non laborum.',29,'Nobis corporis laudantium maxime eum.','2010-02-09 06:00:43','2020-07-14 22:46:50'),(20,'Quo illum quia vel dolor vero.','Neque nobis velit rerum et est praesentium quia et. Eum nulla ut ipsam et quos dolores. Repudiandae voluptatum totam placeat porro. Aspernatur sed magnam soluta in occaecati totam.',89,'Maxime earum tempore unde ut illo.','1982-02-23 20:16:58','2019-12-08 07:22:30'),(21,'Voluptatem fugit ut voluptatum aut expedita illo qui.','Est consequatur non qui illo aut tempore. Repellat perferendis ducimus aliquid. Perferendis qui in eos eum ad ut corrupti. Numquam in rerum nostrum eius. Dolore laborum qui ipsa enim dicta.',4,'Debitis consectetur assumenda corrupti fuga.','1986-09-27 10:32:18','2020-05-28 13:54:55'),(22,'Tenetur assumenda quisquam aliquam aut.','Nihil et deleniti modi quae est dolor. Autem vel minima voluptas quis eius. Eos reiciendis blanditiis aut et deserunt placeat dolor.',36,'Porro ut et nihil.','1975-02-07 14:41:19','2019-10-19 21:32:41'),(23,'Fugiat pariatur quo reiciendis eos iure deserunt vel.','Blanditiis facilis consequuntur assumenda voluptas est vero autem ut. Repellendus repellendus ut dolorem alias. Autem voluptatem accusamus sed et asperiores delectus.',100,'Architecto quia fugiat beatae quasi doloribus qui.','1977-12-27 07:26:50','2019-09-05 18:48:29'),(24,'Est quae eveniet repudiandae temporibus sunt voluptates explicabo.','Ut culpa perspiciatis id eius eligendi eaque. Enim nesciunt praesentium consequuntur vel similique expedita nisi. Nemo excepturi dolor ex tenetur.',38,'Esse reprehenderit et repellat quod iusto sit.','1973-05-24 13:03:42','2019-09-23 06:48:37'),(25,'Nisi id doloremque voluptatem assumenda voluptatem in omnis.','Velit dolore expedita beatae ratione illo sit nisi. Rerum tempore ipsa dicta. Quibusdam aspernatur voluptate aspernatur pariatur.',81,'Commodi et ea similique possimus quia qui sapiente qui.','2000-04-09 09:58:42','2020-07-03 01:58:55'),(26,'Corporis debitis magni sunt vel accusantium perferendis.','Aut et hic ullam maiores fugiat. Non eos aut occaecati. Et aut debitis ea quis impedit unde omnis. Facilis id quas et ea alias molestiae nemo. Earum placeat nam molestiae suscipit.',24,'Et animi deleniti non dolore commodi quibusdam.','2010-11-04 05:19:05','2020-02-27 14:24:25'),(27,'Sit vitae et aut fugit.','Modi nam aut delectus doloribus molestiae dolorum. Est eius numquam illo.',89,'Architecto exercitationem in rerum aut quibusdam.','2019-06-04 11:26:50','2020-01-09 09:53:02'),(28,'Est unde harum veritatis molestiae quidem maxime.','Non accusantium culpa corrupti nisi praesentium quia. Non quidem temporibus culpa. Fugit et consequatur enim neque. Dolores saepe perferendis incidunt omnis.',62,'Consequuntur quia dignissimos veritatis ea voluptatem aliquid aspernatur.','1987-11-20 09:08:45','2020-02-02 16:24:06'),(29,'Dolorem ullam doloremque eius reiciendis corrupti.','Est ea ut similique blanditiis expedita. Consequatur repellat occaecati ipsam voluptatem. Quia saepe est dicta ea. Iusto dolores error doloribus labore totam voluptatem.',43,'Id voluptate eveniet officia possimus voluptates unde cupiditate vitae.','1973-03-30 13:07:01','2019-11-25 03:55:19'),(30,'Consequatur porro est qui iure illum.','Mollitia deserunt totam quia quis. Unde hic sapiente atque possimus minus in modi vero. Deserunt et eos dignissimos voluptatibus ut totam fuga.',92,'Delectus temporibus sit quasi nihil ex.','2008-05-08 17:50:27','2020-07-13 10:46:04'),(31,'Corrupti ut totam tempora assumenda perspiciatis consequatur.','Dolor deleniti laborum ex aut in. Odio qui tenetur sunt. Quo repellendus tempora qui ad. Iure ratione et blanditiis ut voluptate in.',77,'Odit quia aut architecto rerum est eius tenetur.','2009-10-20 02:33:24','2020-06-13 20:12:15'),(32,'Fugit fuga necessitatibus ratione minus quis.','Explicabo quia est et eveniet sit fugit. Cum fugiat iste ea voluptatem odit maxime nostrum. Aut esse sint dolor sint aut accusantium sit. Ut quidem praesentium adipisci.',74,'Adipisci qui tempora accusantium et.','1999-02-11 06:40:36','2019-12-16 05:50:19'),(33,'Ipsam veritatis et at doloremque.','Debitis animi ducimus ducimus provident. Qui provident dolores eos ex maiores earum. In qui voluptas aut sit minus. Ut eius aperiam molestiae aspernatur quae voluptatem earum deleniti.',60,'Consequuntur eius eos asperiores in.','2017-01-01 22:56:36','2020-06-06 14:57:19'),(34,'Sequi eos corrupti est reiciendis.','Eligendi quo facere optio ut. Fugiat expedita ut veritatis aspernatur omnis repellat. Maiores explicabo quis occaecati repellat. Velit natus velit voluptas corrupti quo enim consequuntur.',87,'Quas cupiditate ad est modi voluptate.','1997-06-22 07:39:42','2019-09-07 02:23:25'),(35,'Earum eum at minima voluptas sed hic.','Magni ducimus officiis dolores non nostrum pariatur. Qui quidem molestiae quos impedit et omnis occaecati. Ipsum sit similique ea.',81,'Minus aut eos amet recusandae enim hic.','2005-11-15 00:07:15','2020-01-12 05:41:27'),(36,'Et minus fugiat sapiente vero magni debitis ut omnis.','Id ut animi enim cum aliquid rem. Iste et quisquam natus. Repellat totam commodi alias enim perferendis illum magnam.',43,'Harum nostrum voluptatibus dolorum eum dolorum ut soluta sed.','2015-03-06 19:12:21','2020-05-28 07:46:47'),(37,'Et vel modi explicabo itaque provident accusantium minima.','Omnis necessitatibus ea quam. Vel dolores voluptatibus et. Et qui voluptatibus ipsa ut itaque et sunt. Ipsum amet corporis sed nihil dolorem.',61,'Molestiae dolorem suscipit et et et excepturi.','1987-12-02 02:49:06','2020-05-10 06:01:23'),(38,'Corporis ratione explicabo optio sit cupiditate.','Sequi provident corrupti nulla accusantium aut. Beatae ipsum sit vel recusandae voluptatibus ut consectetur nesciunt. Amet ut quaerat voluptas sed voluptatem deserunt soluta consectetur. Quis assumenda commodi accusamus rerum quis esse quia cum.',96,'Voluptatem ad voluptas asperiores.','1988-10-28 02:12:16','2019-10-07 03:19:29'),(39,'Natus id quia cumque ipsam ut.','Occaecati nesciunt et dolor veniam. Eum labore voluptatem voluptas aut porro voluptas aperiam. Ut qui dolorem eius culpa facere veniam. Et quidem ut dolorum impedit quibusdam veniam sed.',36,'Amet sit in optio sapiente pariatur.','1972-09-30 23:29:11','2019-11-16 11:32:43'),(40,'Accusamus est repellendus ea voluptatem expedita aperiam velit.','Vel omnis earum sit accusantium. Dolores eos ipsum qui facere voluptatibus enim nesciunt.',45,'Incidunt pariatur et ipsam dicta culpa saepe temporibus consectetur.','1989-10-15 02:03:00','2019-11-05 16:34:17'),(41,'Molestiae nihil non qui debitis nihil.','Libero est eum modi optio esse incidunt. Odio qui est earum voluptates totam aut praesentium. Porro quia quia veniam animi repellat vitae sit veniam. Quia et dolor voluptatem accusamus quis sed. Qui assumenda occaecati quod illum adipisci consectetur repudiandae.',4,'Sunt sit saepe qui voluptatibus pariatur voluptas esse minus.','1977-02-08 08:12:29','2019-10-31 21:32:36'),(42,'Nobis aut dignissimos laudantium sunt ducimus rerum.','Aspernatur ut iste cupiditate accusantium tempora asperiores ducimus. Iure consequuntur ex natus delectus nam asperiores. Dolores sit ab accusantium blanditiis. Quaerat laborum est voluptatem.',77,'Iure libero reprehenderit quidem fugiat repudiandae.','2005-12-15 10:59:27','2020-03-12 07:40:49'),(43,'Non repellat enim repellat asperiores recusandae.','Aut amet laudantium architecto reiciendis modi repudiandae dolorem. Ut praesentium quo dolores voluptatem aspernatur sed illum. Eum ut suscipit laborum et.',36,'A facilis ipsa et minus quasi rem.','1988-04-08 02:46:12','2019-10-05 12:23:03'),(44,'Incidunt aut consequuntur ad et quia modi.','Sunt accusamus distinctio iure ad ea. Esse et sed qui. Dolores eum sapiente libero dolores. Vitae sapiente sunt ducimus et.',59,'Commodi nihil facere sit cupiditate.','2014-01-17 17:34:03','2020-04-06 00:50:58'),(45,'Commodi fugiat nihil corporis accusamus quia et praesentium neque.','Et cumque est dolore aut maiores aperiam nostrum doloremque. Quam ut commodi omnis et.',98,'Tempore quae autem sit dolor.','1982-09-09 01:51:45','2020-02-05 17:32:34'),(46,'Nemo voluptates dolorum in omnis suscipit at tempora.','Consectetur et nisi provident minima officiis aut qui. Labore ea ratione dolor eum.',15,'Et perspiciatis dolorum ex neque amet.','1972-07-16 04:10:21','2020-08-01 11:47:17'),(47,'Nam blanditiis accusantium qui.','Aliquam soluta nobis consectetur. Qui libero animi ea ducimus quae quia.',56,'Non sunt enim quia nulla.','1976-02-19 19:17:30','2020-03-29 19:35:35'),(48,'Alias incidunt ut a rerum.','Cumque consectetur sit autem laudantium ipsa vel ad. Aut voluptatem aliquam voluptatibus impedit praesentium enim.',15,'Perferendis distinctio quia est omnis eius et.','1990-01-19 23:21:31','2020-01-23 22:57:06'),(49,'Iste accusantium quasi voluptates qui quo.','Minus voluptatem modi at dolores commodi possimus corporis. Vel rerum dolores ut sed ad. Error ea quisquam placeat quisquam aperiam qui. Expedita magnam assumenda enim.',23,'Optio expedita suscipit sed quisquam tempore quas sit.','1991-12-28 23:01:51','2019-12-13 16:21:14'),(50,'Quo ab et eos et sequi dignissimos.','Aut doloremque deserunt illo et labore commodi. Hic rerum consequatur beatae vel delectus fuga. Molestias est ea repellat ut quia sed sit.',19,'Minus dolorem qui provident sequi commodi cupiditate sint.','1998-03-18 13:14:22','2019-10-29 13:10:19'),(51,'Voluptatibus qui ut optio modi.','Id alias quas repellat quidem ut numquam autem. Sunt laborum aut nemo a eveniet non. Eaque mollitia aspernatur vero error ut.',51,'Pariatur libero voluptas veniam ex ducimus.','2003-01-24 13:36:06','2020-04-05 22:06:55'),(52,'Sint et qui quidem ipsam inventore doloremque.','Veritatis dolorem accusamus est quam. Unde in est ut fuga. Rerum odit explicabo vitae nulla sequi beatae.',20,'Ut id voluptatem inventore fugit est perferendis.','1989-06-25 17:26:18','2020-02-18 10:01:59'),(53,'Maxime fuga natus quo nisi libero consequatur voluptatum.','Placeat quae quia velit distinctio vitae et quis. Nihil aperiam dolorem consequuntur. Eum adipisci est esse esse animi reprehenderit. Delectus id aut commodi nobis dolore.',9,'Nihil sit dolore omnis ipsum reiciendis excepturi molestiae.','2008-05-21 04:44:26','2019-10-31 16:48:58'),(54,'Dolores nihil ipsa quia.','Voluptas velit beatae aliquid nihil sunt a quis. Et laborum harum velit ad cumque reiciendis. Facilis sed quia unde molestiae. In eius sint reiciendis inventore ab. Dolores enim veniam voluptatibus beatae.',54,'Laboriosam sed veniam autem nulla dolorum sint repellat.','1984-11-05 04:10:06','2019-12-15 21:53:00'),(55,'Et ullam ducimus incidunt fugit a.','Aut sit nesciunt et aliquam distinctio amet. Ipsa non quo quae dolores soluta corrupti recusandae. Debitis atque aliquid quae rerum atque. Dolorem inventore est aut veritatis. Eos id quas illum quia aut voluptatem inventore.',43,'Perspiciatis consequatur quia qui ducimus labore vel sunt.','1978-09-10 11:42:33','2020-02-23 02:16:10'),(56,'Harum ut amet quam magnam cupiditate enim nobis.','Et ab consequuntur voluptas in commodi. Dolores voluptas laudantium rerum tempora aut nulla. Expedita repellat omnis ut non nulla est. Quo est omnis quam pariatur.',17,'Occaecati dolores dolor atque qui ut quae repudiandae.','2007-02-17 00:23:59','2019-09-30 09:12:43'),(57,'Magnam dolor debitis eaque voluptatibus numquam blanditiis.','Odio ut ipsum qui corrupti. Non atque voluptatibus sit aperiam non.',95,'Odit repudiandae molestiae velit consequatur dolor aliquid.','1984-03-29 20:24:31','2020-01-01 21:41:44'),(58,'Cupiditate tempora iure earum doloremque.','Eligendi ipsam sequi voluptas ea. Incidunt eos velit recusandae voluptatem iste aliquam. Nisi aliquam qui non similique quo veniam vel dolorem.',84,'Sapiente voluptatem qui est sunt et.','1984-12-20 23:07:22','2020-06-29 04:01:14'),(59,'Dolores libero reprehenderit sint ut et libero nemo.','Qui voluptate accusantium iure commodi ipsum possimus quos. Commodi eos at provident facere fugit totam vitae. Non et reiciendis provident aut beatae aut recusandae neque. Autem amet ut pariatur aperiam assumenda expedita.',46,'Voluptatibus earum deleniti fuga ipsum.','2003-06-07 19:19:15','2020-01-22 03:46:42'),(60,'Aut ut enim inventore qui modi quisquam.','Animi fuga eveniet mollitia vitae et. Voluptates qui facilis vel architecto rem. Nihil qui porro sit ut omnis. Voluptas sint rerum ut quo.',30,'A cumque et ducimus rerum velit.','2009-04-07 02:41:50','2019-11-25 15:57:09'),(61,'Perspiciatis numquam minus sit accusantium nihil hic.','Itaque sed quaerat odit quibusdam rerum vel. Et numquam recusandae ipsam sit dolores qui. Ea aut cumque voluptatem consequatur nihil temporibus. Necessitatibus nobis eveniet distinctio nobis.',66,'Error ducimus architecto alias dignissimos.','1993-08-25 21:58:14','2019-11-17 01:52:19'),(62,'Magnam sint molestiae ut consectetur voluptas dignissimos.','Dolorem labore quo atque rerum. Laborum expedita quos autem ea. Facere sit ut aperiam ut laudantium. Asperiores dolorem dicta sunt beatae debitis et enim.',76,'Error ea sed ut sint tenetur mollitia.','1999-03-10 08:59:31','2020-04-21 20:08:36'),(63,'Corporis aliquam officia perferendis esse eveniet.','Id molestiae ex possimus ut ea perspiciatis et. Est quam et fugiat deserunt rerum sint quasi. Maiores similique ut numquam consequuntur corrupti ullam. Autem dolor incidunt vitae excepturi illo et.',10,'Eos est ut sint neque quo.','2014-08-19 12:04:47','2019-09-26 00:43:40'),(64,'Veritatis enim esse non ut iusto est et.','Consequuntur debitis placeat tenetur saepe. Adipisci laborum aliquid assumenda dolorum nobis.',33,'Odit molestiae qui provident.','2009-07-29 03:33:40','2019-10-06 00:42:35'),(65,'Est dignissimos nihil laudantium dicta voluptas.','Hic id ullam distinctio. Harum autem incidunt doloremque ad.',11,'Quod sint consequuntur autem non atque repudiandae ut dolor.','1972-06-08 20:06:57','2019-10-25 15:12:16'),(66,'Dolor minima voluptatem atque rerum.','Dignissimos architecto placeat consequuntur at impedit sed voluptatem. Exercitationem deleniti reiciendis ea. Magni at beatae sunt officiis odit. Velit quis earum est qui perspiciatis ut rem deleniti.',45,'Suscipit praesentium eius veniam rem.','1985-12-07 20:52:40','2020-02-08 14:00:08'),(67,'Quam cumque omnis enim sapiente sed asperiores debitis.','Veniam dolores eum repellendus sunt voluptatem ipsam illum. Provident sequi molestiae unde aliquid omnis optio. Ad sint eaque nesciunt nulla delectus veniam quod. Doloremque odio veritatis non laboriosam ipsa molestiae.',5,'Ipsa enim est dolor rerum et esse.','1999-01-06 15:15:15','2019-10-19 18:00:45'),(68,'Sed nam odio id omnis.','Qui quis ipsam omnis ut dolorum pariatur. Velit enim velit non a cumque. Deleniti provident ducimus et dolores magnam ea animi.',74,'Aut maiores illum beatae.','1976-10-07 18:31:39','2019-11-02 04:38:18'),(69,'Illo vitae rem eum totam quis assumenda.','Et dolorum iure dolores error omnis error. Cum voluptate sint eveniet numquam. Commodi corrupti dignissimos dolorem soluta illo.',29,'Rem tempora aut eveniet cumque.','1992-12-26 09:30:43','2020-01-15 00:50:58'),(70,'Et in qui ex officiis.','In similique dicta est nihil a. Quia suscipit deleniti voluptas dolore delectus accusantium illo. Aut earum sint accusantium corrupti saepe maiores.',43,'Non sed placeat et beatae voluptatem fugiat.','2002-06-16 02:50:19','2020-05-15 01:54:00'),(71,'Omnis consequatur ut quasi ut.','Est exercitationem vero molestiae vel. Magnam esse consectetur qui fugit. Veritatis eum quas velit dolorem veritatis.',88,'Ea nesciunt vel quia nostrum est.','1971-08-01 12:59:44','2020-03-14 03:54:12'),(72,'Nihil iste vel facere harum architecto est laudantium.','In cum est quia hic. Commodi et in voluptas porro pariatur vero dignissimos facere. Doloremque quas accusantium odit consequatur explicabo deleniti.',72,'Quibusdam quas cumque dolores vitae id porro.','2010-09-08 22:24:28','2020-04-20 20:35:09'),(73,'Sint autem non cum ut.','Voluptatibus nobis iure molestias. Est minima quisquam cumque consequatur. Quos enim ut placeat dolor nihil.',16,'Optio iusto ut corrupti sed.','2001-01-06 08:23:28','2019-10-07 18:24:31'),(74,'Suscipit cupiditate et quo dolore ipsum autem.','Provident dolores fuga sint eligendi nostrum. Doloribus et nemo exercitationem possimus. Nostrum sit fuga non labore.',53,'Alias quibusdam sed dolore molestiae necessitatibus vel.','2013-04-06 21:01:07','2020-07-28 23:59:33'),(75,'Amet dolorem ut qui quaerat voluptates.','Ipsa sed sed eaque quia. Aliquam distinctio ut sit impedit molestiae nesciunt non. Consequatur et et ab aliquam. Nihil et voluptas iste porro sint.',30,'Soluta totam suscipit esse qui mollitia dolor.','1996-08-15 04:53:34','2020-02-10 17:43:16'),(76,'Qui necessitatibus praesentium doloremque neque inventore aut nihil unde.','Dolores iusto quas veniam dolorem consequuntur nobis. At velit fuga nesciunt. Tenetur atque autem amet et.',50,'At ut ducimus accusamus non enim reprehenderit distinctio sint.','1982-12-14 06:11:35','2020-05-03 23:38:08'),(77,'Ut nemo iure corporis aut nemo itaque possimus doloremque.','Quas tempore qui laudantium et. Occaecati nobis ut adipisci minima eius.',10,'Qui et laborum distinctio distinctio.','2018-10-13 01:02:25','2020-05-31 18:34:12'),(78,'Ut quidem nesciunt voluptatem.','Nulla dolorem id quia earum qui. Esse quis error possimus accusantium eos quis. Corporis fugit non aut ipsa perferendis illum sint. Sint repellat nesciunt fuga ut.',16,'Dignissimos consequatur dolores labore cupiditate quos eligendi perferendis.','1975-06-11 03:26:02','2019-12-08 20:45:41'),(79,'Delectus reiciendis quaerat at adipisci laudantium eaque hic.','Voluptatum eum et consequatur. Aut quasi quo suscipit veritatis doloribus velit vitae.',61,'Error porro expedita doloremque quia fuga non exercitationem.','2013-02-05 06:34:33','2019-10-16 12:03:56'),(80,'Sunt natus sint et incidunt quo.','Ullam quis omnis velit voluptatibus impedit veritatis. Nam harum vel ea et ut. Voluptas eum dolor illum repellendus.',7,'Perspiciatis aut libero facilis omnis voluptatibus occaecati.','1988-06-15 21:43:13','2020-03-07 03:08:23'),(81,'Est facilis accusamus vitae soluta incidunt nisi ex.','Nihil recusandae dolores optio. Quis ut amet mollitia nam nesciunt et. Officia est consequuntur qui velit impedit sapiente. Mollitia nihil sed cupiditate animi a.',6,'Quia non consequatur ipsa adipisci.','2015-04-01 23:23:45','2019-09-04 06:11:10'),(82,'Nostrum totam eius voluptatibus sint ullam.','Placeat consectetur quasi laborum consequatur qui atque. Autem fuga laudantium quo. Est saepe doloremque neque cupiditate officiis. Aliquam cupiditate placeat aliquam ut similique quia pariatur.',2,'Dolorum mollitia totam suscipit distinctio est alias quae.','2013-07-08 12:13:39','2019-11-07 06:40:26'),(83,'Voluptatem est est quis non adipisci.','Quidem aliquam est impedit expedita et fugiat aut. Nostrum iure sint dolores. Maiores enim eos est est earum sed ipsum. Laborum enim doloribus distinctio omnis. Mollitia non similique ut sunt quis et.',23,'Qui non qui numquam.','1986-04-24 17:28:51','2020-02-17 03:16:25'),(84,'Natus eaque et accusamus eveniet perspiciatis necessitatibus praesentium.','Sunt architecto assumenda quia temporibus saepe et. Magnam mollitia eos et eos velit cupiditate repellendus impedit. Rerum iusto dolorum nemo. Dolorem nostrum molestias perferendis quis illo. Voluptas nam hic in cum distinctio est et.',29,'Non itaque et nemo ut.','1971-02-08 23:19:31','2020-02-24 11:07:02'),(85,'Sapiente odit aut impedit aliquid at consequatur.','Quia iste voluptatem accusantium quae beatae eligendi. Eos incidunt est animi voluptas assumenda voluptate.',35,'Praesentium ut asperiores est saepe perferendis.','1988-10-09 01:08:41','2020-06-24 10:08:02'),(86,'Nesciunt ad non officia autem ullam sint sit.','Quidem aut saepe sed ex vitae. Dicta veniam temporibus alias nobis libero. Soluta in aut facere at sed in. Excepturi rerum libero itaque repellendus.',96,'Et perferendis deserunt sed vel.','1991-10-05 09:22:39','2020-08-01 07:17:45'),(87,'Illum eaque doloremque consequatur id reiciendis.','Voluptas dolorum vero quas quaerat. Aut fugiat rerum fugiat nostrum tempore perferendis maiores. Qui quo praesentium quia sint. Id at placeat aliquid est.',23,'Mollitia quam amet nemo ullam eos.','2017-12-13 21:14:43','2019-11-04 11:48:11'),(88,'Nihil molestiae minima exercitationem facilis ea quibusdam sint.','Voluptatum in dicta ipsam numquam voluptatem. Omnis qui debitis dolor voluptatem. Veniam explicabo est ut.',7,'Est eos dignissimos et qui.','2014-04-04 13:59:05','2019-11-19 05:41:12'),(89,'Aut officia nisi accusantium in et velit.','Rerum eaque ab nobis sunt iste. Est quo maxime sequi optio nam blanditiis. Est enim ipsam veniam dolorum tenetur.',97,'Excepturi quia enim qui omnis rem.','2003-02-09 19:58:58','2020-02-05 04:14:23'),(90,'Architecto totam ea placeat et.','Accusantium iure quam quia fugiat nostrum veritatis. Magnam ex occaecati nihil quos expedita quia adipisci. Corrupti molestias explicabo ea quidem enim. Ea eaque maiores ut inventore ut.',44,'Sint aut atque qui nemo.','2009-08-10 11:45:05','2020-01-17 12:41:27'),(91,'Consequatur ad in officia saepe deserunt ex.','Ratione ratione provident et nobis perspiciatis et. Suscipit repellendus placeat et nobis laboriosam rerum totam. Nihil vel molestiae qui velit omnis minus libero. Molestiae sed eveniet nulla ut nostrum.',45,'Est eos alias voluptatibus fugit aut eligendi accusantium optio.','1984-10-31 11:34:55','2020-03-02 14:53:13'),(92,'Eveniet nobis et dolore soluta sint.','Animi quis sit voluptate nisi. Provident autem ut ut quidem alias iste ea. Aliquam nemo ut voluptatem molestiae.',69,'Deleniti aut sit eius asperiores aut repellendus cum et.','2001-11-17 02:24:03','2019-11-09 17:37:41'),(93,'Iste cum non aut error nostrum voluptas voluptas est.','Explicabo odit molestiae nulla reprehenderit aliquam. Quam reprehenderit est repudiandae provident nesciunt corporis omnis. Ut quisquam alias ducimus sit adipisci. Vitae amet exercitationem illum accusamus.',76,'Quo minima officiis cumque recusandae illum voluptatum.','1976-05-28 07:20:08','2020-08-02 03:35:52'),(94,'Itaque labore eius quidem et ut est itaque.','Tenetur maxime molestias aut optio perspiciatis vero. Doloremque aspernatur explicabo sequi. Rem quidem incidunt ad facere quo cum excepturi. Vel similique voluptatem sed nulla. Molestias aut non hic aperiam tempore praesentium corporis.',53,'Blanditiis aut praesentium voluptatem suscipit ut assumenda repellat.','1992-05-05 13:56:20','2020-05-19 14:52:36'),(95,'Sunt doloribus suscipit suscipit eveniet nisi.','Quo provident saepe rerum eveniet natus officia omnis. Aspernatur debitis et velit sed deserunt dolore incidunt. Consequuntur numquam ducimus dolor molestias sed. Et est enim id quaerat voluptas quisquam eos.',46,'Et incidunt molestias facilis aut at quia nihil.','2003-10-10 06:16:14','2019-12-14 18:40:35'),(96,'Beatae ut quod ratione maiores.','Aut repudiandae dolores explicabo eius. Ut eveniet quod debitis animi est voluptatem. Enim accusantium quis itaque qui.',12,'Dolorem ipsum laborum quia rerum impedit.','1970-09-29 07:27:28','2020-03-29 19:17:39'),(97,'Harum eum rerum quibusdam.','Labore illo cumque voluptatum. Beatae nam eum quas et. Autem pariatur sint accusantium quos ex. Suscipit adipisci excepturi quis est assumenda deserunt nesciunt. Sit et cumque repudiandae omnis et nam.',78,'Pariatur molestias provident a ad.','1979-08-31 12:31:35','2019-09-28 01:36:12'),(98,'Odio et omnis facere aut beatae tenetur dolor.','Aut recusandae mollitia quo cupiditate. Architecto corrupti autem reiciendis et et. Repellat velit iusto quo incidunt. Amet necessitatibus possimus quo aut eum voluptatem.',13,'Aut temporibus saepe deserunt.','2006-09-06 06:50:54','2020-03-12 03:26:56'),(99,'Minima distinctio sit ex quia accusamus quia.','Harum quos velit in. Sed molestiae et eius alias autem sint inventore quos. Veritatis adipisci quae voluptatem eum ratione non quis consequuntur. Quia sed rerum at et in culpa suscipit ducimus.',26,'Error officia ipsam harum tempora.','1998-11-21 22:23:04','2019-11-17 14:20:11'),(100,'Facere sit quis nihil quae.','Aspernatur ut modi amet sequi. Nemo nulla at quas. Sequi facere hic sequi fuga aut nesciunt.',65,'Provident voluptas tenetur fuga eligendi laudantium placeat molestias.','2016-08-09 21:25:18','2019-11-13 05:39:42');
/*!40000 ALTER TABLE `wiki_bodys` ENABLE KEYS */;
UNLOCK TABLES;

--
-- Table structure for table `wiki_contents`
--

DROP TABLE IF EXISTS `wiki_contents`;
/*!40101 SET @saved_cs_client     = @@character_set_client */;
/*!40101 SET character_set_client = utf8 */;
CREATE TABLE `wiki_contents` (
  `id` int(10) unsigned NOT NULL AUTO_INCREMENT,
  `category` enum('Arch linux','FAQ','Installation guide','General recommendations','List of applications') COLLATE utf8mb4_unicode_ci DEFAULT NULL COMMENT 'Категория статьи',
  `title` varchar(100) COLLATE utf8mb4_unicode_ci NOT NULL COMMENT 'Заголовок статьи',
  `author_id` int(10) unsigned NOT NULL COMMENT 'Кто создал',
  `body_id` int(10) unsigned NOT NULL COMMENT 'Ссылка на таблицу со статьями',
  `created_at` datetime DEFAULT current_timestamp(),
  PRIMARY KEY (`id`),
  KEY `wiki_contents_author_id_fk` (`author_id`),
  KEY `wiki_contents_body_id_fk` (`body_id`),
  KEY `wiki_contents_title_idx` (`title`),
  CONSTRAINT `wiki_contents_author_id_fk` FOREIGN KEY (`author_id`) REFERENCES `wiki_users` (`id`),
  CONSTRAINT `wiki_contents_body_id_fk` FOREIGN KEY (`body_id`) REFERENCES `wiki_bodys` (`id`)
) ENGINE=InnoDB AUTO_INCREMENT=31 DEFAULT CHARSET=utf8mb4 COLLATE=utf8mb4_unicode_ci;
/*!40101 SET character_set_client = @saved_cs_client */;

--
-- Dumping data for table `wiki_contents`
--

LOCK TABLES `wiki_contents` WRITE;
/*!40000 ALTER TABLE `wiki_contents` DISABLE KEYS */;
INSERT INTO `wiki_contents` VALUES (1,'Arch linux','Dicta qui repellendus magni rerum.',70,8,'2013-02-03 07:25:31'),(2,'FAQ','Placeat qui atque optio cum quia omnis delectus consequatur.',14,21,'1974-01-19 20:56:45'),(3,'FAQ','Itaque aliquid ea id odio odit velit.',40,59,'1992-03-29 15:18:38'),(4,'FAQ','Et unde voluptas tempora omnis sed aut soluta.',47,50,'1982-09-20 07:49:40'),(5,'Installation guide','Nam non earum qui.',26,2,'2001-04-13 17:59:35'),(6,'List of applications','Molestias omnis vel aut placeat ad dolor.',71,66,'2015-07-18 15:12:54'),(7,'Arch linux','Et quia beatae et ut.',97,11,'1976-09-26 20:33:48'),(8,'Installation guide','Voluptatibus enim quia labore soluta dolorem tempore.',87,83,'1996-05-15 23:59:06'),(9,'Arch linux','Voluptatibus quibusdam corrupti voluptatem sunt temporibus maiores est.',80,81,'2010-07-03 15:08:49'),(10,'Arch linux','Delectus maiores sed officia excepturi provident.',70,79,'1983-02-28 00:35:01'),(11,'General recommendations','Perferendis quas sit vel qui reiciendis doloribus.',23,90,'1982-08-19 10:51:16'),(12,'List of applications','Ducimus quibusdam dolorem exercitationem itaque.',93,23,'2011-10-28 05:35:59'),(13,'Installation guide','Sint dignissimos nihil eos aut qui eum.',36,29,'2003-11-05 08:01:56'),(14,'FAQ','Quam itaque facilis consequatur.',66,23,'1976-06-15 18:25:12'),(15,'General recommendations','Inventore eos laudantium pariatur facilis qui quis.',45,44,'1992-02-04 04:40:37'),(16,'General recommendations','Commodi laboriosam expedita tenetur nihil.',53,59,'1991-03-31 04:07:11'),(17,'Installation guide','Error quia consequatur sunt officia.',71,75,'1981-12-11 11:18:20'),(18,'Installation guide','Natus dolorem minus eligendi ut.',52,21,'1983-01-03 09:57:54'),(19,'FAQ','Dolorem voluptatem sunt aut expedita rerum.',94,69,'1992-06-26 04:18:05'),(20,'General recommendations','Rerum explicabo veritatis debitis est est non asperiores.',33,63,'2010-12-21 15:46:45'),(21,'Installation guide','Sit consequatur nam ipsam maxime doloribus amet autem.',2,13,'1999-12-15 19:30:20'),(22,'FAQ','Molestiae quia commodi vitae suscipit aut et.',43,47,'2009-11-28 02:19:56'),(23,'List of applications','Commodi magnam saepe ipsam et voluptas.',29,3,'2005-01-23 20:42:36'),(24,'FAQ','Et consectetur tempora aut consectetur non recusandae corrupti.',33,55,'2018-04-13 06:23:07'),(25,'Arch linux','Eveniet consectetur laboriosam harum maxime animi non.',91,96,'2012-08-25 06:48:41'),(26,'General recommendations','Earum qui dolorum placeat nihil non.',38,9,'1996-05-12 14:09:53'),(27,'Arch linux','Vel sed quis ut suscipit facilis blanditiis quia.',3,69,'1991-06-11 05:31:09'),(28,'Installation guide','Officia ipsa natus et accusantium debitis aliquam.',36,66,'2009-02-24 11:47:31'),(29,'FAQ','Eos et quo molestiae laboriosam praesentium.',67,53,'1974-02-07 13:58:04'),(30,'Arch linux','Inventore illum numquam sunt autem quo mollitia adipisci.',66,32,'2003-01-10 09:29:54');
/*!40000 ALTER TABLE `wiki_contents` ENABLE KEYS */;
UNLOCK TABLES;

--
-- Table structure for table `wiki_groups`
--

DROP TABLE IF EXISTS `wiki_groups`;
/*!40101 SET @saved_cs_client     = @@character_set_client */;
/*!40101 SET character_set_client = utf8 */;
CREATE TABLE `wiki_groups` (
  `id` int(10) unsigned NOT NULL AUTO_INCREMENT,
  `name` varchar(100) COLLATE utf8mb4_unicode_ci NOT NULL COMMENT 'Имя группы',
  `created_at` datetime DEFAULT current_timestamp(),
  `updated_at` datetime DEFAULT current_timestamp() ON UPDATE current_timestamp(),
  PRIMARY KEY (`id`)
) ENGINE=InnoDB AUTO_INCREMENT=11 DEFAULT CHARSET=utf8mb4 COLLATE=utf8mb4_unicode_ci;
/*!40101 SET character_set_client = @saved_cs_client */;

--
-- Dumping data for table `wiki_groups`
--

LOCK TABLES `wiki_groups` WRITE;
/*!40000 ALTER TABLE `wiki_groups` DISABLE KEYS */;
INSERT INTO `wiki_groups` VALUES (1,'exercitationem','1990-04-07 04:34:52','2019-10-18 08:17:02'),(2,'esse','1994-08-03 18:49:54','2020-04-04 02:22:31'),(3,'et','2019-07-14 04:54:54','2020-04-23 23:56:34'),(4,'nostrum','2005-02-09 04:56:52','2019-09-16 02:19:28'),(5,'et','1998-07-01 16:49:28','2019-11-28 17:14:37'),(6,'et','1994-04-05 09:37:26','2020-03-16 04:11:00'),(7,'voluptate','1992-06-08 10:29:53','2020-08-18 02:50:19'),(8,'eos','1985-07-09 22:16:51','2020-07-01 00:27:23'),(9,'voluptatum','1980-08-02 22:07:18','2019-10-21 18:54:03'),(10,'et','1988-10-18 14:22:21','2019-09-21 00:20:43');
/*!40000 ALTER TABLE `wiki_groups` ENABLE KEYS */;
UNLOCK TABLES;

--
-- Table structure for table `wiki_users`
--

DROP TABLE IF EXISTS `wiki_users`;
/*!40101 SET @saved_cs_client     = @@character_set_client */;
/*!40101 SET character_set_client = utf8 */;
CREATE TABLE `wiki_users` (
  `id` int(10) unsigned NOT NULL AUTO_INCREMENT,
  `username` varchar(100) COLLATE utf8mb4_unicode_ci NOT NULL COMMENT 'Никнейм пользователя',
  `password` varchar(100) COLLATE utf8mb4_unicode_ci NOT NULL COMMENT 'пароль',
  `email` varchar(100) COLLATE utf8mb4_unicode_ci NOT NULL COMMENT 'эл. почта',
  `group_id` int(10) unsigned NOT NULL COMMENT 'Ссылка на таблицу групп пользователей',
  `number_of_edits` int(10) unsigned DEFAULT NULL COMMENT 'Количество правок вики документов',
  `real_name` varchar(255) COLLATE utf8mb4_unicode_ci DEFAULT NULL COMMENT 'Реальное имя пользователя',
  `created_at` datetime DEFAULT current_timestamp(),
  PRIMARY KEY (`id`),
  KEY `wiki_users_group_id_fk` (`group_id`),
  KEY `wiki_users_username_idx` (`username`),
  KEY `wiki_users_email_idx` (`email`),
  CONSTRAINT `wiki_users_group_id_fk` FOREIGN KEY (`group_id`) REFERENCES `wiki_groups` (`id`)
) ENGINE=InnoDB AUTO_INCREMENT=101 DEFAULT CHARSET=utf8mb4 COLLATE=utf8mb4_unicode_ci;
/*!40101 SET character_set_client = @saved_cs_client */;

--
-- Dumping data for table `wiki_users`
--

LOCK TABLES `wiki_users` WRITE;
/*!40000 ALTER TABLE `wiki_users` DISABLE KEYS */;
INSERT INTO `wiki_users` VALUES (1,'koelpin.camille','19ba10ff94708bfa87464c171d049ffcdb84fecb','helene.lynch@example.org',4,806,'Kip McLaughlin','2015-12-30 19:12:48'),(2,'griffin60','ef16d9de1d9b71310962a58d2e8ba009ada24237','fae93@example.com',5,466033954,'Prof. Chanelle Gutmann','2014-04-02 15:36:00'),(3,'delbert47','587ef58977a5278171cecb6edb13312dd69a3c17','hammes.coralie@example.org',9,937,'Tianna Anderson','1988-10-10 13:33:57'),(4,'rolando.marvin','0a2c1fb8f6adfa93dc6349e19674a4f9da119b2b','rosenbaum.palma@example.com',7,124018,'Mertie Maggio','2011-04-22 22:08:26'),(5,'loma.williamson','c4ff186f905b24fe4bc3a3d37bc07a8399ff70a9','velda.robel@example.com',6,5198850,'Luisa Yundt','2019-04-22 04:12:01'),(6,'johnson.cristopher','09c53003c39c2854af541c06545f1a2e43dca984','champlin.cornell@example.com',8,69,'Vincenza Mitchell','1990-12-24 12:40:29'),(7,'samanta68','1130e9e18a1e7d793d420132d41296f876eb87bd','einar41@example.org',10,5587,'Lesley Schuster','2000-01-30 23:43:19'),(8,'d\'amore.diamond','dc1b2bcb22a8dba78805f3d4ac6e78556d49a8dd','waelchi.rosie@example.com',10,65539140,'Keeley Sanford','2001-06-16 08:49:56'),(9,'breitenberg.shemar','acf8ae80ee68e6fd9d21f618679bbb70f44e6a83','koch.eddie@example.org',4,159,'Shanie Jerde','2015-06-23 16:27:39'),(10,'melyna.connelly','942ce68b4ff5582b29d1eb7b4b58c50603aa2446','tterry@example.com',7,2596,'Berniece Kovacek','1978-10-16 08:19:32'),(11,'dhoppe','ed04362f976d81ecdea849a06bd6f912d4964421','lewis14@example.com',9,21,'Kamren Ryan','2004-06-22 07:42:42'),(12,'greg65','5efb054dcbe3fe9270f1e5dbe433535479664aa1','viva.pfeffer@example.org',10,1,'Amina Steuber','1980-03-24 11:23:34'),(13,'corkery.taurean','3ce442be29cfac2c976d1cd64e4a1b0638489ee1','reta.bosco@example.net',6,650058,'Lillian Sauer','2015-08-04 23:31:17'),(14,'chadd.keeling','f89e443ab72ba89578be6ff1f1d06187b92adf42','consuelo.reinger@example.org',7,9649,'Anahi Corkery','1986-07-27 19:52:25'),(15,'hazle.jacobson','8ad62d13cbbec81a45865e4361709380cc765bf4','mabelle.kirlin@example.net',1,98023,'Kianna Donnelly','1999-06-27 05:52:53'),(16,'connor.turcotte','9e8648c6fd7f3b4a6b6c28d4db4f430d45fd7afa','ghalvorson@example.net',2,33933024,'Magdalen Rosenbaum','1993-05-15 10:21:17'),(17,'o\'reilly.giovanni','5c24cf1a1c2492cceaeea7492665f68e50c67c05','naomie.waters@example.net',2,866151,'Ms. Ofelia Franecki','2016-07-18 23:27:15'),(18,'kuhic.eliseo','d0e62792e59dc54524759a1367ef56825425f3ce','evalyn89@example.com',6,4,'Jorge Mitchell','1970-10-12 04:00:56'),(19,'zrussel','decb907aa69e22f6c38370400ef0d2b0d30389d8','colleen.dietrich@example.com',2,40539937,'Reinhold Leuschke','2011-11-23 03:15:42'),(20,'kerluke.evalyn','77c5d41926475cfaacc314daaf8cdfb0ce9f4bb2','jack.ankunding@example.com',10,32549661,'Clarissa Bernier MD','1989-09-21 23:10:38'),(21,'ptrantow','e5a306580b8791a94de0d627ffb1660348f83961','ecrooks@example.com',5,375,'Kaylin Schultz','1971-10-16 01:13:58'),(22,'klein.pinkie','f602da1c12075cc98a62e0dcc1dad7fb96298e5a','lori37@example.com',4,250687668,'Karl Oberbrunner','1975-07-03 13:21:46'),(23,'bkilback','f5da263f85de41e63149668e337a3cff698bb919','treutel.johnnie@example.net',4,3034318,'Cory Donnelly','2015-12-23 01:51:00'),(24,'rowe.sydnie','fb84d8f0cf4da6003a5d1f8bb64e0f381eeb9200','torrance.aufderhar@example.com',4,45,'Dr. Aaliyah Mayert II','2000-06-25 21:38:49'),(25,'monahan.horacio','875c80e7f1bdfd084adbb7baeb2ddb21b196a9ce','hintz.maudie@example.com',6,2389,'Erick Dare','2006-04-12 05:42:33'),(26,'doyle.bethel','741b87dbdc3ab00c2511613109561ff78ea32542','malvina70@example.net',6,156003660,'Prof. Zack Kiehn Sr.','2002-10-09 18:46:18'),(27,'polson','acd91b854cea062dec95ed76c2ca6d017388a59a','hackett.jamal@example.net',5,43,'Mr. Johnny Hamill','2016-05-19 20:54:49'),(28,'cdare','adf1b5bb67778354cc8b16ea5bb5efefc0abd580','carroll.rose@example.com',1,821048,'Weldon Rice','1984-10-03 07:44:23'),(29,'daniel.cortney','fa2aef3da2c91901177a2236c2e23e085bcc1a2c','gabrielle54@example.net',9,4,'Prof. Emelie Purdy','2013-06-12 14:02:26'),(30,'cjones','e6d1d39d2112d3514219442f322b46bfd0b290b8','buckridge.carolanne@example.org',8,80,'Mr. Maxwell McClure','1974-09-27 10:33:04'),(31,'gerda.kling','b29fd012dd808bc9c97bdc5e02ec29790847cc90','nella.von@example.net',3,762,'Sid Sauer V','1973-10-16 00:02:50'),(32,'labadie.hollis','49b0e07c1be2083d47ef4f40fde18b0df6650313','vanessa65@example.com',3,63483,'Desmond Powlowski','1995-12-16 04:28:19'),(33,'rlubowitz','e1f1eefc626e420f203b17ee325a827be9b30867','melvin.feest@example.org',3,35846,'Grady Schmeler','1987-04-25 09:50:53'),(34,'nolan.lilla','62622a6327506ced69c10693c48eae353de43dbc','lizzie81@example.com',2,2017267,'Dr. Adolfo Breitenberg','2008-09-28 19:49:37'),(35,'leola.bechtelar','cf9b1232a3a0c366f4cb49094902d83b25dd56e5','xgrant@example.org',9,344,'Prof. Lue Mohr Jr.','1980-12-16 17:56:21'),(36,'o\'kon.toby','6f5932b29493825bcb2682df15294e843e711078','lmurphy@example.org',8,29138917,'Graciela Leffler','1983-03-27 08:25:46'),(37,'arvilla.lockman','253a29fb3ea0a173a866189477912a2613b6dbb4','ruecker.noble@example.net',10,7230023,'Prof. Wilfrid Blick DVM','1988-08-15 13:15:24'),(38,'laurie15','509f7ff6f4ae656dfc4ad5d31aa0caee848f70c8','kyleigh42@example.org',8,3,'Ms. Maryse Fadel','1983-01-15 01:34:10'),(39,'nia33','86ec72d303197fbf8b04449a689b5caf73637406','hilton39@example.org',7,1781230,'Beaulah Wyman','2011-12-10 21:24:23'),(40,'cloyd36','728c98ed0efed3936d1746f3edcf5db69c532aba','larkin.joany@example.com',4,56957,'Jarrett Swift','2007-09-29 05:19:05'),(41,'nickolas29','0a6f7959558c6aedfcf2751766ebaa4f42fcaae9','ronny.bogan@example.net',4,2,'Kim Predovic DDS','2014-12-20 20:59:04'),(42,'triston.stracke','80a086d733090cd21d5d7b1ec9bd33bf630d28a7','corene.gleichner@example.org',6,5631,'Juliana Schultz','2003-12-25 22:55:38'),(43,'zosinski','df94daf860dbdf9105bd350494639a19beefbb28','damien.waters@example.net',3,9091655,'Annette O\'Kon V','2004-08-27 20:36:50'),(44,'kabshire','fb5afacb758ed7f4be1b65c3df6d1ae5f81a8edb','ugerlach@example.org',10,0,'Curtis Davis','1985-02-03 02:40:02'),(45,'brown.marlon','1420eb32d0ffff7682ea0618e2d354da067430a9','stanford23@example.org',3,5765900,'Meagan Erdman','1982-06-07 04:59:24'),(46,'elubowitz','6abd0d43bff654950a8a3fd50d3d75c128d18a72','ycrona@example.org',4,0,'Prof. Nolan Kling Sr.','2020-01-20 04:19:45'),(47,'ycorkery','e5aa124075ce0be6e14af56ca98b8df56dfeb714','tobin.leuschke@example.com',1,49,'Grayce West','1970-01-01 00:01:36'),(48,'fstehr','9382e2501209d181491238c7ab1785ea4d1dbf1e','drunolfsson@example.org',4,13750,'Antonette Smitham','1987-01-22 07:25:30'),(49,'bashirian.carlie','803cab567b10c05a7a2b7263666929f6a8fb597c','manuela.okuneva@example.org',10,659,'Ernie Schulist','2015-04-03 22:44:47'),(50,'onie.moen','1c677e02f9069c5b2ccbe459a0d30874d8d4ea27','uwillms@example.com',3,848387,'Dr. Frederick Hilll III','1992-04-20 17:01:06'),(51,'olarkin','22f274c0e543476d65c672657fae12e83cb1c22d','o\'hara.audie@example.org',3,69516,'Ms. Mattie Kuhn','1987-01-11 16:58:21'),(52,'alf.keebler','f9b7f77136320fe2f583bd9325a851b744c30db8','dare.alana@example.net',4,188224877,'Dr. Okey Terry','1981-08-07 06:55:05'),(53,'sberge','eefb3c2a5444472d03fb8547829f644aba1762d9','hailee.kuphal@example.org',7,7567,'Retha Stoltenberg','2006-02-11 01:18:17'),(54,'katelin.volkman','a3707bc2b52db9cfac8ab876e1452fe992228cfb','fstrosin@example.com',7,77970152,'Clara Ryan','1975-10-28 11:15:52'),(55,'fkovacek','b87c54f72933623d5d056ca86d7de4b2e51fe064','rschaden@example.net',8,946716528,'Prof. Larry Schaden','1971-09-03 15:04:04'),(56,'genoveva.rice','0799f369d234878418350675dcc19cd96674ffb4','prudence.marvin@example.net',3,29571912,'Otto Hermiston','1971-08-28 14:06:35'),(57,'consuelo70','277deede855a9c3c3e1496cdc301f25cc6766f7b','schneider.lenny@example.com',2,220593529,'Prof. Jeromy Hartmann Jr.','2018-10-17 09:12:59'),(58,'abbott.madyson','ec53146922c54edcb9d7cb5e4ec9d2cc095a6fa3','tressa.sipes@example.com',2,66,'Mr. Andrew Davis IV','2010-12-26 12:41:26'),(59,'schristiansen','0df2e6939fee8f1c24ca6cfaaa2f4a8e9f9b1e91','mekhi20@example.org',3,2153339,'Dr. Miracle Watsica DDS','1988-08-05 17:20:08'),(60,'darrel61','8a2960e23215a3800f737fa53fa8a0914ccd8645','shermann@example.net',1,853,'Ernestine Swaniawski','2006-06-21 00:45:25'),(61,'jodie93','f60643c50b00d23b6f3e14cb4441328198d6aee3','yheathcote@example.com',10,43,'Javier Casper','2016-12-16 02:30:51'),(62,'rickey.cummings','220d93083d6a704fa5eebcea2397810a3321706b','missouri.connelly@example.org',6,0,'Chloe Schuppe I','1984-03-29 17:57:37'),(63,'dina61','7da1ade56e7841d33c2a64f9c7739b9cd4395df6','forest58@example.net',4,626,'Mrs. Charity Simonis','1977-04-18 01:17:33'),(64,'cassin.sonya','12ca1d676ccdd10641b4a7cc6b431722c4a25554','estelle13@example.org',3,35,'Consuelo Stamm PhD','1980-08-05 15:22:39'),(65,'erin62','29501eb17131fa272203d16f46ed8f5bfa246dc0','xaufderhar@example.net',8,13238,'Francis Zemlak','2008-08-21 07:10:12'),(66,'anne.donnelly','27bd83ae17d6a18810c2d6375c7b4352b809783f','marques01@example.net',2,649532,'Prof. Grady Koch','2018-10-29 07:23:14'),(67,'lee25','facd47d19c288b4076df0ed1e50aea4028272634','ramona75@example.org',10,4345683,'Giovanni Rempel','1998-01-23 23:06:58'),(68,'baumbach.carlee','6620f1906c558790cec32e29ac5059a0d21ea429','elda73@example.com',7,786797,'Dr. Kenny Wolff','2008-02-28 15:15:37'),(69,'lon49','87c969bf18611932f8cb3742ef2a243fe1fc8124','schinner.carlos@example.com',10,8688724,'Ed Kemmer','1986-07-11 02:43:59'),(70,'jeramie.ebert','8725108bf50c7071eca5d89fb024b44eb94089f0','chesley.reilly@example.org',7,98,'Santa Gleason','2016-08-26 10:38:28'),(71,'jchamplin','0a34a829d787ee0e1cfd25100554f40739663921','arvid13@example.com',10,43,'Otto McGlynn','2004-08-10 07:56:11'),(72,'emoen','7b01a6d138427e846038c4200a79007b66147338','goodwin.ally@example.net',4,36,'Abigail Pagac','1994-09-12 03:26:36'),(73,'emorissette','c829cf921f935bda7bb0653241684870e8b1c03c','uriel.von@example.org',2,77985,'Katharina Heller','2009-10-18 10:36:22'),(74,'do\'conner','57b7390dde33ca719c3fc43edb70fc435f1976e9','qnitzsche@example.org',3,106594,'Jamison Becker','2012-09-14 22:14:09'),(75,'heller.davon','0030c922a0088775702264d32698241511baf079','fritsch.edwin@example.org',3,0,'Lewis Johnston','2017-10-08 23:32:48'),(76,'mwisozk','da975c6e3440879ad84e0ca361f90df14f5cf1e1','xvandervort@example.com',4,9772,'Aileen Leuschke','1977-07-16 04:48:49'),(77,'hilll.cody','a32d83eaf8d5ad967ce537f851993bdc6ba09f0a','hkuhic@example.com',7,52,'Darrion Simonis PhD','1971-12-28 09:45:20'),(78,'growe','25ec54e24a74a1abf117dfc59c42f8a06ef0db6b','enid31@example.net',4,1652250,'Darryl Shields','2008-12-07 04:46:05'),(79,'danielle.thiel','74dfe0198403fc5482502f78676ab70d1791d122','gwolf@example.net',8,39537,'Millie Botsford','2016-09-03 05:05:35'),(80,'hirthe.aleen','12a5d16ee69e7832f27d769f2e3b74206c107c51','royal.bernier@example.net',7,837732,'Dr. Taurean Bauch','2015-08-16 14:43:08'),(81,'maudie.mosciski','84b3f9f3d8292a008dd566554f9b228d2733f033','rupert.turner@example.org',7,42933,'Therese Bauch III','2005-11-30 08:00:09'),(82,'jast.carmela','d5b775d10c77082a4e651139670dfaf41a35a36b','gideon.hodkiewicz@example.org',10,7,'Karine Weber','2012-08-18 00:33:22'),(83,'corwin.thurman','6675debcb205580a32d8fd4fa180d97972bc860c','mraz.edwardo@example.net',1,4,'Carissa Bruen','2007-06-03 22:55:24'),(84,'carroll.ibrahim','f346d688f4b3f69da8491f06c61e263002293c50','curtis.feest@example.com',3,6041,'Prof. Sherwood Vandervort','2008-03-11 07:33:49'),(85,'hilpert.oral','8a30ef131fb00b7a350440fddd5e2d931774c0c0','smitham.cleta@example.net',7,1232350,'Elliot Stiedemann MD','2013-01-06 11:28:05'),(86,'von.angelita','950340911d5b5d2b8e0350e90e2475552d8a9f28','btorphy@example.net',8,809885,'Mr. Garnet Paucek','1990-03-21 19:55:58'),(87,'beier.amaya','15889ed2c341102bd6b77616df59ecc8f2c9d5ab','skeebler@example.net',5,322862763,'Keara West','1978-07-17 19:19:24'),(88,'franco32','b77af138199785e4bcf668adeeefa5e634e53090','jalon.emmerich@example.net',9,59359,'Malinda Waters','2016-06-12 18:42:34'),(89,'timothy.douglas','381c36f38acb391902824b2aa962fdb3956ebf96','satterfield.stone@example.com',10,679776317,'Arthur Becker','1973-08-26 04:23:39'),(90,'swaniawski.savanna','c2bbf6177498afa8b33d8dcf4e383b3a7c6bc677','nitzsche.amber@example.com',8,30,'Willy Tillman','1999-06-29 22:05:35'),(91,'clara40','8069f2679c91ae915718cf6319697b88c7e09a4a','abbie53@example.org',9,6,'Jacquelyn Mohr','2013-03-02 07:39:44'),(92,'maybell66','8a853072db0dcaeba0a294d8efdd37e9114cb6c7','nelle08@example.org',10,46880,'Gennaro Balistreri V','2014-05-30 12:19:28'),(93,'jaron.dare','6d149b9312473770830213131194a9f94de8c239','tyson.schinner@example.net',4,0,'Emmanuelle Streich','2014-03-12 20:30:53'),(94,'roderick.reichert','b1d929f9d79b0c8bf065fa5d7e2865c325869a1e','cfunk@example.com',3,49,'Prof. Zoe Bogisich','1990-03-21 01:03:07'),(95,'alarkin','78f28abfce5fb23aae58c106e67a840ce451132d','xkiehn@example.com',2,785593,'Leo Aufderhar','1999-02-07 12:40:21'),(96,'manuela.dietrich','0219bf8cc50237b764d117e9e5e601c8040b68a8','kozey.dakota@example.net',2,34083375,'Jesse Prosacco','2016-09-01 09:35:46'),(97,'alice14','85ccef672a4c04340c83ef85850fbf8ebca71dad','kertzmann.dawson@example.org',4,833,'Pauline Goodwin','2010-12-29 06:17:31'),(98,'antonio.harvey','932146f168d6a5880bd5643851433175edb74ba4','zgleason@example.com',2,4351408,'Olga Homenick','2010-08-02 14:27:38'),(99,'nathan.dach','c01296d282b33c4e97ee98f02d3337d6f947cd0e','angela50@example.org',9,8391236,'Oran Langosh','1979-03-20 02:46:12'),(100,'ewell.roberts','c62849a4da4a49cc26f5225dbcd40f6abf2a783c','hettinger.heber@example.net',4,619735,'Dr. Cleora Kemmer','1974-11-18 13:58:34');
/*!40000 ALTER TABLE `wiki_users` ENABLE KEYS */;
UNLOCK TABLES;

--
-- Final view structure for view `top_comments`
--

/*!50001 DROP TABLE IF EXISTS `top_comments`*/;
/*!50001 DROP VIEW IF EXISTS `top_comments`*/;
/*!50001 SET @saved_cs_client          = @@character_set_client */;
/*!50001 SET @saved_cs_results         = @@character_set_results */;
/*!50001 SET @saved_col_connection     = @@collation_connection */;
/*!50001 SET character_set_client      = utf8mb4 */;
/*!50001 SET character_set_results     = utf8mb4 */;
/*!50001 SET collation_connection      = utf8mb4_unicode_ci */;
/*!50001 CREATE ALGORITHM=UNDEFINED */
/*!50013 DEFINER=`root`@`localhost` SQL SECURITY DEFINER */
/*!50001 VIEW `top_comments` AS select `forum_posts`.`id` AS `id`,`fu`.`username` AS `username`,`forum_posts`.`title` AS `title`,count(`fc`.`id`) AS `number` from (`forum_users` `fu` left join (`forum_comments` `fc` left join `forum_posts` on(`forum_posts`.`id` = `fc`.`post_id`)) on(`fu`.`id` = `fc`.`author_id`)) group by `forum_posts`.`title` order by count(`fc`.`id`) desc limit 10 */;
/*!50001 SET character_set_client      = @saved_cs_client */;
/*!50001 SET character_set_results     = @saved_cs_results */;
/*!50001 SET collation_connection      = @saved_col_connection */;

--
-- Final view structure for view `top_newsmakers`
--

/*!50001 DROP TABLE IF EXISTS `top_newsmakers`*/;
/*!50001 DROP VIEW IF EXISTS `top_newsmakers`*/;
/*!50001 SET @saved_cs_client          = @@character_set_client */;
/*!50001 SET @saved_cs_results         = @@character_set_results */;
/*!50001 SET @saved_col_connection     = @@collation_connection */;
/*!50001 SET character_set_client      = utf8mb4 */;
/*!50001 SET character_set_results     = utf8mb4 */;
/*!50001 SET collation_connection      = utf8mb4_unicode_ci */;
/*!50001 CREATE ALGORITHM=UNDEFINED */
/*!50013 DEFINER=`root`@`localhost` SQL SECURITY DEFINER */
/*!50001 VIEW `top_newsmakers` AS select (select `wiki_users`.`username` from `wiki_users` where `wiki_users`.`id` = `news`.`author_id`) AS `(SELECT username FROM wiki_users WHERE id=author_id)`,count(`news`.`id`) AS `number` from `news` group by `news`.`author_id` order by count(`news`.`id`) desc */;
/*!50001 SET character_set_client      = @saved_cs_client */;
/*!50001 SET character_set_results     = @saved_cs_results */;
/*!50001 SET collation_connection      = @saved_col_connection */;
/*!40103 SET TIME_ZONE=@OLD_TIME_ZONE */;

/*!40101 SET SQL_MODE=@OLD_SQL_MODE */;
/*!40014 SET FOREIGN_KEY_CHECKS=@OLD_FOREIGN_KEY_CHECKS */;
/*!40014 SET UNIQUE_CHECKS=@OLD_UNIQUE_CHECKS */;
/*!40101 SET CHARACTER_SET_CLIENT=@OLD_CHARACTER_SET_CLIENT */;
/*!40101 SET CHARACTER_SET_RESULTS=@OLD_CHARACTER_SET_RESULTS */;
/*!40101 SET COLLATION_CONNECTION=@OLD_COLLATION_CONNECTION */;
/*!40111 SET SQL_NOTES=@OLD_SQL_NOTES */;

-- Dump completed on 2020-08-26 17:51:21
